{
  "energy": {
    "variance": 0.00270388831410162,
    "error": 5.199892608604162e-5,
    "mean": -0.6810684680898853
  },
  "spin_stiffness": {
    "variance": 0.09116042540132269,
    "error": 0.00030192784800564965,
    "mean": 0.5572158080071155
  },
  "sqr_energy": {
    "variance": 0.004892556775336288,
    "error": 6.994681390411066e-5,
    "mean": 0.4665581438365163
  }
}
