{
  "energy": {
    "variance": 0.0018863082639912646,
    "error": 4.343165048661246e-5,
    "mean": -0.7261496396558234
  },
  "spin_stiffness": {
    "variance": 0.02866632937524583,
    "error": 0.00016931133859031955,
    "mean": 0.6609595857802103
  },
  "sqr_energy": {
    "variance": 0.0038860976685550033,
    "error": 6.233857287871613e-5,
    "mean": 0.5291796055499652
  }
}
