{
  "energy": {
    "variance": 0.0015433841224413306,
    "error": 3.928592779153027e-5,
    "mean": -0.7474752545086024
  },
  "spin_stiffness": {
    "variance": 0.016087984287637767,
    "error": 0.00012683841802718044,
    "mean": 0.6991182252017464
  },
  "sqr_energy": {
    "variance": 0.003380164460976558,
    "error": 5.813918180518675e-5,
    "mean": 0.5602626386817571
  }
}
