{
  "energy": {
    "variance": 0.0012363832176821286,
    "error": 3.516224136317434e-5,
    "mean": -0.7691528460698185
  },
  "spin_stiffness": {
    "variance": 0.01021017921721134,
    "error": 0.00010104543145145821,
    "mean": 0.7329430250017726
  },
  "sqr_energy": {
    "variance": 0.0028806095315770386,
    "error": 5.3671310134717585e-5,
    "mean": 0.5928324825986007
  }
}
