{
  "energy": {
    "variance": 0.0010599325840785258,
    "error": 3.2556605843953176e-5,
    "mean": -0.7837054536125877
  },
  "spin_stiffness": {
    "variance": 0.0072087715763502124,
    "error": 8.490448501905075e-5,
    "mean": 0.7541260448725411
  },
  "sqr_energy": {
    "variance": 0.002568533881494005,
    "error": 5.068070521898847e-5,
    "mean": 0.6152541695462577
  }
}
