{
  "energy": {
    "variance": 0.0047859558484936,
    "error": 6.918060312322812e-5,
    "mean": -0.5088134539175375
  },
  "spin_stiffness": {
    "variance": 0.4180476735332848,
    "error": 0.0006465660627757112,
    "mean": 0.12402005175313727
  },
  "sqr_energy": {
    "variance": 0.005042869078069212,
    "error": 7.101316130175598e-5,
    "mean": 0.26367708195003176
  }
}
