{
  "energy": {
    "variance": 0.0014725418760451643,
    "error": 3.8373713347096914e-5,
    "mean": -0.7519136959377956
  },
  "spin_stiffness": {
    "variance": 0.0139538821538419,
    "error": 0.00011812655143464529,
    "mean": 0.7069792254243853
  },
  "sqr_energy": {
    "variance": 0.0032675517051045325,
    "error": 5.716250261407851e-5,
    "mean": 0.5668467465423389
  }
}
