{
  "energy": {
    "variance": 0.002273013581913351,
    "error": 4.767613220379094e-5,
    "mean": -0.7051854634433512
  },
  "spin_stiffness": {
    "variance": 0.08750363559825108,
    "error": 0.00029581013437380926,
    "mean": 0.6069855760689918
  },
  "sqr_energy": {
    "variance": 0.0044076412641358585,
    "error": 6.639006901740544e-5,
    "mean": 0.4995595491607138
  }
}
