{
  "energy": {
    "variance": 0.0009131983465318686,
    "error": 3.021917183729343e-5,
    "mean": -0.7970457945453976
  },
  "spin_stiffness": {
    "variance": 0.006464159081613468,
    "error": 8.039999428864076e-5,
    "mean": 0.771993002627338
  },
  "sqr_energy": {
    "variance": 0.002292480449816068,
    "error": 4.7879854321165894e-5,
    "mean": 0.6361951960358379
  }
}
