{
  "energy": {
    "variance": 0.0036678808445222326,
    "error": 6.056303199578298e-5,
    "mean": -0.6359682526415461
  },
  "spin_stiffness": {
    "variance": 0.20302682502934497,
    "error": 0.00045058498091852216,
    "mean": 0.45063623543525927
  },
  "sqr_energy": {
    "variance": 0.005755559899502855,
    "error": 7.58654064742479e-5,
    "mean": 0.4081234955445828
  }
}
