{
  "energy": {
    "variance": 0.0017804051046401786,
    "error": 4.2194846896750065e-5,
    "mean": -0.7315442996309081
  },
  "spin_stiffness": {
    "variance": 0.024161982194560002,
    "error": 0.0001554412499774754,
    "mean": 0.6716854920883348
  },
  "sqr_energy": {
    "variance": 0.0037296029188478436,
    "error": 6.107047501737516e-5,
    "mean": 0.5369374656467107
  }
}
