{
  "energy": {
    "variance": 0.0017040135142541892,
    "error": 4.127969857271476e-5,
    "mean": -0.7365524565169924
  },
  "spin_stiffness": {
    "variance": 0.023317742241991967,
    "error": 0.00015270148081139215,
    "mean": 0.6792856095398464
  },
  "sqr_energy": {
    "variance": 0.0036201696400870796,
    "error": 6.0167845566274675e-5,
    "mean": 0.5442135330114567
  }
}
