{
  "energy": {
    "variance": 0.0022163137652150633,
    "error": 4.70777417174514e-5,
    "mean": -0.7079353580893855
  },
  "spin_stiffness": {
    "variance": 0.04185099540234531,
    "error": 0.0002045751583216919,
    "mean": 0.624749469093938
  },
  "sqr_energy": {
    "variance": 0.004333585178879845,
    "error": 6.582997173689083e-5,
    "mean": 0.5033887827820477
  }
}
