{
  "energy": {
    "variance": 0.003293887915907019,
    "error": 5.7392402945921505e-5,
    "mean": -0.6530961619645622
  },
  "spin_stiffness": {
    "variance": 0.12822307255199558,
    "error": 0.00035808249405967275,
    "mean": 0.4970519731440881
  },
  "sqr_energy": {
    "variance": 0.005453855965237987,
    "error": 7.385022657540048e-5,
    "mean": 0.4298284813948608
  }
}
