{
  "energy": {
    "variance": 0.00115152877028891,
    "error": 3.393418291765561e-5,
    "mean": -0.7762054767441532
  },
  "spin_stiffness": {
    "variance": 0.00963378252738068,
    "error": 9.815183405000987e-5,
    "mean": 0.7430090721614198
  },
  "sqr_energy": {
    "variance": 0.0027333469009699525,
    "error": 5.2281420227170115e-5,
    "mean": 0.6036464697463783
  }
}
