{
  "energy": {
    "variance": 0.00015434384555320036,
    "error": 1.242351985361638e-5,
    "mean": -0.9131172771845758
  },
  "spin_stiffness": {
    "variance": 0.0002771824582845527,
    "error": 1.6648797502659245e-5,
    "mean": 0.910357294959941
  },
  "sqr_energy": {
    "variance": 0.0005128568256037841,
    "error": 2.2646342433244805e-5,
    "mean": 0.8339375055841829
  }
}
