{
  "energy": {
    "variance": 0.0014645102414840812,
    "error": 3.8268920045960025e-5,
    "mean": -0.7522536597804907
  },
  "spin_stiffness": {
    "variance": 0.01472835715407393,
    "error": 0.00012136044311913964,
    "mean": 0.7070897427955165
  },
  "sqr_energy": {
    "variance": 0.003253764585541231,
    "error": 5.704177929852146e-5,
    "mean": 0.5673500774301162
  }
}
