{
  "energy": {
    "variance": 0.0014881806072897367,
    "error": 3.857694398588018e-5,
    "mean": -0.7504942055743532
  },
  "spin_stiffness": {
    "variance": 0.014759618873352597,
    "error": 0.0001214891718358167,
    "mean": 0.7045849039146519
  },
  "sqr_energy": {
    "variance": 0.003289782353982175,
    "error": 5.7356624325200436e-5,
    "mean": 0.5647297317197886
  }
}
