{
  "energy": {
    "variance": 0.001085537132150089,
    "error": 3.294749052887168e-5,
    "mean": -0.7816071615744042
  },
  "spin_stiffness": {
    "variance": 0.008725276354990628,
    "error": 9.340918774398281e-5,
    "mean": 0.7505777447446785
  },
  "sqr_energy": {
    "variance": 0.0026158933867920387,
    "error": 5.11458051729762e-5,
    "mean": 0.6119952910710098
  }
}
