{
  "energy": {
    "variance": 0.0024270808435392075,
    "error": 4.9265412243674645e-5,
    "mean": -0.6949489039887315
  },
  "spin_stiffness": {
    "variance": 0.053406048083091184,
    "error": 0.00023109748610292407,
    "mean": 0.5983261886855746
  },
  "sqr_energy": {
    "variance": 0.004573612295918292,
    "error": 6.762848731058748e-5,
    "mean": 0.48538105757159755
  }
}
