{
  "energy": {
    "variance": 0.0020901246018452824,
    "error": 4.571788054848215e-5,
    "mean": -0.7144290041320766
  },
  "spin_stiffness": {
    "variance": 0.04281784169078529,
    "error": 0.00020692472469665215,
    "mean": 0.6361573997854643
  },
  "sqr_energy": {
    "variance": 0.004165990631020841,
    "error": 6.454448567477195e-5,
    "mean": 0.5124989244568714
  }
}
