{
  "energy": {
    "variance": 0.0025197766985823895,
    "error": 5.019737740741432e-5,
    "mean": -0.6892856121936073
  },
  "spin_stiffness": {
    "variance": 0.07656782769991992,
    "error": 0.000276708922335222,
    "mean": 0.5788553189533114
  },
  "sqr_energy": {
    "variance": 0.004678712644020095,
    "error": 6.840111580975923e-5,
    "mean": 0.4776344293559216
  }
}
