{
  "energy": {
    "variance": 0.001134750954891475,
    "error": 3.3686064698796073e-5,
    "mean": -0.7773242227766284
  },
  "spin_stiffness": {
    "variance": 0.009697908233650458,
    "error": 9.847795811068819e-5,
    "mean": 0.7441903408083443
  },
  "sqr_energy": {
    "variance": 0.0027025399738997563,
    "error": 5.1985959391933476e-5,
    "mean": 0.6053676971354298
  }
}
