{
  "energy": {
    "variance": 0.0010370390542818071,
    "error": 3.220309075666197e-5,
    "mean": -0.7856721892985519
  },
  "spin_stiffness": {
    "variance": 0.007669259297270494,
    "error": 8.757430728969824e-5,
    "mean": 0.7560024972865365
  },
  "sqr_energy": {
    "variance": 0.0025267096972501134,
    "error": 5.026638735029715e-5,
    "mean": 0.6183178270544224
  }
}
