{
  "energy": {
    "variance": 0.0011124489200072967,
    "error": 3.335339443006209e-5,
    "mean": -0.7794607961687233
  },
  "spin_stiffness": {
    "variance": 0.009689921917346188,
    "error": 9.843740100869276e-5,
    "mean": 0.7471360894450713
  },
  "sqr_energy": {
    "variance": 0.0026643750371236285,
    "error": 5.1617584572736724e-5,
    "mean": 0.6086715805715386
  }
}
