{
  "energy": {
    "variance": 0.0021350654770557797,
    "error": 4.62067687363635e-5,
    "mean": -0.7121434442663065
  },
  "spin_stiffness": {
    "variance": 0.040561619691051015,
    "error": 0.000201399155139864,
    "mean": 0.6332212175160383
  },
  "sqr_energy": {
    "variance": 0.004222175093123101,
    "error": 6.49782663136152e-5,
    "mean": 0.5092833485534681
  }
}
