{
  "energy": {
    "variance": 0.0023826716009682,
    "error": 4.881261723128765e-5,
    "mean": -0.6988929882990517
  },
  "spin_stiffness": {
    "variance": 0.05008079391617064,
    "error": 0.00022378738551618728,
    "mean": 0.604916757710966
  },
  "sqr_energy": {
    "variance": 0.004540142699266809,
    "error": 6.738058102500163e-5,
    "mean": 0.49083407831187503
  }
}
