{
  "energy": {
    "variance": 0.0013470917580812349,
    "error": 3.670274864477094e-5,
    "mean": -0.760603008065832
  },
  "spin_stiffness": {
    "variance": 0.01181158316850149,
    "error": 0.00010868110768896998,
    "mean": 0.7208177600182027
  },
  "sqr_energy": {
    "variance": 0.0030649120032250755,
    "error": 5.536164740346042e-5,
    "mean": 0.5798640262897816
  }
}
