{
  "energy": {
    "variance": 0.001399264845300462,
    "error": 3.740674865984027e-5,
    "mean": -0.7565147660422367
  },
  "spin_stiffness": {
    "variance": 0.013336309028504398,
    "error": 0.00011548293825714861,
    "mean": 0.7139970872318431
  },
  "sqr_energy": {
    "variance": 0.003147080761484734,
    "error": 5.6098848129749805e-5,
    "mean": 0.5737138546859758
  }
}
