{
  "energy": {
    "variance": 0.003302593399622902,
    "error": 5.7468194678647266e-5,
    "mean": -0.658285058042865
  },
  "spin_stiffness": {
    "variance": 0.14459063938831104,
    "error": 0.00038025075856375494,
    "mean": 0.4996592936911827
  },
  "sqr_energy": {
    "variance": 0.005545912040818377,
    "error": 7.447088048907692e-5,
    "mean": 0.4366418077395277
  }
}
