{
  "energy": {
    "variance": 0.0012108768050086898,
    "error": 3.479765516537989e-5,
    "mean": -0.7715768491395174
  },
  "spin_stiffness": {
    "variance": 0.01030366579805075,
    "error": 0.00010150697413503543,
    "mean": 0.736347015524197
  },
  "sqr_energy": {
    "variance": 0.002837521802841797,
    "error": 5.326839403287654e-5,
    "mean": 0.5965417097221977
  }
}
