{
  "energy": {
    "variance": 0.0025479485692618954,
    "error": 5.047720841391584e-5,
    "mean": -0.6917097217307475
  },
  "spin_stiffness": {
    "variance": 0.06468991908533515,
    "error": 0.00025434212998505604,
    "mean": 0.5883776162809057
  },
  "sqr_energy": {
    "variance": 0.004743618069600691,
    "error": 6.887392880909794e-5,
    "mean": 0.48101028515814154
  }
}
