{
  "energy": {
    "variance": 0.0015762599325345502,
    "error": 3.970214015055801e-5,
    "mean": -0.7445695793259267
  },
  "spin_stiffness": {
    "variance": 0.019883497715988935,
    "error": 0.00014100885687072615,
    "mean": 0.6936339035834072
  },
  "sqr_energy": {
    "variance": 0.0034267007382674155,
    "error": 5.853802813784741e-5,
    "mean": 0.5559601168138623
  }
}
