{
  "energy": {
    "variance": 0.0011610583420022605,
    "error": 3.4074306185192685e-5,
    "mean": -0.7750668493411599
  },
  "spin_stiffness": {
    "variance": 0.009507489226152459,
    "error": 9.750635479881534e-5,
    "mean": 0.7417221454357107
  },
  "sqr_energy": {
    "variance": 0.0027483848967479615,
    "error": 5.2425040741500255e-5,
    "mean": 0.6018896781285763
  }
}
