{
  "energy": {
    "variance": 0.0012236959431830708,
    "error": 3.4981365656347245e-5,
    "mean": -0.7704909174527383
  },
  "spin_stiffness": {
    "variance": 0.010509258415881725,
    "error": 0.00010251467414902964,
    "mean": 0.7347278007112606
  },
  "sqr_energy": {
    "variance": 0.002859743749510049,
    "error": 5.347657196857376e-5,
    "mean": 0.5948799485966496
  }
}
