{
  "energy": {
    "variance": 0.0013855976418200822,
    "error": 3.722361672137841e-5,
    "mean": -0.757817875685503
  },
  "spin_stiffness": {
    "variance": 0.012448193212227263,
    "error": 0.0001115714713187348,
    "mean": 0.7163599512842259
  },
  "sqr_energy": {
    "variance": 0.003128107941981789,
    "error": 5.592949080746033e-5,
    "mean": 0.5756735289647109
  }
}
