{
  "energy": {
    "variance": 0.004022610414969271,
    "error": 6.342405233796775e-5,
    "mean": -0.6145068818942283
  },
  "spin_stiffness": {
    "variance": 0.23013007304394834,
    "error": 0.00047971874368628575,
    "mean": 0.39137271636077003
  },
  "sqr_energy": {
    "variance": 0.005906295547715428,
    "error": 7.68524270775844e-5,
    "mean": 0.3816413142877259
  }
}
