{
  "energy": {
    "variance": 0.0015481095120350205,
    "error": 3.934602282359706e-5,
    "mean": -0.7460809848364875
  },
  "spin_stiffness": {
    "variance": 0.016249621832908425,
    "error": 0.00012747400453782108,
    "mean": 0.6968655330082892
  },
  "sqr_energy": {
    "variance": 0.0033806039581110903,
    "error": 5.814296138064427e-5,
    "mean": 0.5581849438985088
  }
}
