{
  "energy": {
    "variance": 0.004284610598517972,
    "error": 6.54569369778175e-5,
    "mean": -0.6009086404913326
  },
  "spin_stiffness": {
    "variance": 0.3014049176921444,
    "error": 0.000549003568014038,
    "mean": 0.35404819237323815
  },
  "sqr_energy": {
    "variance": 0.006051315133831556,
    "error": 7.779019947160153e-5,
    "mean": 0.365375800531049
  }
}
