{
  "energy": {
    "variance": 0.0030684252613902238,
    "error": 5.5393368388194485e-5,
    "mean": -0.6677943277834575
  },
  "spin_stiffness": {
    "variance": 0.13593984220444832,
    "error": 0.0003687002064068426,
    "mean": 0.5210796923640362
  },
  "sqr_energy": {
    "variance": 0.005310605619859426,
    "error": 7.287390218630691e-5,
    "mean": 0.4490176864127249
  }
}
