{
  "energy": {
    "variance": 0.004003181112937908,
    "error": 6.327069711120551e-5,
    "mean": -0.6172936863041939
  },
  "spin_stiffness": {
    "variance": 0.20750734747535882,
    "error": 0.00045552974378777815,
    "mean": 0.40113820665381467
  },
  "sqr_energy": {
    "variance": 0.005939100509592305,
    "error": 7.706555981495434e-5,
    "mean": 0.3850546722607773
  }
}
