{
  "energy": {
    "variance": 0.002899044576085925,
    "error": 5.384277645224032e-5,
    "mean": -0.6755304655275431
  },
  "spin_stiffness": {
    "variance": 0.12031239199275402,
    "error": 0.00034686076744531666,
    "mean": 0.5417423784976677
  },
  "sqr_energy": {
    "variance": 0.0051469262526305905,
    "error": 7.174208146290843e-5,
    "mean": 0.45924045153290044
  }
}
