{
  "energy": {
    "variance": 0.001815167998923355,
    "error": 4.260478845063492e-5,
    "mean": -0.7296510954203302
  },
  "spin_stiffness": {
    "variance": 0.026443668708144217,
    "error": 0.00016261509372793233,
    "mean": 0.667790701993842
  },
  "sqr_energy": {
    "variance": 0.0037803413153671707,
    "error": 6.148448028053234e-5,
    "mean": 0.5342058872318431
  }
}
