{
  "energy": {
    "variance": 0.0019460936357367752,
    "error": 4.411455129247917e-5,
    "mean": -0.7223993259141466
  },
  "spin_stiffness": {
    "variance": 0.03158718432264369,
    "error": 0.00017772783778194029,
    "mean": 0.6544440746677403
  },
  "sqr_energy": {
    "variance": 0.0039660595126448225,
    "error": 6.297665847474621e-5,
    "mean": 0.5238068777708567
  }
}
