{
  "energy": {
    "variance": 0.0038218659754926184,
    "error": 6.182124210570844e-5,
    "mean": -0.6241906852895689
  },
  "spin_stiffness": {
    "variance": 0.18791880740967962,
    "error": 0.00043349602928940376,
    "mean": 0.4190379815992749
  },
  "sqr_energy": {
    "variance": 0.0058224368135093634,
    "error": 7.630489377169307e-5,
    "mean": 0.39343587375588823
  }
}
