{
  "energy": {
    "variance": 0.0010792895597406189,
    "error": 3.285254266781521e-5,
    "mean": -0.7826252632927629
  },
  "spin_stiffness": {
    "variance": 0.008528351588876992,
    "error": 9.234907465089725e-5,
    "mean": 0.7519918010562053
  },
  "sqr_energy": {
    "variance": 0.0026069167392007084,
    "error": 5.105797429589925e-5,
    "mean": 0.6135815912245177
  }
}
