{
  "energy": {
    "variance": 0.002843082647505787,
    "error": 5.3320564958614116e-5,
    "mean": -0.6786240156776453
  },
  "spin_stiffness": {
    "variance": 0.09296569970114864,
    "error": 0.0003049027708977874,
    "mean": 0.551243097445912
  },
  "sqr_energy": {
    "variance": 0.005081148890107297,
    "error": 7.128217792763698e-5,
    "mean": 0.4633736344588762
  }
}
