{
  "energy": {
    "variance": 0.0037574951076573154,
    "error": 6.12984103191699e-5,
    "mean": -0.629670989339387
  },
  "spin_stiffness": {
    "variance": 0.17087291875768773,
    "error": 0.0004133677766320057,
    "mean": 0.4424289000378235
  },
  "sqr_energy": {
    "variance": 0.00579228501376823,
    "error": 7.610706283761205e-5,
    "mean": 0.4002430461658047
  }
}
