{
  "energy": {
    "variance": 0.00303525457765717,
    "error": 5.50931445613442e-5,
    "mean": -0.6627122172457981
  },
  "spin_stiffness": {
    "variance": 0.12642723215102342,
    "error": 0.00035556607283460475,
    "mean": 0.5189616132649811
  },
  "sqr_energy": {
    "variance": 0.005204154288675317,
    "error": 7.213982456781632e-5,
    "mean": 0.44222273442924454
  }
}
