{
  "energy": {
    "variance": 0.0029238800303505647,
    "error": 5.407291401756118e-5,
    "mean": -0.6730404638533188
  },
  "spin_stiffness": {
    "variance": 0.1131049459381399,
    "error": 0.0003363107877219223,
    "mean": 0.5358552562844366
  },
  "sqr_energy": {
    "variance": 0.005153907334528687,
    "error": 7.179071899994236e-5,
    "mean": 0.45590734309036113
  }
}
