{
  "energy": {
    "variance": 0.002070194839221393,
    "error": 4.549939383355995e-5,
    "mean": -0.7162704374593317
  },
  "spin_stiffness": {
    "variance": 0.042298050772661154,
    "error": 0.0002056648992236185,
    "mean": 0.6403553608391985
  },
  "sqr_energy": {
    "variance": 0.004147813839356775,
    "error": 6.440352350110027e-5,
    "mean": 0.5151135323472089
  }
}
