{
  "energy": {
    "variance": 0.004515560347385035,
    "error": 6.71979192191621e-5,
    "mean": -0.46178470229637236
  },
  "spin_stiffness": {
    "variance": 0.3677330818262787,
    "error": 0.0006064099948271621,
    "mean": 0.07688267930336445
  },
  "sqr_energy": {
    "variance": 0.003945790002502751,
    "error": 6.28155235789908e-5,
    "mean": 0.21776066710677394
  }
}
