{
  "energy": {
    "variance": 0.004045130550189123,
    "error": 6.360134078924062e-5,
    "mean": -0.6193703862841663
  },
  "spin_stiffness": {
    "variance": 0.3077259471032191,
    "error": 0.0005547305175517379,
    "mean": 0.3829965462524152
  },
  "sqr_energy": {
    "variance": 0.0060273414997307805,
    "error": 7.763595494183593e-5,
    "mean": 0.38766480191085584
  }
}
