{
  "energy": {
    "variance": 0.0011917637113341097,
    "error": 3.452193087493963e-5,
    "mean": -0.7728583680898715
  },
  "spin_stiffness": {
    "variance": 0.00977867024492783,
    "error": 9.888715915086159e-5,
    "mean": 0.7386004489933101
  },
  "sqr_energy": {
    "variance": 0.0028039292761855373,
    "error": 5.295214137488245e-5,
    "mean": 0.5985018196461097
  }
}
