{
  "energy": {
    "variance": 0.0014186035732735138,
    "error": 3.7664354146507195e-5,
    "mean": -0.7551487635123376
  },
  "spin_stiffness": {
    "variance": 0.013006626715876046,
    "error": 0.00011404659887903736,
    "mean": 0.7123048186880832
  },
  "sqr_energy": {
    "variance": 0.0031801706479656104,
    "error": 5.639300176409844e-5,
    "mean": 0.5716682571888823
  }
}
