{
  "energy": {
    "variance": 0.004172021181808363,
    "error": 6.459118501628812e-5,
    "mean": -0.6078707726981528
  },
  "spin_stiffness": {
    "variance": 0.21015834889868198,
    "error": 0.00045843030975130996,
    "mean": 0.3776485521689344
  },
  "sqr_energy": {
    "variance": 0.006027094203904476,
    "error": 7.763436226249608e-5,
    "mean": 0.3736788933104365
  }
}
