{
  "energy": {
    "variance": 0.0010582035878913144,
    "error": 3.25300413140118e-5,
    "mean": -0.7845915230324566
  },
  "spin_stiffness": {
    "variance": 0.007872243934191071,
    "error": 8.872566671595695e-5,
    "mean": 0.7548175037500731
  },
  "sqr_energy": {
    "variance": 0.0025684575402855955,
    "error": 5.067995205488651e-5,
    "mean": 0.6166420605440776
  }
}
