{
  "energy": {
    "variance": 0.0020053496974734805,
    "error": 4.478113104281178e-5,
    "mean": -0.7185861266780896
  },
  "spin_stiffness": {
    "variance": 0.029558599225253505,
    "error": 0.0001719261446821091,
    "mean": 0.6494887537300853
  },
  "sqr_energy": {
    "variance": 0.004043566218888777,
    "error": 6.358904165726023e-5,
    "mean": 0.5183713691463432
  }
}
