{
  "energy": {
    "variance": 0.0013681210637029391,
    "error": 3.698812057543528e-5,
    "mean": -0.759216683494183
  },
  "spin_stiffness": {
    "variance": 0.012150639054873095,
    "error": 0.00011022993719889843,
    "mean": 0.7185744597597471
  },
  "sqr_energy": {
    "variance": 0.003101166737119673,
    "error": 5.5688120251267886e-5,
    "mean": 0.5777780921914882
  }
}
