{
  "energy": {
    "variance": 0.00143985792950755,
    "error": 3.7945459932744915e-5,
    "mean": -0.7537864723096653
  },
  "spin_stiffness": {
    "variance": 0.014106941955179648,
    "error": 0.00011877264817785132,
    "mean": 0.7099636937204734
  },
  "sqr_energy": {
    "variance": 0.003213531020230115,
    "error": 5.668801478469779e-5,
    "mean": 0.5696339023266994
  }
}
