{
  "energy": {
    "variance": 0.001866680179324355,
    "error": 4.3205094367728845e-5,
    "mean": -0.7277174176141149
  },
  "spin_stiffness": {
    "variance": 0.028023937878672325,
    "error": 0.00016740351811916118,
    "mean": 0.6639121981133581
  },
  "sqr_energy": {
    "variance": 0.003861465646583712,
    "error": 6.214069235681005e-5,
    "mean": 0.5314393182116004
  }
}
