{
  "energy": {
    "variance": 0.0026385282289367526,
    "error": 5.136660616525831e-5,
    "mean": -0.68461282242942
  },
  "spin_stiffness": {
    "variance": 0.08363068605253926,
    "error": 0.000289189705993383,
    "mean": 0.5706928729390706
  },
  "sqr_energy": {
    "variance": 0.004819955547212275,
    "error": 6.942589968601253e-5,
    "mean": 0.4713332422251851
  }
}
