{
  "energy": {
    "variance": 0.0010283955779449808,
    "error": 3.206860735898865e-5,
    "mean": -0.7867972749801108
  },
  "spin_stiffness": {
    "variance": 0.007035445870861647,
    "error": 8.387756476473102e-5,
    "mean": 0.7581091560889117
  },
  "sqr_energy": {
    "variance": 0.0025122585387585866,
    "error": 5.0122435483110624e-5,
    "mean": 0.6200783464656775
  }
}
