{
  "energy": {
    "variance": 0.0041871130534838555,
    "error": 6.470790564903068e-5,
    "mean": -0.6068481933265021
  },
  "spin_stiffness": {
    "variance": 0.17985579255021683,
    "error": 0.00042409408454989895,
    "mean": 0.39724211313459956
  },
  "sqr_energy": {
    "variance": 0.006021620098455452,
    "error": 7.759909856728655e-5,
    "mean": 0.37245183861001047
  }
}
