{
  "energy": {
    "variance": 0.001994452583939691,
    "error": 4.4659294485467316e-5,
    "mean": -0.7205918962432283
  },
  "spin_stiffness": {
    "variance": 0.033291135502916874,
    "error": 0.00018245858571992954,
    "mean": 0.6503398823019211
  },
  "sqr_energy": {
    "variance": 0.004041632579839763,
    "error": 6.357383565461316e-5,
    "mean": 0.5212471315208985
  }
}
