{
  "energy": {
    "variance": 0.0007583111413276741,
    "error": 2.753744979709766e-5,
    "mean": -0.813415167285819
  },
  "spin_stiffness": {
    "variance": 0.004401440390553315,
    "error": 6.634335227099483e-5,
    "mean": 0.794202643657222
  },
  "sqr_energy": {
    "variance": 0.001986019147511316,
    "error": 4.456477473870272e-5,
    "mean": 0.6624025447536334
  }
}
