{
  "energy": {
    "variance": 0.003481301652004976,
    "error": 5.900255631754421e-5,
    "mean": -0.6458717412769525
  },
  "spin_stiffness": {
    "variance": 0.2291441723249577,
    "error": 0.000478690058727939,
    "mean": 0.4626394554486393
  },
  "sqr_energy": {
    "variance": 0.005640116945042238,
    "error": 7.510071201421619e-5,
    "mean": 0.42063160435082597
  }
}
