{
  "energy": {
    "variance": 0.000827079798775072,
    "error": 2.8758995093275983e-5,
    "mean": -0.8057063785467241
  },
  "spin_stiffness": {
    "variance": 0.0050616697907291675,
    "error": 7.11454129985143e-5,
    "mean": 0.7841126595189337
  },
  "sqr_energy": {
    "variance": 0.002123968056953993,
    "error": 4.6086527933377596e-5,
    "mean": 0.6499898474025724
  }
}
