{
  "energy": {
    "variance": 0.003830583409609806,
    "error": 6.189170711500698e-5,
    "mean": -0.37895041347327363
  },
  "spin_stiffness": {
    "variance": 0.29109952271639195,
    "error": 0.0005395363960998294,
    "mean": 0.010743005569936173
  },
  "sqr_energy": {
    "variance": 0.002276654929903174,
    "error": 4.771430529624395e-5,
    "mean": 0.1474339954505914
  }
}
