{
  "energy": {
    "variance": 0.0030611687404444605,
    "error": 5.532782971023227e-5,
    "mean": -0.6649546847117062
  },
  "spin_stiffness": {
    "variance": 0.14156112495045595,
    "error": 0.0003762460962594242,
    "mean": 0.5133234608770942
  },
  "sqr_energy": {
    "variance": 0.005266934202630357,
    "error": 7.257364675025196e-5,
    "mean": 0.4452258983993202
  }
}
