{
  "energy": {
    "variance": 0.0016717782310447119,
    "error": 4.088738474205353e-5,
    "mean": -0.7385058616377542
  },
  "spin_stiffness": {
    "variance": 0.019591073292285266,
    "error": 0.00013996811527017597,
    "mean": 0.6844194858602514
  },
  "sqr_energy": {
    "variance": 0.0035695342559213025,
    "error": 5.97455793839285e-5,
    "mean": 0.5470626842325884
  }
}
