{
  "energy": {
    "variance": 0.004710272154138196,
    "error": 6.863142249828569e-5,
    "mean": -0.5556043440755211
  },
  "spin_stiffness": {
    "variance": 0.41212541215276594,
    "error": 0.0006419699464560361,
    "mean": 0.21325860390439277
  },
  "sqr_energy": {
    "variance": 0.005811000320142736,
    "error": 7.622991748744541e-5,
    "mean": 0.31340645459945615
  }
}
