{
  "energy": {
    "variance": 0.0026559598047880537,
    "error": 5.1536004936239035e-5,
    "mean": -0.6869560588847315
  },
  "spin_stiffness": {
    "variance": 0.06641539816726685,
    "error": 0.0002577118510415593,
    "mean": 0.5786276328878137
  },
  "sqr_energy": {
    "variance": 0.004872658248121627,
    "error": 6.980442857098413e-5,
    "mean": 0.47456458398727097
  }
}
