{
  "energy": {
    "variance": 0.002314362680107225,
    "error": 4.810782348129278e-5,
    "mean": -0.7033956255354051
  },
  "spin_stiffness": {
    "variance": 0.04662839418658454,
    "error": 0.00021593608819876436,
    "mean": 0.614898268798338
  },
  "sqr_energy": {
    "variance": 0.004462862608426126,
    "error": 6.680466008016302e-5,
    "mean": 0.4970797663880883
  }
}
