{
  "energy": {
    "variance": 0.0035277551076646303,
    "error": 5.939490809543046e-5,
    "mean": -0.34101333565707714
  },
  "spin_stiffness": {
    "variance": 0.23505129448314646,
    "error": 0.00048482088907466275,
    "mean": 0.0033194178841999245
  },
  "sqr_energy": {
    "variance": 0.0016979884899932436,
    "error": 4.12066558943242e-5,
    "mean": 0.11981784667587589
  }
}
