{
  "energy": {
    "variance": 0.0012988135786587023,
    "error": 3.6039056295340234e-5,
    "mean": -0.7644303920574692
  },
  "spin_stiffness": {
    "variance": 0.011035049517120693,
    "error": 0.00010504784394322757,
    "mean": 0.7264990723917673
  },
  "sqr_energy": {
    "variance": 0.002986747597682325,
    "error": 5.46511445230777e-5,
    "mean": 0.5856526365809812
  }
}
