{
  "energy": {
    "variance": 0.0012432207658728302,
    "error": 3.525933586828927e-5,
    "mean": -0.7681648736633612
  },
  "spin_stiffness": {
    "variance": 0.010392716106817938,
    "error": 0.00010194467179219293,
    "mean": 0.7319587776964027
  },
  "sqr_energy": {
    "variance": 0.0028893827841509232,
    "error": 5.375297930488061e-5,
    "mean": 0.5913204926528995
  }
}
