{
  "energy": {
    "variance": 0.0015164887175041766,
    "error": 3.894212009513833e-5,
    "mean": -0.7489971875408942
  },
  "spin_stiffness": {
    "variance": 0.016681882289964475,
    "error": 0.00012915836128553378,
    "mean": 0.7016749103574385
  },
  "sqr_energy": {
    "variance": 0.0033366010665463234,
    "error": 5.7763319386495816e-5,
    "mean": 0.5625132741451849
  }
}
