{
  "energy": {
    "variance": 0.0034354080673004534,
    "error": 5.861235422076521e-5,
    "mean": -0.6545268295269501
  },
  "spin_stiffness": {
    "variance": 0.1529028958233205,
    "error": 0.00039102799877159755,
    "mean": 0.49085865404997836
  },
  "sqr_energy": {
    "variance": 0.005691110236443142,
    "error": 7.543944748235596e-5,
    "mean": 0.43184077520249353
  }
}
