{
  "energy": {
    "variance": 0.0015957155714747295,
    "error": 3.994640874314898e-5,
    "mean": -0.7431582500707314
  },
  "spin_stiffness": {
    "variance": 0.016680140564267455,
    "error": 0.00012915161851199331,
    "mean": 0.6927199311307712
  },
  "sqr_energy": {
    "variance": 0.0034571675895532544,
    "error": 5.879768353900734e-5,
    "mean": 0.5538798986239512
  }
}
