{
  "energy": {
    "variance": 0.003620174563462771,
    "error": 6.016788647993854e-5,
    "mean": -0.6392848767809589
  },
  "spin_stiffness": {
    "variance": 0.1800407017300402,
    "error": 0.00042431203344948893,
    "mean": 0.4554335532070113
  },
  "sqr_energy": {
    "variance": 0.005732877100043256,
    "error": 7.571576520146419e-5,
    "mean": 0.412305324624134
  }
}
