{
  "energy": {
    "variance": 0.0003762564472596496,
    "error": 1.9397330931333044e-5,
    "mean": -0.8657596143912949
  },
  "spin_stiffness": {
    "variance": 0.0009065228831945265,
    "error": 3.0108518449012508e-5,
    "mean": 0.8580339908016461
  },
  "sqr_energy": {
    "variance": 0.0011205918514627198,
    "error": 3.347524236600416e-5,
    "mean": 0.7499159659819669
  }
}
