{
  "energy": {
    "variance": 0.003017549065031231,
    "error": 5.493222246579171e-5,
    "mean": -0.6697883620117311
  },
  "spin_stiffness": {
    "variance": 0.12133553924472569,
    "error": 0.0003483325124715258,
    "mean": 0.5251083496750454
  },
  "sqr_energy": {
    "variance": 0.005261916381920606,
    "error": 7.253906796975411e-5,
    "mean": 0.45163399593384
  }
}
