{
  "energy": {
    "variance": 0.001312745954229863,
    "error": 3.623183619732601e-5,
    "mean": -0.763114828745493
  },
  "spin_stiffness": {
    "variance": 0.011514487769492671,
    "error": 0.00010730558125974936,
    "mean": 0.7242347342820452
  },
  "sqr_energy": {
    "variance": 0.00300787637471189,
    "error": 5.484410975402819e-5,
    "mean": 0.583656986492747
  }
}
