{
  "energy": {
    "variance": 0.0016588378126808658,
    "error": 4.072883269479824e-5,
    "mean": -0.7398985147458927
  },
  "spin_stiffness": {
    "variance": 0.027698797305857562,
    "error": 0.00016642955658733685,
    "mean": 0.6840306727748222
  },
  "sqr_energy": {
    "variance": 0.0035538900485645093,
    "error": 5.961451206346077e-5,
    "mean": 0.5491086482770209
  }
}
