{
  "energy": {
    "variance": 0.0013375529105656013,
    "error": 3.657257046702626e-5,
    "mean": -0.761822576457484
  },
  "spin_stiffness": {
    "variance": 0.01190114029703003,
    "error": 0.000109092347564025,
    "mean": 0.7223132219609902
  },
  "sqr_energy": {
    "variance": 0.003051941876499678,
    "error": 5.524438321222962e-5,
    "mean": 0.5817111895733315
  }
}
