{
  "energy": {
    "variance": 0.002333664855895317,
    "error": 4.830802061661518e-5,
    "mean": -0.701281619559631
  },
  "spin_stiffness": {
    "variance": 0.048384844542097676,
    "error": 0.0002199655530806987,
    "mean": 0.6112437825798014
  },
  "sqr_energy": {
    "variance": 0.004476890040627293,
    "error": 6.690956613689326e-5,
    "mean": 0.4941295724544094
  }
}
