{
  "energy": {
    "variance": 0.0023868726530781982,
    "error": 4.885563072029874e-5,
    "mean": -0.6968761187450099
  },
  "spin_stiffness": {
    "variance": 0.06132830278997766,
    "error": 0.000247645518412867,
    "mean": 0.5993144452850574
  },
  "sqr_energy": {
    "variance": 0.004526417169129301,
    "error": 6.727865314592216e-5,
    "mean": 0.4880231951433146
  }
}
