{
  "energy": {
    "variance": 0.0034503537441953874,
    "error": 5.873971181573321e-5,
    "mean": -0.6430283404023743
  },
  "spin_stiffness": {
    "variance": 0.1826571878695349,
    "error": 0.00042738412215422196,
    "mean": 0.466113933006818
  },
  "sqr_energy": {
    "variance": 0.005554285648072215,
    "error": 7.452707996474983e-5,
    "mean": 0.4169357968544733
  }
}
