{
  "energy": {
    "variance": 0.0011873312999851394,
    "error": 3.445767403620185e-5,
    "mean": -0.7739155037485415
  },
  "spin_stiffness": {
    "variance": 0.01047250424460497,
    "error": 0.00010233525416299591,
    "mean": 0.7391536645099804
  },
  "sqr_energy": {
    "variance": 0.002798516584915977,
    "error": 5.2901007409273194e-5,
    "mean": 0.6001325370550123
  }
}
