{
  "energy": {
    "variance": 0.0011224665603201882,
    "error": 3.350323208766862e-5,
    "mean": -0.7784082224399208
  },
  "spin_stiffness": {
    "variance": 0.009184793248303211,
    "error": 9.583732700938196e-5,
    "mean": 0.7459893858154255
  },
  "sqr_energy": {
    "variance": 0.0026812239752328952,
    "error": 5.1780536644890955e-5,
    "mean": 0.6070418261999309
  }
}
