{
  "energy": {
    "variance": 0.004172581493399306,
    "error": 6.459552223954309e-5,
    "mean": -0.42008627263454446
  },
  "spin_stiffness": {
    "variance": 0.3356580198043569,
    "error": 0.0005793600088065769,
    "mean": 0.03996408676128385
  },
  "sqr_energy": {
    "variance": 0.003037479338662397,
    "error": 5.5113331768841524e-5,
    "mean": 0.18064505377680265
  }
}
