{
  "energy": {
    "variance": 0.0017784392486080711,
    "error": 4.2171545485173666e-5,
    "mean": -0.7329671326042265
  },
  "spin_stiffness": {
    "variance": 0.027154331127353278,
    "error": 0.00016478571275251164,
    "mean": 0.672515003661837
  },
  "sqr_energy": {
    "variance": 0.0037355105184030688,
    "error": 6.11188229468064e-5,
    "mean": 0.5390192549482306
  }
}
