{
  "energy": {
    "variance": 0.0019194672473350982,
    "error": 4.381172499839624e-5,
    "mean": -0.7242302853003875
  },
  "spin_stiffness": {
    "variance": 0.027250634375676572,
    "error": 0.0001650776616495296,
    "mean": 0.6590078774537601
  },
  "sqr_energy": {
    "variance": 0.003930560773508479,
    "error": 6.269418452702355e-5,
    "mean": 0.5264289714741484
  }
}
