{
  "energy": {
    "variance": 0.0010996930908044938,
    "error": 3.3161620750567874e-5,
    "mean": -0.7805911525905302
  },
  "spin_stiffness": {
    "variance": 0.009216633836780199,
    "error": 9.6003301176471e-5,
    "mean": 0.7488364386956281
  },
  "sqr_energy": {
    "variance": 0.002641721939218486,
    "error": 5.139768418147345e-5,
    "mean": 0.6104222394937239
  }
}
