{
  "energy": {
    "variance": 0.0033565249936537114,
    "error": 5.793552445308242e-5,
    "mean": -0.6494049449750581
  },
  "spin_stiffness": {
    "variance": 0.20252721326316445,
    "error": 0.0004500302359432802,
    "mean": 0.47466896233417083
  },
  "sqr_energy": {
    "variance": 0.0055021503532041985,
    "error": 7.417648113252743e-5,
    "mean": 0.4250833041951869
  }
}
