{
  "energy": {
    "variance": 0.0012670090463970283,
    "error": 3.55950705350759e-5,
    "mean": -0.7668871480139055
  },
  "spin_stiffness": {
    "variance": 0.011613632829293029,
    "error": 0.00010776656637980552,
    "mean": 0.7297591665380369
  },
  "sqr_energy": {
    "variance": 0.002932008304999488,
    "error": 5.414802217070803e-5,
    "mean": 0.5893829055682898
  }
}
