{
  "energy": {
    "variance": 0.003915718454303145,
    "error": 6.25757017883391e-5,
    "mean": -0.6295899066003682
  },
  "spin_stiffness": {
    "variance": 0.19730811553071437,
    "error": 0.0004441937815083799,
    "mean": 0.43022566084541336
  },
  "sqr_energy": {
    "variance": 0.006017963658559791,
    "error": 7.757553518062116e-5,
    "mean": 0.40029916503164503
  }
}
