{
  "energy": {
    "variance": 0.002182389524813149,
    "error": 4.671605211073758e-5,
    "mean": -0.709703766742301
  },
  "spin_stiffness": {
    "variance": 0.04523516927862975,
    "error": 0.00021268561135777322,
    "mean": 0.6264835293144461
  },
  "sqr_energy": {
    "variance": 0.004289095210764754,
    "error": 6.549118422173136e-5,
    "mean": 0.5058618238706339
  }
}
