{
  "energy": {
    "variance": 0.0016397876891903814,
    "error": 4.049429205691071e-5,
    "mean": -0.741345114130081
  },
  "spin_stiffness": {
    "variance": 0.027766867031754218,
    "error": 0.00016663393121376635,
    "mean": 0.6871645919167888
  },
  "sqr_energy": {
    "variance": 0.003529507953129579,
    "error": 5.94096621193016e-5,
    "mean": 0.5512323642939457
  }
}
