{
  "energy": {
    "variance": 0.0017455302946302524,
    "error": 4.1779543973459695e-5,
    "mean": -0.7346768474627803
  },
  "spin_stiffness": {
    "variance": 0.025948155542693477,
    "error": 0.00016108431190744017,
    "mean": 0.6753891302573807
  },
  "sqr_energy": {
    "variance": 0.0036891235465885326,
    "error": 6.0738155607398325e-5,
    "mean": 0.5414955987469493
  }
}
