{
  "energy": {
    "variance": 0.0012828248502803538,
    "error": 3.581654436542356e-5,
    "mean": -0.7656710637009542
  },
  "spin_stiffness": {
    "variance": 0.011351359193237685,
    "error": 0.00010654275758228564,
    "mean": 0.7279135676212702
  },
  "sqr_energy": {
    "variance": 0.0029590560418744347,
    "error": 5.439720619548797e-5,
    "mean": 0.5875350013564061
  }
}
