{
  "energy": {
    "variance": 0.00236967776630756,
    "error": 4.8679336132568203e-5,
    "mean": -0.6445324025609872
  },
  "spin_stiffness": {
    "variance": 0.15921835271887239,
    "error": 0.00039902174466922526,
    "mean": 0.4547143017353433
  },
  "sqr_energy": {
    "variance": 0.0038727561863663254,
    "error": 6.223147263536614e-5,
    "mean": 0.41779169334766814
  }
}
