{
  "energy": {
    "variance": 0.005553494191162937,
    "error": 7.45217699143206e-5,
    "mean": -1.4341593087254516
  },
  "spin_stiffness": {
    "variance": 0.04157093958791878,
    "error": 0.00020388952790155451,
    "mean": 0.6366894010740579
  },
  "sqr_energy": {
    "variance": 0.04497421626088203,
    "error": 0.00021207125279226798,
    "mean": 2.0623664114415337
  }
}
