{
  "energy": {
    "variance": 0.00903493392434978,
    "error": 9.505226943292717e-5,
    "mean": -1.3120130291061514
  },
  "spin_stiffness": {
    "variance": 0.15495272912641186,
    "error": 0.00039364035505320315,
    "mean": 0.4836819057150819
  },
  "sqr_energy": {
    "variance": 0.06095783165852179,
    "error": 0.0002468963986341676,
    "mean": 1.7304131134337146
  }
}
