{
  "energy": {
    "variance": 0.0010186115275754833,
    "error": 3.1915694063822e-5,
    "mean": -0.7474937837038396
  },
  "spin_stiffness": {
    "variance": 0.015634037292575863,
    "error": 0.00012503614394476447,
    "mean": 0.695557555895285
  },
  "sqr_energy": {
    "variance": 0.002251474805608925,
    "error": 4.744970817201013e-5,
    "mean": 0.5597655671848464
  }
}
