{
  "energy": {
    "variance": 0.0020769992933944385,
    "error": 4.5574107708154185e-5,
    "mean": -0.661929088724754
  },
  "spin_stiffness": {
    "variance": 0.12748951670376438,
    "error": 0.0003570567415744511,
    "mean": 0.5001478450135112
  },
  "sqr_energy": {
    "variance": 0.0035817268820290357,
    "error": 5.984753029180933e-5,
    "mean": 0.44022711571637824
  }
}
