{
  "energy": {
    "variance": 0.0044650405605158195,
    "error": 6.682095899129119e-5,
    "mean": -1.4804821126430563
  },
  "spin_stiffness": {
    "variance": 0.020857503952258275,
    "error": 0.00014442127250602067,
    "mean": 0.6824379499509124
  },
  "sqr_energy": {
    "variance": 0.03863981480083553,
    "error": 0.0001965701269288788,
    "mean": 2.1962923219515225
  }
}
