{
  "energy": {
    "variance": 0.002295339174109538,
    "error": 4.7909698121669873e-5,
    "mean": -0.6511228249691208
  },
  "spin_stiffness": {
    "variance": 0.18245317401122288,
    "error": 0.0004271453780754544,
    "mean": 0.4597450627789447
  },
  "sqr_energy": {
    "variance": 0.0038231368077326906,
    "error": 6.183151953278109e-5,
    "mean": 0.42625627007453876
  }
}
