{
  "energy": {
    "variance": 0.009823186472928888,
    "error": 9.911198955186445e-5,
    "mean": -1.284702274063702
  },
  "spin_stiffness": {
    "variance": 0.1923297669180874,
    "error": 0.00043855417785957463,
    "mean": 0.4445530586465305
  },
  "sqr_energy": {
    "variance": 0.06357854800467831,
    "error": 0.0002521478693240899,
    "mean": 1.6602831096341895
  }
}
