{
  "energy": {
    "variance": 0.0033500254885654585,
    "error": 5.787940470120143e-5,
    "mean": -0.5001912809000177
  },
  "spin_stiffness": {
    "variance": 0.43280807219735756,
    "error": 0.0006578815031579452,
    "mean": 0.07466571812935441
  },
  "sqr_energy": {
    "variance": 0.0034131506079991968,
    "error": 5.8422175652736494e-5,
    "mean": 0.2535413396269404
  }
}
