{
  "energy": {
    "variance": 0.0009703187119354365,
    "error": 3.11499391963361e-5,
    "mean": -0.752433378834931
  },
  "spin_stiffness": {
    "variance": 0.012947204452656602,
    "error": 0.00011378578317459788,
    "mean": 0.7047782349522066
  },
  "sqr_energy": {
    "variance": 0.0021738560783541,
    "error": 4.662462952511366e-5,
    "mean": 0.5671263073265674
  }
}
