{
  "energy": {
    "variance": 0.0015580573139669608,
    "error": 3.947223472223179e-5,
    "mean": -0.6998690399143022
  },
  "spin_stiffness": {
    "variance": 0.05002729218713544,
    "error": 0.00022366781661011366,
    "mean": 0.60279751412103
  },
  "sqr_energy": {
    "variance": 0.0030020701502388625,
    "error": 5.4791150291254727e-5,
    "mean": 0.49137472878647676
  }
}
