{
  "energy": {
    "variance": 0.0036553792952951454,
    "error": 6.0459732841744725e-5,
    "mean": -1.5212421310947855
  },
  "spin_stiffness": {
    "variance": 0.012732168139795046,
    "error": 0.00011283690947467077,
    "mean": 0.7178958006491659
  },
  "sqr_energy": {
    "variance": 0.033460368378200094,
    "error": 0.00018292175479750925,
    "mean": 2.31783299705772
  }
}
