{
  "energy": {
    "variance": 0.0020395109563033672,
    "error": 4.516094503332904e-5,
    "mean": -0.66734142729505
  },
  "spin_stiffness": {
    "variance": 0.2621197896918971,
    "error": 0.0005119763565750835,
    "mean": 0.49242078280969986
  },
  "sqr_energy": {
    "variance": 0.003565518100296293,
    "error": 5.971195944110604e-5,
    "mean": 0.44738408950098685
  }
}
