{
  "energy": {
    "variance": 0.003989137963562444,
    "error": 6.315962288964718e-5,
    "mean": -1.50462756009149
  },
  "spin_stiffness": {
    "variance": 0.015008687461948455,
    "error": 0.00012250994842031586,
    "mean": 0.7039312525463919
  },
  "sqr_energy": {
    "variance": 0.03568878589524707,
    "error": 0.0001889147582780315,
    "mean": 2.2678932285612943
  }
}
