{
  "energy": {
    "variance": 0.002968382886525103,
    "error": 5.448286782581386e-5,
    "mean": -1.561611574258436
  },
  "spin_stiffness": {
    "variance": 0.006636361802438651,
    "error": 8.146386807928194e-5,
    "mean": 0.7494770519494526
  },
  "sqr_energy": {
    "variance": 0.028678476894395028,
    "error": 0.0001693472081092423,
    "mean": 2.441599088776053
  }
}
