{
  "energy": {
    "variance": 0.0018891066904862248,
    "error": 4.346385498878608e-5,
    "mean": -0.6788881830684278
  },
  "spin_stiffness": {
    "variance": 0.10206864369950157,
    "error": 0.00031948183625912373,
    "mean": 0.539886816805145
  },
  "sqr_energy": {
    "variance": 0.0034121979121752403,
    "error": 5.841402153742918e-5,
    "mean": 0.46277826991133075
  }
}
