{
  "energy": {
    "variance": 0.000753973995928786,
    "error": 2.7458586925200393e-5,
    "mean": -0.777478343037414
  },
  "spin_stiffness": {
    "variance": 0.007713848720395969,
    "error": 8.782851883298481e-5,
    "mean": 0.7436893915161618
  },
  "sqr_energy": {
    "variance": 0.0018072397431640227,
    "error": 4.251164244255946e-5,
    "mean": 0.6052265471341575
  }
}
