{
  "energy": {
    "variance": 0.005252469098422468,
    "error": 7.247392012594922e-5,
    "mean": -1.4457094713941594
  },
  "spin_stiffness": {
    "variance": 0.04023383291611096,
    "error": 0.00020058373043721907,
    "mean": 0.6481698514833222
  },
  "sqr_energy": {
    "variance": 0.043247883300357365,
    "error": 0.00020796125432483178,
    "mean": 2.0953283395247335
  }
}
