{
  "energy": {
    "variance": 0.002779853963589902,
    "error": 5.2724320418473884e-5,
    "mean": -1.5739353208839633
  },
  "spin_stiffness": {
    "variance": 0.005397361823571765,
    "error": 7.346673957357686e-5,
    "mean": 0.7585740644543092
  },
  "sqr_energy": {
    "variance": 0.027301059335271886,
    "error": 0.00016523032208184998,
    "mean": 2.48005224550984
  }
}
