{
  "energy": {
    "variance": 0.004436894904731389,
    "error": 6.661002105337747e-5,
    "mean": -1.483708882997227
  },
  "spin_stiffness": {
    "variance": 0.02515092128182694,
    "error": 0.00015859041989296497,
    "mean": 0.6841813002526953
  },
  "sqr_energy": {
    "variance": 0.038530054639890954,
    "error": 0.00019629074007678242,
    "mean": 2.205828939952715
  }
}
