{
  "energy": {
    "variance": 0.0010933926187834755,
    "error": 3.306648785074513e-5,
    "mean": -1.7239132907398635
  },
  "spin_stiffness": {
    "variance": 0.000732290509672198,
    "error": 2.706086675759293e-5,
    "mean": 0.853533448266153
  },
  "sqr_energy": {
    "variance": 0.012937857250538256,
    "error": 0.00011374470207679239,
    "mean": 2.9729704255149363
  }
}
