{
  "energy": {
    "variance": 0.00361288518944006,
    "error": 6.010728066915072e-5,
    "mean": -1.523975195470901
  },
  "spin_stiffness": {
    "variance": 0.010677123595997899,
    "error": 0.00010333016788914019,
    "mean": 0.7204596171967734
  },
  "sqr_energy": {
    "variance": 0.03318843635332901,
    "error": 0.0001821769369413401,
    "mean": 2.326113277987127
  }
}
