{
  "energy": {
    "variance": 0.0007318702959058838,
    "error": 2.7053101410113478e-5,
    "mean": -0.7806703254279471
  },
  "spin_stiffness": {
    "variance": 0.0066104127364088215,
    "error": 8.130444475186348e-5,
    "mean": 0.7488088485348912
  },
  "sqr_energy": {
    "variance": 0.0017687980101998126,
    "error": 4.2057080381308123e-5,
    "mean": 0.6101780265678123
  }
}
