{
  "energy": {
    "variance": 0.007928569114794988,
    "error": 8.904251296316265e-5,
    "mean": -1.3481681112329278
  },
  "spin_stiffness": {
    "variance": 0.11906204285698913,
    "error": 0.00034505368112366095,
    "mean": 0.5317527972548434
  },
  "sqr_energy": {
    "variance": 0.056502096346136024,
    "error": 0.0002377016961364307,
    "mean": 1.825485817331586
  }
}
