{
  "energy": {
    "variance": 0.0005104640676119751,
    "error": 2.259345187464667e-5,
    "mean": -0.8134167740659314
  },
  "spin_stiffness": {
    "variance": 0.0026231519342182446,
    "error": 5.1216715379046364e-5,
    "mean": 0.7944196092681886
  },
  "sqr_energy": {
    "variance": 0.0013417595246615528,
    "error": 3.6630035826648505e-5,
    "mean": 0.6621573118889742
  }
}
