{
  "energy": {
    "variance": 0.0015147169134700786,
    "error": 3.891936424802027e-5,
    "mean": -1.6778209343653532
  },
  "spin_stiffness": {
    "variance": 0.0013111723167017213,
    "error": 3.6210113458835243e-5,
    "mean": 0.8263511403859349
  },
  "sqr_energy": {
    "variance": 0.01695971435865729,
    "error": 0.0001302294680886676,
    "mean": 2.816597803193379
  }
}
