{
  "energy": {
    "variance": 0.002796420404841999,
    "error": 5.288119140906338e-5,
    "mean": -1.5717794181449132
  },
  "spin_stiffness": {
    "variance": 0.005477332962763367,
    "error": 7.400900595713583e-5,
    "mean": 0.7569256084573638
  },
  "sqr_energy": {
    "variance": 0.027388948828698224,
    "error": 0.00016549606892218987,
    "mean": 2.4732869569123834
  }
}
