{
  "energy": {
    "variance": 0.0008231635120407865,
    "error": 2.8690826269746686e-5,
    "mean": -0.7693182543491096
  },
  "spin_stiffness": {
    "variance": 0.01180043038768924,
    "error": 0.00010862978591385164,
    "mean": 0.7296922067666898
  },
  "sqr_energy": {
    "variance": 0.0019305249075802049,
    "error": 4.393773899030542e-5,
    "mean": 0.5926737391636385
  }
}
