{
  "energy": {
    "variance": 0.0008336309190238992,
    "error": 2.8872667334763154e-5,
    "mean": -1.7580360799975427
  },
  "spin_stiffness": {
    "variance": 0.0004859576598374921,
    "error": 2.2044447369745793e-5,
    "mean": 0.8728634140382485
  },
  "sqr_energy": {
    "variance": 0.010265816902930556,
    "error": 0.00010132036766085362,
    "mean": 3.0915244886585196
  }
}
