{
  "energy": {
    "variance": 0.000968492277614534,
    "error": 3.112060856754787e-5,
    "mean": -0.7537380976095647
  },
  "spin_stiffness": {
    "variance": 0.014532129348973405,
    "error": 0.000120549281826867,
    "mean": 0.7054602062895589
  },
  "sqr_energy": {
    "variance": 0.0021764980530104543,
    "error": 4.6652953314988046e-5,
    "mean": 0.569089611097208
  }
}
