{
  "energy": {
    "variance": 0.002857918803577834,
    "error": 5.345950620402169e-5,
    "mean": -0.6239016417788421
  },
  "spin_stiffness": {
    "variance": 0.29746240975823096,
    "error": 0.0005454011457250809,
    "mean": 0.37731851835437635
  },
  "sqr_energy": {
    "variance": 0.0043522361093994875,
    "error": 6.597147951501078e-5,
    "mean": 0.39211117455999367
  }
}
