{
  "energy": {
    "variance": 0.0011176018925414606,
    "error": 3.3430553279020984e-5,
    "mean": -0.7378944365431173
  },
  "spin_stiffness": {
    "variance": 0.029302216698874377,
    "error": 0.0001711789026103228,
    "mean": 0.6737964276199586
  },
  "sqr_energy": {
    "variance": 0.0024040720056553986,
    "error": 4.90313369760136e-5,
    "mean": 0.5456058002562241
  }
}
