{
  "energy": {
    "variance": 0.0007041242503580319,
    "error": 2.6535339650323525e-5,
    "mean": -0.7838838787281753
  },
  "spin_stiffness": {
    "variance": 0.0058851723211013965,
    "error": 7.671487679128083e-5,
    "mean": 0.7536967361845188
  },
  "sqr_energy": {
    "variance": 0.0017166364206458353,
    "error": 4.143231131189564e-5,
    "mean": 0.6151780588761623
  }
}
