{
  "energy": {
    "variance": 0.00300418530505207,
    "error": 5.4810448867456556e-5,
    "mean": -1.5593978175569432
  },
  "spin_stiffness": {
    "variance": 0.0067201199374721824,
    "error": 8.197633766808677e-5,
    "mean": 0.7476718772983572
  },
  "sqr_energy": {
    "variance": 0.028940444550485393,
    "error": 0.00017011891297114907,
    "mean": 2.4347257357022243
  }
}
