{
  "energy": {
    "variance": 0.0006118217542727984,
    "error": 2.4735030913115884e-5,
    "mean": -0.7971458167902483
  },
  "spin_stiffness": {
    "variance": 0.004384095044813402,
    "error": 6.621249915849275e-5,
    "mean": 0.7724238090269007
  },
  "sqr_energy": {
    "variance": 0.001543834225172635,
    "error": 3.9291655923015454e-5,
    "mean": 0.636053274368643
  }
}
