{
  "energy": {
    "variance": 0.002086896015884201,
    "error": 4.568255701998522e-5,
    "mean": -0.6641221098688208
  },
  "spin_stiffness": {
    "variance": 0.1325699343717724,
    "error": 0.00036410154403925893,
    "mean": 0.5055338355637059
  },
  "sqr_energy": {
    "variance": 0.0036159710474959177,
    "error": 6.013294477651928e-5,
    "mean": 0.44314507074560217
  }
}
