{
  "energy": {
    "variance": 0.0009780446716355306,
    "error": 3.1273705754763546e-5,
    "mean": -0.7519848649776077
  },
  "spin_stiffness": {
    "variance": 0.01510313101155141,
    "error": 0.00012289479651942718,
    "mean": 0.7026630955168973
  },
  "sqr_energy": {
    "variance": 0.002188059474492349,
    "error": 4.6776697986201945e-5,
    "mean": 0.5664592808489818
  }
}
