{
  "energy": {
    "variance": 0.0008465397680623147,
    "error": 2.9095356469071053e-5,
    "mean": -0.7668686883377043
  },
  "spin_stiffness": {
    "variance": 0.0126615389086984,
    "error": 0.00011252350380564231,
    "mean": 0.7258947051221126
  },
  "sqr_energy": {
    "variance": 0.0019716747123752743,
    "error": 4.440354391684603e-5,
    "mean": 0.5889341240743136
  }
}
