{
  "energy": {
    "variance": 0.003715087802705825,
    "error": 6.0951520101682655e-5,
    "mean": -1.5183070455084169
  },
  "spin_stiffness": {
    "variance": 0.012531515829260632,
    "error": 0.0001119442532212379,
    "mean": 0.7153646809012442
  },
  "sqr_energy": {
    "variance": 0.03387657841377726,
    "error": 0.00018405591110794912,
    "mean": 2.3089713685281152
  }
}
