{
  "energy": {
    "variance": 0.0031657590571755284,
    "error": 5.626507848724223e-5,
    "mean": -1.5504509553247592
  },
  "spin_stiffness": {
    "variance": 0.007326537105709702,
    "error": 8.559519323951376e-5,
    "mean": 0.7413103989514963
  },
  "sqr_energy": {
    "variance": 0.03013621377170028,
    "error": 0.00017359785071163837,
    "mean": 2.407063920758875
  }
}
