{
  "energy": {
    "variance": 0.0022236744222208695,
    "error": 4.7155852470513875e-5,
    "mean": -0.6544727617859454
  },
  "spin_stiffness": {
    "variance": 0.21856572103882435,
    "error": 0.00046751012934355163,
    "mean": 0.4610665393360661
  },
  "sqr_energy": {
    "variance": 0.00373244193737386,
    "error": 6.109371438514653e-5,
    "mean": 0.4305582681182694
  }
}
