{
  "energy": {
    "variance": 0.0011893243783177314,
    "error": 3.448658258392286e-5,
    "mean": -0.7313864615472924
  },
  "spin_stiffness": {
    "variance": 0.028380476731023094,
    "error": 0.00016846506086136407,
    "mean": 0.6642854268021225
  },
  "sqr_energy": {
    "variance": 0.002510568839750957,
    "error": 5.010557693262255e-5,
    "mean": 0.5361154793236623
  }
}
