{
  "energy": {
    "variance": 0.011499567003919142,
    "error": 0.00010723603407399558,
    "mean": -1.223560991164004
  },
  "spin_stiffness": {
    "variance": 0.27791001148517924,
    "error": 0.0005271717096783355,
    "mean": 0.35516289578893395
  },
  "sqr_energy": {
    "variance": 0.06776716989613843,
    "error": 0.00026032128206533256,
    "mean": 1.5086010546025923
  }
}
