{
  "energy": {
    "variance": 0.0002536949948312333,
    "error": 1.5927805713004956e-5,
    "mean": -0.8657069418568648
  },
  "spin_stiffness": {
    "variance": 0.0006642326649745336,
    "error": 2.5772711634101168e-5,
    "mean": 0.8578807694638262
  },
  "sqr_energy": {
    "variance": 0.0007572041173212154,
    "error": 2.7517342119492852e-5,
    "mean": 0.7497022039203015
  }
}
