{
  "energy": {
    "variance": 0.0007716710852218743,
    "error": 2.7778968397366275e-5,
    "mean": -0.7752454415335066
  },
  "spin_stiffness": {
    "variance": 0.0077520248904942276,
    "error": 8.80455841623771e-5,
    "mean": 0.7405910308415802
  },
  "sqr_energy": {
    "variance": 0.0018387969005581256,
    "error": 4.288119518574693e-5,
    "mean": 0.6017771649320325
  }
}
