{
  "energy": {
    "variance": 0.0013576027303153428,
    "error": 3.684566094284838e-5,
    "mean": -0.7151564009389544
  },
  "spin_stiffness": {
    "variance": 0.03606426817865516,
    "error": 0.0001899059456116505,
    "mean": 0.6347262486542693
  },
  "sqr_energy": {
    "variance": 0.0027387821109477743,
    "error": 5.23333747330303e-5,
    "mean": 0.5128062791766712
  }
}
