{
  "energy": {
    "variance": 0.0005579513835776865,
    "error": 2.3620994550985496e-5,
    "mean": -0.805632366480679
  },
  "spin_stiffness": {
    "variance": 0.0032491624092090415,
    "error": 5.7001424624381465e-5,
    "mean": 0.7840705990997282
  },
  "sqr_energy": {
    "variance": 0.0014382293455501645,
    "error": 3.792399432483562e-5,
    "mean": 0.6496014607468855
  }
}
