{
  "energy": {
    "variance": 0.01083672905726869,
    "error": 0.00010409961122534843,
    "mean": -1.2550464113982192
  },
  "spin_stiffness": {
    "variance": 0.24457677387978075,
    "error": 0.000494547039097173,
    "mean": 0.39885742475128355
  },
  "sqr_energy": {
    "variance": 0.06693109365728145,
    "error": 0.00025871044365715403,
    "mean": 1.5859782129840878
  }
}
