{
  "energy": {
    "variance": 0.003092246707778371,
    "error": 5.5607973419091356e-5,
    "mean": -1.5529771304923632
  },
  "spin_stiffness": {
    "variance": 0.007825376693914185,
    "error": 8.846115923903657e-5,
    "mean": 0.7428802664484345
  },
  "sqr_energy": {
    "variance": 0.029546004960389626,
    "error": 0.00017188951381742176,
    "mean": 2.4148302114478257
  }
}
