{
  "energy": {
    "variance": 0.0020604773022944354,
    "error": 4.539248068011303e-5,
    "mean": -1.6272752371116235
  },
  "spin_stiffness": {
    "variance": 0.0025614643126935844,
    "error": 5.061091100438308e-5,
    "mean": 0.7949044029396327
  },
  "sqr_energy": {
    "variance": 0.021669172686261597,
    "error": 0.0001472045267179702,
    "mean": 2.6500851725585073
  }
}
