{
  "energy": {
    "variance": 0.0117179812350074,
    "error": 0.00010824962464141573,
    "mean": -1.2147748954938864
  },
  "spin_stiffness": {
    "variance": 0.27622972419530484,
    "error": 0.0005255756122531798,
    "mean": 0.3453902977099545
  },
  "sqr_energy": {
    "variance": 0.06805943109927219,
    "error": 0.00026088202525140013,
    "mean": 1.4873960162392086
  }
}
