{
  "energy": {
    "variance": 0.0030648828084293626,
    "error": 5.536138372935925e-5,
    "mean": -0.6009270794929567
  },
  "spin_stiffness": {
    "variance": 0.30999148875218174,
    "error": 0.0005567687929043632,
    "mean": 0.31995266967118924
  },
  "sqr_energy": {
    "variance": 0.0043556420556499845,
    "error": 6.599728824466945e-5,
    "mean": 0.36417823461148086
  }
}
