{
  "energy": {
    "variance": 0.007230723873415718,
    "error": 8.503366317768345e-5,
    "mean": -1.3703829813292114
  },
  "spin_stiffness": {
    "variance": 0.09550283321508261,
    "error": 0.00030903532680760397,
    "mean": 0.5621200770630314
  },
  "sqr_energy": {
    "variance": 0.053279000284898306,
    "error": 0.00023082244320017564,
    "mean": 1.8851802321594298
  }
}
