{
  "energy": {
    "variance": 0.0013329963583619913,
    "error": 3.65102226556069e-5,
    "mean": -0.7187603815015199
  },
  "spin_stiffness": {
    "variance": 0.04116680249389647,
    "error": 0.00020289603863529832,
    "mean": 0.6399660659764417
  },
  "sqr_energy": {
    "variance": 0.0027142261581594457,
    "error": 5.2098235653037673e-5,
    "mean": 0.5179494810415761
  }
}
