{
  "energy": {
    "variance": 0.0009464389317053368,
    "error": 3.0764247621310953e-5,
    "mean": -0.755210607458655
  },
  "spin_stiffness": {
    "variance": 0.012051070096751324,
    "error": 0.00010977736604943354,
    "mean": 0.70896045661738
  },
  "sqr_energy": {
    "variance": 0.002137139560443537,
    "error": 4.6229206790118484e-5,
    "mean": 0.5712894996033371
  }
}
