{
  "energy": {
    "variance": 0.003805904979170016,
    "error": 6.169201714298226e-5,
    "mean": -1.513271835708588
  },
  "spin_stiffness": {
    "variance": 0.013872769892156214,
    "error": 0.00011778272323289276,
    "mean": 0.7115515055763004
  },
  "sqr_energy": {
    "variance": 0.03445628591280917,
    "error": 0.00018562404454382835,
    "mean": 2.293797549922104
  }
}
