{
  "energy": {
    "variance": 0.0029867069235169977,
    "error": 5.465077239634402e-5,
    "mean": -0.46066213773044606
  },
  "spin_stiffness": {
    "variance": 0.38332663448711574,
    "error": 0.0006191337775369034,
    "mean": 0.04082074747610425
  },
  "sqr_energy": {
    "variance": 0.0025905177683635833,
    "error": 5.089712927428799e-5,
    "mean": 0.2151963090751945
  }
}
