{
  "energy": {
    "variance": 0.002826462912373187,
    "error": 5.3164489204479214e-5,
    "mean": -0.6140237022793535
  },
  "spin_stiffness": {
    "variance": 0.24128383289430994,
    "error": 0.0004912065073818851,
    "mean": 0.3572377263602378
  },
  "sqr_energy": {
    "variance": 0.004191511780345276,
    "error": 6.4741885826297e-5,
    "mean": 0.3798515670467545
  }
}
