{
  "energy": {
    "variance": 0.00562046174307181,
    "error": 7.496973884889696e-5,
    "mean": -1.4305269693435123
  },
  "spin_stiffness": {
    "variance": 0.045505061928982286,
    "error": 0.00021331915509157232,
    "mean": 0.6317347559160148
  },
  "sqr_energy": {
    "variance": 0.04527839211979818,
    "error": 0.00021278719914458714,
    "mean": 2.0520278661417444
  }
}
