{
  "energy": {
    "variance": 0.001782792136061486,
    "error": 4.222312323906754e-5,
    "mean": -0.6821404151881058
  },
  "spin_stiffness": {
    "variance": 0.07570438029915279,
    "error": 0.00027514428996283527,
    "mean": 0.5584437845226045
  },
  "sqr_energy": {
    "variance": 0.003263591679663306,
    "error": 5.71278537988546e-5,
    "mean": 0.4670983363862706
  }
}
