{
  "energy": {
    "variance": 0.0024769597945768357,
    "error": 4.9769064634337213e-5,
    "mean": -1.59464192942163
  },
  "spin_stiffness": {
    "variance": 0.0038685446343602777,
    "error": 6.21976256328188e-5,
    "mean": 0.7732702560040687
  },
  "sqr_energy": {
    "variance": 0.02498872575202769,
    "error": 0.00015807822668548535,
    "mean": 2.545359840387156
  }
}
