{
  "energy": {
    "variance": 0.004212002423510551,
    "error": 6.489994162948492e-5,
    "mean": -1.4932964503931068
  },
  "spin_stiffness": {
    "variance": 0.01677787651825009,
    "error": 0.00012952944266941818,
    "mean": 0.6945668997375622
  },
  "sqr_energy": {
    "variance": 0.03709615634208333,
    "error": 0.00019260362494533519,
    "mean": 2.2341462869681603
  }
}
