{
  "energy": {
    "variance": 0.0028314153628983935,
    "error": 5.3211045497137093e-5,
    "mean": -0.4163427468121939
  },
  "spin_stiffness": {
    "variance": 0.3426922653597731,
    "error": 0.0005853992358722149,
    "mean": 0.015720072354741467
  },
  "sqr_energy": {
    "variance": 0.0020027134877332957,
    "error": 4.475168698198198e-5,
    "mean": 0.17617269535460556
  }
}
