{
  "energy": {
    "variance": 0.0014715347851416264,
    "error": 3.836058895717878e-5,
    "mean": -0.706506720183331
  },
  "spin_stiffness": {
    "variance": 0.05073419676235981,
    "error": 0.00022524252876035604,
    "mean": 0.617207244115664
  },
  "sqr_energy": {
    "variance": 0.002893743723866802,
    "error": 5.379352864301432e-5,
    "mean": 0.5006232789778144
  }
}
