{
  "energy": {
    "variance": 0.009718722065952855,
    "error": 9.858357908877551e-5,
    "mean": -1.2910328824899653
  },
  "spin_stiffness": {
    "variance": 0.18864950537017436,
    "error": 0.0004343380082034893,
    "mean": 0.45227808005068443
  },
  "sqr_energy": {
    "variance": 0.06344033226091697,
    "error": 0.00025187364344233593,
    "mean": 1.6764846160175793
  }
}
