{
  "energy": {
    "variance": 0.004886334003683845,
    "error": 6.990231758449676e-5,
    "mean": -1.460563581236199
  },
  "spin_stiffness": {
    "variance": 0.029137496237575212,
    "error": 0.00017069708913035165,
    "mean": 0.6635713696476908
  },
  "sqr_energy": {
    "variance": 0.04109912523956586,
    "error": 0.0002027291918781453,
    "mean": 2.1381323039508606
  }
}
