{
  "energy": {
    "variance": 0.0009097453945561784,
    "error": 3.0161985918639018e-5,
    "mean": -0.7591939115694104
  },
  "spin_stiffness": {
    "variance": 0.011342229637458548,
    "error": 0.00010649990440117094,
    "mean": 0.7151488647883174
  },
  "sqr_energy": {
    "variance": 0.002076302085559602,
    "error": 4.556645790007823e-5,
    "mean": 0.5772851398488725
  }
}
