{
  "energy": {
    "variance": 0.0011683875674978364,
    "error": 3.4181684679047586e-5,
    "mean": -0.7333624610962386
  },
  "spin_stiffness": {
    "variance": 0.02865118832729848,
    "error": 0.00016926661905791845,
    "mean": 0.6676211912546312
  },
  "sqr_energy": {
    "variance": 0.002479560556785719,
    "error": 4.9795186080440736e-5,
    "mean": 0.5389888857442422
  }
}
