{
  "energy": {
    "variance": 0.0014576407953332579,
    "error": 3.8179062263670885e-5,
    "mean": -0.7087497202454855
  },
  "spin_stiffness": {
    "variance": 0.05916754999384519,
    "error": 0.0002432438077194262,
    "mean": 0.6177169535597571
  },
  "sqr_energy": {
    "variance": 0.00288117052873895,
    "error": 5.367653610972815e-5,
    "mean": 0.5037838052857465
  }
}
