{
  "energy": {
    "variance": 0.004686331481282088,
    "error": 6.845678550211139e-5,
    "mean": -1.4706492536761968
  },
  "spin_stiffness": {
    "variance": 0.02399300603073215,
    "error": 0.00015489675926478306,
    "mean": 0.6732277079412001
  },
  "sqr_energy": {
    "variance": 0.03997671801760417,
    "error": 0.00019994178657200244,
    "mean": 2.1674955541333047
  }
}
