{
  "energy": {
    "variance": 0.0035637246120151594,
    "error": 5.969693972068551e-5,
    "mean": -1.526331985042332
  },
  "spin_stiffness": {
    "variance": 0.010269231283003725,
    "error": 0.00010133721568606335,
    "mean": 0.722499826031461
  },
  "sqr_energy": {
    "variance": 0.03284177983409774,
    "error": 0.00018122301132609438,
    "mean": 2.333253049611556
  }
}
