{
  "energy": {
    "variance": 0.005861245617470736,
    "error": 7.655877230906159e-5,
    "mean": -1.42181142039585
  },
  "spin_stiffness": {
    "variance": 0.058162718989525,
    "error": 0.00024116948187846032,
    "mean": 0.6226464965176857
  },
  "sqr_energy": {
    "variance": 0.04662585041932889,
    "error": 0.00021593019802549363,
    "mean": 2.0274089549242897
  }
}
