{
  "energy": {
    "variance": 0.0006920423084285133,
    "error": 2.6306697026204437e-5,
    "mean": -0.7858727086268521
  },
  "spin_stiffness": {
    "variance": 0.005748255486199734,
    "error": 7.581725058454528e-5,
    "mean": 0.756450342086012
  },
  "sqr_energy": {
    "variance": 0.0016958747041628283,
    "error": 4.118099930991025e-5,
    "mean": 0.6182879557808915
  }
}
