{
  "energy": {
    "variance": 0.011974656901876641,
    "error": 0.00010942877547462844,
    "mean": -1.2067220649180899
  },
  "spin_stiffness": {
    "variance": 0.28126265053231714,
    "error": 0.0005303420127920445,
    "mean": 0.3340154884782494
  },
  "sqr_energy": {
    "variance": 0.06871894314163567,
    "error": 0.00026214298224754305,
    "mean": 1.4681527868873985
  }
}
