{
  "energy": {
    "variance": 0.0009208804579542329,
    "error": 3.0346012224907458e-5,
    "mean": -0.7579373111930359
  },
  "spin_stiffness": {
    "variance": 0.012359368456167509,
    "error": 0.00011117269654086614,
    "mean": 0.7128155152866729
  },
  "sqr_energy": {
    "variance": 0.0020937921102151826,
    "error": 4.5757973187360284e-5,
    "mean": 0.5753898472356026
  }
}
