{
  "energy": {
    "variance": 0.0007454975673668867,
    "error": 2.7303801335471343e-5,
    "mean": -0.778579042437152
  },
  "spin_stiffness": {
    "variance": 0.007074948122039911,
    "error": 8.411271082327517e-5,
    "mean": 0.7455975607937012
  },
  "sqr_energy": {
    "variance": 0.0017920546196590684,
    "error": 4.2332666106200634e-5,
    "mean": 0.6069308221442219
  }
}
