{
  "energy": {
    "variance": 0.000997634493801346,
    "error": 3.158535251982073e-5,
    "mean": -0.7503682548068596
  },
  "spin_stiffness": {
    "variance": 0.014459780430433418,
    "error": 0.00012024882714784962,
    "mean": 0.7005161421729739
  },
  "sqr_energy": {
    "variance": 0.002221955428528193,
    "error": 4.7137622219711e-5,
    "mean": 0.564050151318059
  }
}
