{
  "energy": {
    "variance": 0.00010691429070219327,
    "error": 1.0339936687533115e-5,
    "mean": -0.9131229421498993
  },
  "spin_stiffness": {
    "variance": 0.00020308882829662728,
    "error": 1.4250923769939523e-5,
    "mean": 0.9101904730960774
  },
  "sqr_energy": {
    "variance": 0.00035565531745887567,
    "error": 1.8858825983047714e-5,
    "mean": 0.8339004216642762
  }
}
