{
  "energy": {
    "variance": 0.0014155429549793698,
    "error": 3.762370203713837e-5,
    "mean": -0.7108070091089639
  },
  "spin_stiffness": {
    "variance": 0.0362401543546613,
    "error": 0.00019036846995934307,
    "mean": 0.6272848119083321
  },
  "sqr_energy": {
    "variance": 0.0028190577944868685,
    "error": 5.309480007012804e-5,
    "mean": 0.5066621457378669
  }
}
