{
  "energy": {
    "variance": 0.0008803652168426284,
    "error": 2.9670949038455585e-5,
    "mean": -0.7619354061341449
  },
  "spin_stiffness": {
    "variance": 0.01039441614800859,
    "error": 0.00010195300950932537,
    "mean": 0.7200563020603246
  },
  "sqr_energy": {
    "variance": 0.002024338710289158,
    "error": 4.49926517365798e-5,
    "mean": 0.5814259274572816
  }
}
