{
  "energy": {
    "variance": 0.00455732348761532,
    "error": 6.750795129179465e-5,
    "mean": -1.4772665989227765
  },
  "spin_stiffness": {
    "variance": 0.023607748106900535,
    "error": 0.00015364813082787744,
    "mean": 0.6789279716359622
  },
  "sqr_energy": {
    "variance": 0.03922559362628057,
    "error": 0.00019805452185264684,
    "mean": 2.1868739232231587
  }
}
