{
  "energy": {
    "variance": 0.0008809258576818357,
    "error": 2.968039517395002e-5,
    "mean": -1.7518719191798913
  },
  "spin_stiffness": {
    "variance": 0.0005287331271821821,
    "error": 2.2994197685115738e-5,
    "mean": 0.8693626359986505
  },
  "sqr_energy": {
    "variance": 0.010772738823194041,
    "error": 0.00010379180518323226,
    "mean": 3.069936146187791
  }
}
