{
  "energy": {
    "variance": 0.0030147425291204236,
    "error": 5.4906671080301564e-5,
    "mean": -0.605642887923924
  },
  "spin_stiffness": {
    "variance": 0.3422539759087115,
    "error": 0.00058502476520974,
    "mean": 0.33055709447967146
  },
  "sqr_energy": {
    "variance": 0.004353185328183765,
    "error": 6.597867328299172e-5,
    "mean": 0.36981804720720857
  }
}
