{
  "energy": {
    "variance": 0.0009336504904771262,
    "error": 3.05556948943585e-5,
    "mean": -0.7565563481751056
  },
  "spin_stiffness": {
    "variance": 0.011691959963487033,
    "error": 0.00010812936679499716,
    "mean": 0.7112327388986416
  },
  "sqr_energy": {
    "variance": 0.002115167203670352,
    "error": 4.5990946975142316e-5,
    "mean": 0.5733111575208781
  }
}
