{
  "energy": {
    "variance": 0.0028693034327940204,
    "error": 5.356587937105131e-5,
    "mean": -1.5679433017782765
  },
  "spin_stiffness": {
    "variance": 0.005999732935432413,
    "error": 7.74579430105939e-5,
    "mean": 0.7540563066881296
  },
  "sqr_energy": {
    "variance": 0.027956953409472938,
    "error": 0.00016720332954063127,
    "mean": 2.4613154981548537
  }
}
