{
  "energy": {
    "variance": 0.004072561566865205,
    "error": 6.381662453362137e-5,
    "mean": -1.49916762765631
  },
  "spin_stiffness": {
    "variance": 0.015906680797554352,
    "error": 0.00012612169043251184,
    "mean": 0.6993060955817916
  },
  "sqr_energy": {
    "variance": 0.0361690078371189,
    "error": 0.00019018151286894028,
    "mean": 2.251576133306952
  }
}
