{
  "energy": {
    "variance": 0.002424805979725117,
    "error": 4.924231899215467e-5,
    "mean": -0.3413451271196668
  },
  "spin_stiffness": {
    "variance": 0.2362059129624214,
    "error": 0.0004860101984140059,
    "mean": 0.0005267605822984972
  },
  "sqr_energy": {
    "variance": 0.0011517455094068958,
    "error": 3.393737628937888e-5,
    "mean": 0.11894129936326059
  }
}
