{
  "energy": {
    "variance": 0.0014814763376395134,
    "error": 3.848995112544979e-5,
    "mean": -0.7122137058795609
  },
  "spin_stiffness": {
    "variance": 0.07308042196096201,
    "error": 0.0002703339082707939,
    "mean": 0.6186537194160407
  },
  "sqr_energy": {
    "variance": 0.002943003712089862,
    "error": 5.424945817323765e-5,
    "mean": 0.5087298376988609
  }
}
