{
  "energy": {
    "variance": 0.004014766245266094,
    "error": 6.336218308475564e-5,
    "mean": -1.5022682556842593
  },
  "spin_stiffness": {
    "variance": 0.014741606641413794,
    "error": 0.0001214150181872646,
    "mean": 0.7023323954544819
  },
  "sqr_energy": {
    "variance": 0.03579323027272113,
    "error": 0.00018919098887822626,
    "mean": 2.260824674267127
  }
}
