{
  "energy": {
    "variance": 0.006312595342034887,
    "error": 7.945184291150764e-5,
    "mean": -1.4043416063939214
  },
  "spin_stiffness": {
    "variance": 0.062441083983810784,
    "error": 0.00024988214018574993,
    "mean": 0.6021985230593975
  },
  "sqr_energy": {
    "variance": 0.04890728061798365,
    "error": 0.00022114990530855682,
    "mean": 1.9784879364784993
  }
}
