{
  "energy": {
    "variance": 0.004163967734104846,
    "error": 6.452881320855704e-5,
    "mean": -1.4959260942623531
  },
  "spin_stiffness": {
    "variance": 0.018405633948020653,
    "error": 0.00013566736508099748,
    "mean": 0.6959090462783113
  },
  "sqr_energy": {
    "variance": 0.036808223118144204,
    "error": 0.000191854692718589,
    "mean": 2.241958843065156
  }
}
