{
  "energy": {
    "variance": 0.003041457215361197,
    "error": 5.5149408114332446e-5,
    "mean": -1.5573787314797194
  },
  "spin_stiffness": {
    "variance": 0.006963217663195115,
    "error": 8.344589662287244e-5,
    "mean": 0.7462118546365227
  },
  "sqr_energy": {
    "variance": 0.029218814642787194,
    "error": 0.00017093511822556298,
    "mean": 2.428469967439283
  }
}
