{
  "energy": {
    "variance": 0.00653672003842411,
    "error": 8.084998477689473e-5,
    "mean": -1.395589201987402
  },
  "spin_stiffness": {
    "variance": 0.07809525378476224,
    "error": 0.00027945528047392887,
    "mean": 0.5921812617363666
  },
  "sqr_energy": {
    "variance": 0.050049687139885654,
    "error": 0.00022371787398392122,
    "mean": 1.9542059342055371
  }
}
