{
  "energy": {
    "variance": 0.005979883642761291,
    "error": 7.732970737537607e-5,
    "mean": -1.4175698867932083
  },
  "spin_stiffness": {
    "variance": 0.055149476717770644,
    "error": 0.0002348392571904677,
    "mean": 0.6180954003758085
  },
  "sqr_energy": {
    "variance": 0.04725520947996594,
    "error": 0.0002173826338049246,
    "mean": 2.0154842616057866
  }
}
