{
  "energy": {
    "variance": 0.0008697256470724532,
    "error": 2.949111132311655e-5,
    "mean": -0.7632205771820685
  },
  "spin_stiffness": {
    "variance": 0.009738234999193872,
    "error": 9.868249591084466e-5,
    "mean": 0.7225491298490107
  },
  "sqr_energy": {
    "variance": 0.0020073095858445687,
    "error": 4.4803008669558884e-5,
    "mean": 0.5833753742114764
  }
}
