{
  "energy": {
    "variance": 0.002010994791888293,
    "error": 4.4844116580531415e-5,
    "mean": -0.6697424142171016
  },
  "spin_stiffness": {
    "variance": 0.139794927743289,
    "error": 0.0003738915989204478,
    "mean": 0.5139934897854282
  },
  "sqr_energy": {
    "variance": 0.003534414802417942,
    "error": 5.945094450400214e-5,
    "mean": 0.45056589418224513
  }
}
