{
  "energy": {
    "variance": 0.001790656241709061,
    "error": 4.231614634757117e-5,
    "mean": -0.684260455050581
  },
  "spin_stiffness": {
    "variance": 0.09410061248235359,
    "error": 0.0003067582313196397,
    "mean": 0.5578828734449279
  },
  "sqr_energy": {
    "variance": 0.003295376992143683,
    "error": 5.7405374244435365e-5,
    "mean": 0.470003024797081
  }
}
