{
  "energy": {
    "variance": 0.006191006377418467,
    "error": 7.868294845402317e-5,
    "mean": -1.4088475569721115
  },
  "spin_stiffness": {
    "variance": 0.06077102601281649,
    "error": 0.00024651780060031464,
    "mean": 0.6073899600373118
  },
  "sqr_energy": {
    "variance": 0.048288015855404036,
    "error": 0.00021974534319389806,
    "mean": 1.9910424389726997
  }
}
