{
  "energy": {
    "variance": 0.0010012497861214475,
    "error": 3.164253128498805e-5,
    "mean": -0.7491817992585006
  },
  "spin_stiffness": {
    "variance": 0.014263057623475791,
    "error": 0.00011942804370614044,
    "mean": 0.6996368431586156
  },
  "sqr_energy": {
    "variance": 0.0022227255103697227,
    "error": 4.714578995382009e-5,
    "mean": 0.562274617125076
  }
}
