{
  "energy": {
    "variance": 0.00928949655239835,
    "error": 9.6382034386074e-5,
    "mean": -1.3056301878063732
  },
  "spin_stiffness": {
    "variance": 0.16701520990379648,
    "error": 0.00040867494406165457,
    "mean": 0.47456238197631007
  },
  "sqr_energy": {
    "variance": 0.062030288698653784,
    "error": 0.0002490588057039015,
    "mean": 1.7139596745742067
  }
}
