{
  "energy": {
    "variance": 0.0007141260308354857,
    "error": 2.6723136620454677e-5,
    "mean": -0.7828325095385028
  },
  "spin_stiffness": {
    "variance": 0.00628370140171492,
    "error": 7.926980132253971e-5,
    "mean": 0.7518617379133047
  },
  "sqr_energy": {
    "variance": 0.001735746706313977,
    "error": 4.1662293579614376e-5,
    "mean": 0.6135408633070596
  }
}
