{
  "energy": {
    "variance": 0.0013598672814869608,
    "error": 3.6876378367282225e-5,
    "mean": -0.7167243654452428
  },
  "spin_stiffness": {
    "variance": 0.036280728547783775,
    "error": 0.0001904750076723552,
    "mean": 0.635701234456736
  },
  "sqr_energy": {
    "variance": 0.002751891547582838,
    "error": 5.245847450682147e-5,
    "mean": 0.5150536819445054
  }
}
