{
  "energy": {
    "variance": 0.0032211005404950573,
    "error": 5.6754740246917324e-5,
    "mean": -1.545829604571422
  },
  "spin_stiffness": {
    "variance": 0.008381900560744915,
    "error": 9.155272011658045e-5,
    "mean": 0.7377749227820756
  },
  "sqr_energy": {
    "variance": 0.030475491360292123,
    "error": 0.0001745723098326081,
    "mean": 2.392810263688833
  }
}
