{
  "energy": {
    "variance": 0.0010680773979575122,
    "error": 3.268145342480215e-5,
    "mean": -0.742989917562557
  },
  "spin_stiffness": {
    "variance": 0.018232934060707157,
    "error": 0.0001350293822125657,
    "mean": 0.6866905788576547
  },
  "sqr_energy": {
    "variance": 0.002330539633073869,
    "error": 4.8275662948051464e-5,
    "mean": 0.5531020939294954
  }
}
