{
  "energy": {
    "variance": 0.003909253730937324,
    "error": 6.252402522980525e-5,
    "mean": -1.5076390050229318
  },
  "spin_stiffness": {
    "variance": 0.014751455818390363,
    "error": 0.00012145557137649291,
    "mean": 0.7067228643726778
  },
  "sqr_energy": {
    "variance": 0.035127529111664675,
    "error": 0.0001874233953156987,
    "mean": 2.2768846192882197
  }
}
