{
  "energy": {
    "variance": 0.004847575783313294,
    "error": 6.962453434898717e-5,
    "mean": -1.4635568414243463
  },
  "spin_stiffness": {
    "variance": 0.029628342365355536,
    "error": 0.00017212885395933924,
    "mean": 0.6662434179630943
  },
  "sqr_energy": {
    "variance": 0.04093261267674679,
    "error": 0.00020231809774893294,
    "mean": 2.146846199015746
  }
}
