{
  "energy": {
    "variance": 0.0008021580170049294,
    "error": 2.832239426681525e-5,
    "mean": -0.7717759478610781
  },
  "spin_stiffness": {
    "variance": 0.010724156066590287,
    "error": 0.00010355750125698423,
    "mean": 0.7341520745825186
  },
  "sqr_energy": {
    "variance": 0.001893664652265441,
    "error": 4.351625733292606e-5,
    "mean": 0.5964402709117125
  }
}
