{
  "energy": {
    "variance": 0.0011007150527544832,
    "error": 3.317702597814463e-5,
    "mean": -0.739831374045799
  },
  "spin_stiffness": {
    "variance": 0.019764993046136676,
    "error": 0.00014058802596998322,
    "mean": 0.6816298118992354
  },
  "sqr_energy": {
    "variance": 0.002380006758074375,
    "error": 4.878531293406219e-5,
    "mean": 0.5484511759745344
  }
}
