{
  "energy": {
    "variance": 0.005014022748317967,
    "error": 7.080976449839363e-5,
    "mean": -1.4568398456240366
  },
  "spin_stiffness": {
    "variance": 0.03183484900313297,
    "error": 0.00017842322999859903,
    "mean": 0.6593433269310018
  },
  "sqr_energy": {
    "variance": 0.04194300888667343,
    "error": 0.00020479992403971598,
    "mean": 2.1273963535321623
  }
}
