{
  "energy": {
    "variance": 0.006981278762547043,
    "error": 8.355404695493238e-5,
    "mean": -1.3803644066483518
  },
  "spin_stiffness": {
    "variance": 0.08061209134045888,
    "error": 0.00028392268549811035,
    "mean": 0.5745051542990901
  },
  "sqr_energy": {
    "variance": 0.05220512040716311,
    "error": 0.0002284843986077892,
    "mean": 1.912387166922925
  }
}
