{
  "energy": {
    "variance": 0.0032633653982960757,
    "error": 5.712587328256852e-5,
    "mean": -1.5435763258685982
  },
  "spin_stiffness": {
    "variance": 0.007914348345218387,
    "error": 8.896262330450012e-5,
    "mean": 0.7361824498608397
  },
  "sqr_energy": {
    "variance": 0.030784969114270287,
    "error": 0.00017545645931190532,
    "mean": 2.385891235916932
  }
}
