{
  "energy": {
    "variance": 0.0017450495292388245,
    "error": 4.1773789979349786e-5,
    "mean": -1.6543570040892093
  },
  "spin_stiffness": {
    "variance": 0.0017195359620244205,
    "error": 4.146728785469843e-5,
    "mean": 0.8120638547279353
  },
  "sqr_energy": {
    "variance": 0.018982457938812168,
    "error": 0.000137776841083007,
    "mean": 2.7386421447632134
  }
}
