{
  "energy": {
    "variance": 0.0007218646723243696,
    "error": 2.6867539379786338e-5,
    "mean": -0.7816885900035031
  },
  "spin_stiffness": {
    "variance": 0.006301491309495116,
    "error": 7.938193314284502e-5,
    "mean": 0.7503949507060181
  },
  "sqr_energy": {
    "variance": 0.0017496262584099454,
    "error": 4.182853402176492e-5,
    "mean": 0.6117589156921245
  }
}
