{
  "energy": {
    "variance": 0.0010378741416439243,
    "error": 3.221605409797923e-5,
    "mean": -0.7460108508548557
  },
  "spin_stiffness": {
    "variance": 0.016439578563190567,
    "error": 0.00012821691995673024,
    "mean": 0.6931644242496996
  },
  "sqr_energy": {
    "variance": 0.002284086006228043,
    "error": 4.779211238507922e-5,
    "mean": 0.5575700626969555
  }
}
