{
  "energy": {
    "variance": 0.0026614310261983596,
    "error": 5.1589059171478986e-5,
    "mean": -0.6283274877669978
  },
  "spin_stiffness": {
    "variance": 0.26540901871611233,
    "error": 0.0005151786279690883,
    "mean": 0.387583094500278
  },
  "sqr_energy": {
    "variance": 0.004118233183711445,
    "error": 6.417346167779517e-5,
    "mean": 0.39745686024835414
  }
}
