{
  "energy": {
    "variance": 0.0012435862251833857,
    "error": 3.526451793493547e-5,
    "mean": -0.7260529299444114
  },
  "spin_stiffness": {
    "variance": 0.030627119902662363,
    "error": 0.00017500605675993723,
    "mean": 0.6545956333622424
  },
  "sqr_energy": {
    "variance": 0.0025857776825225377,
    "error": 5.085054259811332e-5,
    "mean": 0.5283964420624615
  }
}
