{
  "energy": {
    "variance": 0.003102273512951274,
    "error": 5.569805663531964e-5,
    "mean": -1.5548590730816194
  },
  "spin_stiffness": {
    "variance": 0.007348775591994018,
    "error": 8.572499980748917e-5,
    "mean": 0.7441751061738799
  },
  "sqr_energy": {
    "variance": 0.029699475289717246,
    "error": 0.00017233535705048238,
    "mean": 2.4206890075549103
  }
}
