{
  "energy": {
    "variance": 0.0016924452540808357,
    "error": 4.1139339494951005e-5,
    "mean": -0.687910305324272
  },
  "spin_stiffness": {
    "variance": 0.07162828292837935,
    "error": 0.0002676346071201917,
    "mean": 0.5753794697614261
  },
  "sqr_energy": {
    "variance": 0.0031535971094064042,
    "error": 5.615689725587058e-5,
    "mean": 0.4749130317329689
  }
}
