{
  "energy": {
    "variance": 0.011239998641632052,
    "error": 0.00010601885983933261,
    "mean": -0.8329727191550643
  },
  "spin_stiffness": {
    "variance": 0.33948303602527846,
    "error": 0.0005826517279003628,
    "mean": 0.016391292013491796
  },
  "sqr_energy": {
    "variance": 0.03190147621657836,
    "error": 0.0001786098435601419,
    "mean": 0.7050835382582151
  }
}
