{
  "energy": {
    "variance": 0.008826083283269963,
    "error": 9.394723669842537e-5,
    "mean": -1.3185574473016644
  },
  "spin_stiffness": {
    "variance": 0.15058336464600725,
    "error": 0.0003880507243209414,
    "mean": 0.49369875433888727
  },
  "sqr_energy": {
    "variance": 0.06011344468735306,
    "error": 0.0002451804329210491,
    "mean": 1.7474198162918682
  }
}
