{
  "energy": {
    "variance": 0.0006315180146599808,
    "error": 2.513002217786488e-5,
    "mean": -1.7893019697640953
  },
  "spin_stiffness": {
    "variance": 0.0003305034222245041,
    "error": 1.8179753084805748e-5,
    "mean": 0.8901380022253
  },
  "sqr_energy": {
    "variance": 0.008060965374198526,
    "error": 8.978287907055847e-5,
    "mean": 3.2022330563848125
  }
}
