{
  "energy": {
    "variance": 0.0016173918876697222,
    "error": 4.021681100820554e-5,
    "mean": -1.6665262142091213
  },
  "spin_stiffness": {
    "variance": 0.0014815401389884227,
    "error": 3.849077992179975e-5,
    "mean": 0.8195080964014885
  },
  "sqr_energy": {
    "variance": 0.017861241827304974,
    "error": 0.0001336459570181791,
    "mean": 2.7789270129164634
  }
}
