{
  "energy": {
    "variance": 0.0027591030026381824,
    "error": 5.2527164426020393e-5,
    "mean": -1.5757365531483034
  },
  "spin_stiffness": {
    "variance": 0.005756993998400993,
    "error": 7.587485748521043e-5,
    "mean": 0.7595100849344332
  },
  "sqr_energy": {
    "variance": 0.027157982139701362,
    "error": 0.00016479679044114107,
    "mean": 2.4857047851712313
  }
}
