{
  "energy": {
    "variance": 0.007052630680428368,
    "error": 8.397994213160884e-5,
    "mean": -1.3761793082380207
  },
  "spin_stiffness": {
    "variance": 0.07990251452369904,
    "error": 0.00028267032833974466,
    "mean": 0.5701555326801806
  },
  "sqr_energy": {
    "variance": 0.05246360933248889,
    "error": 0.00022904936003510006,
    "mean": 1.9009221120502746
  }
}
