{
  "energy": {
    "variance": 0.0010789517712996956,
    "error": 3.2847401286855185e-5,
    "mean": -0.741413707421248
  },
  "spin_stiffness": {
    "variance": 0.019006499794140937,
    "error": 0.00013786406273623645,
    "mean": 0.6845927286514988
  },
  "sqr_energy": {
    "variance": 0.0023446519585059917,
    "error": 4.842160631893568e-5,
    "mean": 0.5507732362444678
  }
}
