{
  "energy": {
    "variance": 0.001883789320633636,
    "error": 4.340264186237556e-5,
    "mean": -1.6415991928625806
  },
  "spin_stiffness": {
    "variance": 0.0020436259099783517,
    "error": 4.5206480840454185e-5,
    "mean": 0.8041509880073462
  },
  "sqr_energy": {
    "variance": 0.020172195404771623,
    "error": 0.00014202885412750336,
    "mean": 2.696731697443921
  }
}
