{
  "energy": {
    "variance": 0.0034555290040091248,
    "error": 5.878374778805044e-5,
    "mean": -1.5340315324906222
  },
  "spin_stiffness": {
    "variance": 0.011789166613778003,
    "error": 0.00010857792875984513,
    "mean": 0.7277204851386737
  },
  "sqr_energy": {
    "variance": 0.032159685515593395,
    "error": 0.00017933121734821687,
    "mean": 2.356708268224007
  }
}
