{
  "energy": {
    "variance": 0.0013065442818620218,
    "error": 3.614615168813994e-5,
    "mean": -0.7204290096261332
  },
  "spin_stiffness": {
    "variance": 0.03482792922277731,
    "error": 0.00018662242422275334,
    "mean": 0.6443234894015942
  },
  "sqr_energy": {
    "variance": 0.00267485705870791,
    "error": 5.1719020279853626e-5,
    "mean": 0.520324500886209
  }
}
