{
  "energy": {
    "variance": 0.0025842210689367377,
    "error": 5.083523452229504e-5,
    "mean": -0.6337846202305153
  },
  "spin_stiffness": {
    "variance": 0.22095893580646667,
    "error": 0.00047006269348509957,
    "mean": 0.40645175588473453
  },
  "sqr_energy": {
    "variance": 0.0040712480763472995,
    "error": 6.380633257245945e-5,
    "mean": 0.404267163325454
  }
}
