{
  "energy": {
    "variance": 0.0018330382328594443,
    "error": 4.281399575909079e-5,
    "mean": -0.6770861279124909
  },
  "spin_stiffness": {
    "variance": 0.08662309094824693,
    "error": 0.0002943180098944795,
    "mean": 0.5476249624574424
  },
  "sqr_energy": {
    "variance": 0.0033051956808057867,
    "error": 5.74908312760025e-5,
    "mean": 0.4602786610113513
  }
}
