{
  "energy": {
    "variance": 0.0019062333137782903,
    "error": 4.366043190095914e-5,
    "mean": -0.6735128973377936
  },
  "spin_stiffness": {
    "variance": 0.09953628928301987,
    "error": 0.00031549372304852575,
    "mean": 0.5325934286807572
  },
  "sqr_energy": {
    "variance": 0.003404917241751849,
    "error": 5.8351668714372244e-5,
    "mean": 0.4555258542878942
  }
}
