{
  "energy": {
    "variance": 0.0011493987070167807,
    "error": 3.390278317508432e-5,
    "mean": -0.7348548707815798
  },
  "spin_stiffness": {
    "variance": 0.02761740382125665,
    "error": 0.0001661848483504337,
    "mean": 0.6693923561529209
  },
  "sqr_energy": {
    "variance": 0.002451103604007231,
    "error": 4.95086215118865e-5,
    "mean": 0.5411610786690305
  }
}
