{
  "energy": {
    "variance": 0.008618742885770476,
    "error": 9.28371848225186e-5,
    "mean": -1.3254267743799755
  },
  "spin_stiffness": {
    "variance": 0.13006667590686627,
    "error": 0.00036064757854013975,
    "mean": 0.5047775755294628
  },
  "sqr_energy": {
    "variance": 0.05935728343248482,
    "error": 0.00024363350227849377,
    "mean": 1.7653748685103337
  }
}
