{
  "energy": {
    "variance": 0.004340807815642967,
    "error": 6.588480716859515e-5,
    "mean": -1.4873365210948224
  },
  "spin_stiffness": {
    "variance": 0.019106855030355592,
    "error": 0.00013822754801542128,
    "mean": 0.6888587153873278
  },
  "sqr_energy": {
    "variance": 0.037910992634647374,
    "error": 0.0001947074539781345,
    "mean": 2.2165107304572844
  }
}
