{
  "energy": {
    "variance": 0.004791988265249329,
    "error": 6.922418844052509e-5,
    "mean": -1.4672282758376571
  },
  "spin_stiffness": {
    "variance": 0.029282642746089292,
    "error": 0.00017112171909517885,
    "mean": 0.6692000063706629
  },
  "sqr_energy": {
    "variance": 0.04067175303687673,
    "error": 0.0002016723903683316,
    "mean": 2.1575507968908045
  }
}
