{
  "energy": {
    "variance": 0.0007381086693034508,
    "error": 2.7168155426959902e-5,
    "mean": -0.779604322964747
  },
  "spin_stiffness": {
    "variance": 0.006872049688366212,
    "error": 8.289782680122689e-5,
    "mean": 0.747037641906556
  },
  "sqr_energy": {
    "variance": 0.0017789617153639973,
    "error": 4.217773957153225e-5,
    "mean": 0.6085210083165162
  }
}
