{
  "energy": {
    "variance": 0.0015168410044021949,
    "error": 3.894664304406985e-5,
    "mean": -0.7040403348253262
  },
  "spin_stiffness": {
    "variance": 0.05347123678814347,
    "error": 0.00023123848466062797,
    "mean": 0.6084980674503054
  },
  "sqr_energy": {
    "variance": 0.0029608907148315285,
    "error": 5.441406725132324e-5,
    "mean": 0.4971896325485186
  }
}
