{
  "energy": {
    "variance": 0.002910272642929669,
    "error": 5.394694285063491e-5,
    "mean": -1.5655647747484036
  },
  "spin_stiffness": {
    "variance": 0.006183917744091152,
    "error": 7.86378900027916e-5,
    "mean": 0.7521996961916925
  },
  "sqr_energy": {
    "variance": 0.028274632818106396,
    "error": 0.00016815062538719976,
    "mean": 2.4539033336656764
  }
}
