{
  "energy": {
    "variance": 0.009348427332157194,
    "error": 9.668726561526701e-5,
    "mean": -1.299425354995449
  },
  "spin_stiffness": {
    "variance": 0.1643337087287317,
    "error": 0.00040538094273008405,
    "mean": 0.4682058995974155
  },
  "sqr_energy": {
    "variance": 0.06190041852809049,
    "error": 0.0002487979471942855,
    "mean": 1.6978546711887792
  }
}
