{
  "energy": {
    "variance": 0.0034965406495316674,
    "error": 5.913155375543304e-5,
    "mean": -1.5291304011067464
  },
  "spin_stiffness": {
    "variance": 0.010405879836655215,
    "error": 0.00010200921446935672,
    "mean": 0.7244546387490146
  },
  "sqr_energy": {
    "variance": 0.03234346197244792,
    "error": 0.00017984288135049415,
    "mean": 2.3417363207418695
  }
}
