{
  "energy": {
    "variance": 0.0008295496573203938,
    "error": 2.8801903710004895e-5,
    "mean": -0.7682266134922463
  },
  "spin_stiffness": {
    "variance": 0.011672767882182668,
    "error": 0.00010804058442170085,
    "mean": 0.7285904039239096
  },
  "sqr_energy": {
    "variance": 0.0019398543926840218,
    "error": 4.404377813816637e-5,
    "mean": 0.591001678505536
  }
}
