{
  "energy": {
    "variance": 0.0016377676076980126,
    "error": 4.0469341577273195e-5,
    "mean": -0.6946830559897362
  },
  "spin_stiffness": {
    "variance": 0.0696676500572703,
    "error": 0.00026394630146541224,
    "mean": 0.5865611042875207
  },
  "sqr_energy": {
    "variance": 0.0031066478844980205,
    "error": 5.57373114215067e-5,
    "mean": 0.48422231424916945
  }
}
