{
  "energy": {
    "variance": 0.01215193121442061,
    "error": 0.00011023579824367677,
    "mean": -0.9163809044059067
  },
  "spin_stiffness": {
    "variance": 0.3904060378054811,
    "error": 0.0006248248056899479,
    "mean": 0.04089394459677368
  },
  "sqr_energy": {
    "variance": 0.04165153356929853,
    "error": 0.00020408707349878514,
    "mean": 0.8519058810222768
  }
}
