{
  "energy": {
    "variance": 0.005383349594845437,
    "error": 7.337131316015434e-5,
    "mean": -1.4414298885814614
  },
  "spin_stiffness": {
    "variance": 0.037756254804184305,
    "error": 0.00019430968788041502,
    "mean": 0.6435524724165013
  },
  "sqr_energy": {
    "variance": 0.04403530163812343,
    "error": 0.0002098458997410324,
    "mean": 2.0831034679074594
  }
}
