{
  "energy": {
    "variance": 0.0024467199330206043,
    "error": 4.9464329905706844e-5,
    "mean": -0.6399254520168497
  },
  "spin_stiffness": {
    "variance": 0.22734132934826057,
    "error": 0.00047680323965789133,
    "mean": 0.42204081271969107
  },
  "sqr_energy": {
    "variance": 0.003937666172073827,
    "error": 6.275082606686406e-5,
    "mean": 0.41195130162527
  }
}
