{
  "energy": {
    "variance": 0.012144360265447157,
    "error": 0.00011020145310043401,
    "mean": -1.1979463645537511
  },
  "spin_stiffness": {
    "variance": 0.2854636687230704,
    "error": 0.0005342880016648983,
    "mean": 0.3228821640696274
  },
  "sqr_energy": {
    "variance": 0.06877269441743865,
    "error": 0.0002622454850277477,
    "mean": 1.4472198404686358
  }
}
