{
  "energy": {
    "variance": 0.0012256681798779563,
    "error": 3.5009544125537484e-5,
    "mean": -0.7278973951339298
  },
  "spin_stiffness": {
    "variance": 0.029005922617516038,
    "error": 0.0001703112521752924,
    "mean": 0.6582088826461499
  },
  "sqr_energy": {
    "variance": 0.00256343985555441,
    "error": 5.063042420871477e-5,
    "mean": 0.5310602847969702
  }
}
