{
  "energy": {
    "variance": 0.0038677568771344384,
    "error": 6.219129261507947e-5,
    "mean": -1.5100359933031469
  },
  "spin_stiffness": {
    "variance": 0.013808415140356321,
    "error": 0.00011750921300202941,
    "mean": 0.7083681944700967
  },
  "sqr_energy": {
    "variance": 0.03485373034201775,
    "error": 0.00018669153794968253,
    "mean": 2.2840764540803993
  }
}
