{
  "energy": {
    "variance": 0.0007630357844922808,
    "error": 2.76231023690729e-5,
    "mean": -0.7763383600494717
  },
  "spin_stiffness": {
    "variance": 0.007387871141324707,
    "error": 8.595272620065467e-5,
    "mean": 0.7426580262966671
  },
  "sqr_energy": {
    "variance": 0.0018233825170732984,
    "error": 4.270108332435254e-5,
    "mean": 0.6034642843057595
  }
}
