{
  "energy": {
    "variance": 0.0029384900515369945,
    "error": 5.4207841236642085e-5,
    "mean": -1.5638186885688286
  },
  "spin_stiffness": {
    "variance": 0.007226723873108794,
    "error": 8.50101398252514e-5,
    "mean": 0.7508566998344974
  },
  "sqr_energy": {
    "variance": 0.028475414940275477,
    "error": 0.00016874659978878233,
    "mean": 2.448467377830178
  }
}
