{
  "energy": {
    "variance": 0.006425426986216041,
    "error": 8.01587611319938e-5,
    "mean": -1.39955746173668
  },
  "spin_stiffness": {
    "variance": 0.0664480961624791,
    "error": 0.0002577752822954115,
    "mean": 0.5971979902205286
  },
  "sqr_energy": {
    "variance": 0.04945326636353392,
    "error": 0.00022238090377443365,
    "mean": 1.9651865092636072
  }
}
