{
  "energy": {
    "variance": 0.013107693383900802,
    "error": 0.00011448883519322223,
    "mean": -1.008425966248913
  },
  "spin_stiffness": {
    "variance": 0.4194832090625647,
    "error": 0.0006476752342513682,
    "mean": 0.09713500548948377
  },
  "sqr_energy": {
    "variance": 0.054066645755048895,
    "error": 0.00023252235538771083,
    "mean": 1.0300306096812613
  }
}
