{
  "energy": {
    "variance": 0.008120096048454326,
    "error": 9.01115755519474e-5,
    "mean": -1.3428150105656895
  },
  "spin_stiffness": {
    "variance": 0.12268433258146363,
    "error": 0.0003502632332710124,
    "mean": 0.5254981457438234
  },
  "sqr_energy": {
    "variance": 0.05737559965993658,
    "error": 0.00023953204307552794,
    "mean": 1.8112722405288912
  }
}
