{
  "energy": {
    "variance": 0.0034691119271654603,
    "error": 5.8899167457320315e-5,
    "mean": -1.531313098024223
  },
  "spin_stiffness": {
    "variance": 0.010691059581379067,
    "error": 0.00010339758015243426,
    "mean": 0.7262053554779465
  },
  "sqr_energy": {
    "variance": 0.03219121919376645,
    "error": 0.00017941911602102617,
    "mean": 2.348388912638597
  }
}
