{
  "energy": {
    "variance": 0.008247172388211684,
    "error": 9.081394379835997e-5,
    "mean": -1.3373167868854643
  },
  "spin_stiffness": {
    "variance": 0.12704865294275325,
    "error": 0.00035643884881246215,
    "mean": 0.5199313000723468
  },
  "sqr_energy": {
    "variance": 0.05779191879434168,
    "error": 0.0002403994983238145,
    "mean": 1.7966633526267017
  }
}
