{
  "energy": {
    "variance": 0.002141603303151846,
    "error": 4.62774599902787e-5,
    "mean": -0.6590173627826532
  },
  "spin_stiffness": {
    "variance": 0.14850415802466638,
    "error": 0.0003853623723518766,
    "mean": 0.4966018536779252
  },
  "sqr_energy": {
    "variance": 0.0036552757246589864,
    "error": 6.0458876309926454e-5,
    "mean": 0.4364454856105517
  }
}
