{
  "energy": {
    "variance": 0.0008647234021864673,
    "error": 2.940617965983455e-5,
    "mean": -0.7644313648043833
  },
  "spin_stiffness": {
    "variance": 0.010321097676271455,
    "error": 0.00010159280327007151,
    "mean": 0.7236653908474574
  },
  "sqr_energy": {
    "variance": 0.0020013277794342023,
    "error": 4.473620211231841e-5,
    "mean": 0.5852200340341553
  }
}
