{
  "energy": {
    "variance": 0.0033947274446473994,
    "error": 5.826428961763285e-5,
    "mean": -1.5366450987599378
  },
  "spin_stiffness": {
    "variance": 0.009187096944416382,
    "error": 9.584934503905795e-5,
    "mean": 0.7303311766941506
  },
  "sqr_energy": {
    "variance": 0.03172564421505663,
    "error": 0.0001781169397195467,
    "mean": 2.364672883592859
  }
}
