{
  "energy": {
    "variance": 0.010087932312798722,
    "error": 0.00010043869927870791,
    "mean": -1.2780273991896618
  },
  "spin_stiffness": {
    "variance": 0.19614824385813537,
    "error": 0.0004428862651495702,
    "mean": 0.43587380931825753
  },
  "sqr_energy": {
    "variance": 0.06456604466834948,
    "error": 0.0002540984940300699,
    "mean": 1.643441955304358
  }
}
