{
  "energy": {
    "variance": 0.0024089099902537122,
    "error": 4.908064781819523e-5,
    "mean": -0.6474356739748572
  },
  "spin_stiffness": {
    "variance": 0.16771137027253205,
    "error": 0.0004095257870666169,
    "mean": 0.4585496388771678
  },
  "sqr_energy": {
    "variance": 0.003953750938218971,
    "error": 6.287885923121515e-5,
    "mean": 0.42158185951662136
  }
}
