{
  "energy": {
    "variance": 0.0007856061591183922,
    "error": 2.802866673815207e-5,
    "mean": -0.7730808843760222
  },
  "spin_stiffness": {
    "variance": 0.008150329001407412,
    "error": 9.027917257821658e-5,
    "mean": 0.7375294089684264
  },
  "sqr_energy": {
    "variance": 0.0018615788889449411,
    "error": 4.314601822816262e-5,
    "mean": 0.5984396591611246
  }
}
