{
  "energy": {
    "variance": 0.0012881673369766345,
    "error": 3.589104814541691e-5,
    "mean": -0.722581823157694
  },
  "spin_stiffness": {
    "variance": 0.02826579152046936,
    "error": 0.00016812433351680344,
    "mean": 0.650366230467021
  },
  "sqr_energy": {
    "variance": 0.0026516221435788643,
    "error": 5.149390394579599e-5,
    "mean": 0.5234126572067064
  }
}
