{
  "energy": {
    "variance": 0.005729668715035786,
    "error": 7.569457520216217e-5,
    "mean": -1.4263380255374953
  },
  "spin_stiffness": {
    "variance": 0.045868119867875284,
    "error": 0.0002141684380759109,
    "mean": 0.6278562194525367
  },
  "sqr_energy": {
    "variance": 0.04589694213966413,
    "error": 0.00021423571630254404,
    "mean": 2.040169826079568
  }
}
