{
  "energy": {
    "variance": 0.0011373813809886345,
    "error": 3.372508533701041e-5,
    "mean": -0.7364054879696206
  },
  "spin_stiffness": {
    "variance": 0.027315603825186285,
    "error": 0.00016527432899632747,
    "mean": 0.6719489392801695
  },
  "sqr_energy": {
    "variance": 0.002435431104544449,
    "error": 4.935008717869148e-5,
    "mean": 0.5434304229553824
  }
}
