{
  "energy": {
    "variance": 0.01349145339018847,
    "error": 0.00011615271581064505,
    "mean": -1.1045382194956037
  },
  "spin_stiffness": {
    "variance": 0.3908751679857231,
    "error": 0.0006252001023558162,
    "mean": 0.19441649103087885
  },
  "sqr_energy": {
    "variance": 0.06589050196522923,
    "error": 0.0002566914528480238,
    "mean": 1.2334961182252537
  }
}
