{
  "energy": {
    "variance": 0.007454699540884012,
    "error": 8.634060192565264e-5,
    "mean": -1.365053750196665
  },
  "spin_stiffness": {
    "variance": 0.09860663530954294,
    "error": 0.0003140169347496134,
    "mean": 0.5552399162144004
  },
  "sqr_energy": {
    "variance": 0.05445797056068583,
    "error": 0.00023336231606813863,
    "mean": 1.8708264330121638
  }
}
