{
  "energy": {
    "variance": 0.001028555483053676,
    "error": 3.207110043409293e-5,
    "mean": -1.7315460421453617
  },
  "spin_stiffness": {
    "variance": 0.0006690305832003329,
    "error": 2.5865625513417085e-5,
    "mean": 0.8578801238422492
  },
  "sqr_energy": {
    "variance": 0.012280966433821006,
    "error": 0.00011081952189854009,
    "mean": 2.999280250523765
  }
}
