{
  "energy": {
    "variance": 0.0013151006938573629,
    "error": 3.6264317087977305e-5,
    "mean": -1.6979789056868995
  },
  "spin_stiffness": {
    "variance": 0.001029915469199786,
    "error": 3.209229610357891e-5,
    "mean": 0.8383929684167913
  },
  "sqr_energy": {
    "variance": 0.015088066001270257,
    "error": 0.00012283348892411325,
    "mean": 2.8844474635364374
  }
}
