{
  "energy": {
    "variance": 0.0016071887071382573,
    "error": 4.00897581326984e-5,
    "mean": -0.6968064632274674
  },
  "spin_stiffness": {
    "variance": 0.08258409740773234,
    "error": 0.00028737448983466216,
    "mean": 0.5852085793262211
  },
  "sqr_energy": {
    "variance": 0.0030699732883611476,
    "error": 5.5407339661466765e-5,
    "mean": 0.48714643429552135
  }
}
