{
  "energy": {
    "variance": 0.0008528920072606162,
    "error": 2.9204314874015042e-5,
    "mean": -0.7656723050403408
  },
  "spin_stiffness": {
    "variance": 0.009440659760763404,
    "error": 9.71630575927055e-5,
    "mean": 0.7260282392226691
  },
  "sqr_energy": {
    "variance": 0.0019811132159126238,
    "error": 4.450969799844326e-5,
    "mean": 0.5871069698601573
  }
}
