{
  "energy": {
    "variance": 0.0028055176186738617,
    "error": 5.2967137157617474e-5,
    "mean": -0.6184638196052664
  },
  "spin_stiffness": {
    "variance": 0.2949265689043479,
    "error": 0.0005430714215500093,
    "mean": 0.3671066729380977
  },
  "sqr_energy": {
    "variance": 0.004208284076433378,
    "error": 6.487128853686643e-5,
    "mean": 0.3853030109738917
  }
}
