{
  "energy": {
    "variance": 0.0009709784248345531,
    "error": 3.116052670983841e-5,
    "mean": -1.7387321816469299
  },
  "spin_stiffness": {
    "variance": 0.0006107238024817125,
    "error": 2.471282667931195e-5,
    "mean": 0.8619829974662592
  },
  "sqr_energy": {
    "variance": 0.011691436117305347,
    "error": 0.00010812694445560436,
    "mean": 3.024160576948548
  }
}
