{
  "energy": {
    "variance": 0.005210864477707748,
    "error": 7.218631780128246e-5,
    "mean": -1.449473634674754
  },
  "spin_stiffness": {
    "variance": 0.03358352581875076,
    "error": 0.0001832580852752499,
    "mean": 0.6525791697412181
  },
  "sqr_energy": {
    "variance": 0.04312751409094711,
    "error": 0.0002076716497044002,
    "mean": 2.106184676884086
  }
}
