{
  "energy": {
    "variance": 0.007566426945014933,
    "error": 8.698521107070404e-5,
    "mean": -1.3597218528229273
  },
  "spin_stiffness": {
    "variance": 0.09734288212210802,
    "error": 0.00031199820852387597,
    "mean": 0.5492888802720813
  },
  "sqr_energy": {
    "variance": 0.054906208990276366,
    "error": 0.00023432073956497398,
    "mean": 1.8564099364228026
  }
}
