{
  "energy": {
    "variance": 0.001518052049421081,
    "error": 3.896218743116307e-5,
    "mean": -0.7021332061537613
  },
  "spin_stiffness": {
    "variance": 0.05205538989796345,
    "error": 0.00022815650308059037,
    "mean": 0.6063525876580217
  },
  "sqr_energy": {
    "variance": 0.0029457078506959205,
    "error": 5.42743756361685e-5,
    "mean": 0.49450908971512925
  }
}
