{
  "energy": {
    "variance": 0.003358158456946396,
    "error": 5.79496199896634e-5,
    "mean": -1.538532795263588
  },
  "spin_stiffness": {
    "variance": 0.009378795979578549,
    "error": 9.684418402557043e-5,
    "mean": 0.7318083616441478
  },
  "sqr_energy": {
    "variance": 0.031462234563041744,
    "error": 0.00017737596951966674,
    "mean": 2.3704413172003784
  }
}
