{
  "energy": {
    "variance": 0.002476144192561245,
    "error": 4.976087009449538e-5,
    "mean": -0.6372813199099843
  },
  "spin_stiffness": {
    "variance": 0.20258119025425667,
    "error": 0.00045009020235310237,
    "mean": 0.42602312412996257
  },
  "sqr_energy": {
    "variance": 0.003957697622052158,
    "error": 6.291023463675968e-5,
    "mean": 0.4086036224226287
  }
}
