{
  "energy": {
    "variance": 0.0012908686624648628,
    "error": 3.5928660738536623e-5,
    "mean": -0.7239726023483288
  },
  "spin_stiffness": {
    "variance": 0.03548397051897456,
    "error": 0.00018837189418534434,
    "mean": 0.6478071114171653
  },
  "sqr_energy": {
    "variance": 0.002664209226777734,
    "error": 5.161597840570044e-5,
    "mean": 0.5254271963226075
  }
}
