{
  "energy": {
    "variance": 0.0032916931207386427,
    "error": 5.737327880414926e-5,
    "mean": -1.5412074064873182
  },
  "spin_stiffness": {
    "variance": 0.00868466618263845,
    "error": 9.319155639133006e-5,
    "mean": 0.733985184896326
  },
  "sqr_energy": {
    "variance": 0.03095268314399032,
    "error": 0.00017593374646153115,
    "mean": 2.3786119596404114
  }
}
