{
  "energy": {
    "variance": 0.0077224063416750695,
    "error": 8.787722311085547e-5,
    "mean": -1.354520222295965
  },
  "spin_stiffness": {
    "variance": 0.10214961918377863,
    "error": 0.00031960854053635464,
    "mean": 0.5429285369004286
  },
  "sqr_energy": {
    "variance": 0.05553717721590363,
    "error": 0.0002356632708249286,
    "mean": 1.842447431227979
  }
}
