{
  "energy": {
    "variance": 0.00283630830528188,
    "error": 5.325700240608628e-5,
    "mean": -1.5696031988720558
  },
  "spin_stiffness": {
    "variance": 0.0057879168560027,
    "error": 7.607835997182576e-5,
    "mean": 0.7553453136965155
  },
  "sqr_energy": {
    "variance": 0.02769993067419298,
    "error": 0.00016643296150159972,
    "mean": 2.4664905073783636
  }
}
