{
  "energy": {
    "variance": 0.001706359579111963,
    "error": 4.130810548926158e-5,
    "mean": -0.6899267145888953
  },
  "spin_stiffness": {
    "variance": 0.05338719014215705,
    "error": 0.00023105668166525082,
    "mean": 0.5835280049351005
  },
  "sqr_energy": {
    "variance": 0.0031887245624581274,
    "error": 5.6468792819203485e-5,
    "mean": 0.4777052293761794
  }
}
