{
  "energy": {
    "variance": 0.00103869431056091,
    "error": 3.2228780779931936e-5,
    "mean": -0.7447492822930766
  },
  "spin_stiffness": {
    "variance": 0.01422950999599415,
    "error": 0.00011928750980716359,
    "mean": 0.6926405587631841
  },
  "sqr_energy": {
    "variance": 0.0022797786887650074,
    "error": 4.774702806212139e-5,
    "mean": 0.5556901867479193
  }
}
