{
  "energy": {
    "variance": 0.004626955139231782,
    "error": 6.802172549437262e-5,
    "mean": -1.4742155781903492
  },
  "spin_stiffness": {
    "variance": 0.023125949889693322,
    "error": 0.00015207218644345627,
    "mean": 0.6770992934024036
  },
  "sqr_energy": {
    "variance": 0.03967353034615318,
    "error": 0.00019918215368389103,
    "mean": 2.1779385214913822
  }
}
