{
  "energy": {
    "variance": 0.008456122430687519,
    "error": 9.195717715701977e-5,
    "mean": -1.331133611096054
  },
  "spin_stiffness": {
    "variance": 0.13858945856238997,
    "error": 0.0003722760515563551,
    "mean": 0.5109177278508013
  },
  "sqr_energy": {
    "variance": 0.05870801547456034,
    "error": 0.00024229736992910247,
    "mean": 1.780372804564186
  }
}
