{
  "energy": {
    "variance": 0.0022660592189455127,
    "error": 4.760314295238827e-5,
    "mean": -1.6115871011933445
  },
  "spin_stiffness": {
    "variance": 0.0031945973528795866,
    "error": 5.652076921698418e-5,
    "mean": 0.784557016286271
  },
  "sqr_energy": {
    "variance": 0.02335644796150603,
    "error": 0.00015282816481756897,
    "mean": 2.599479041685653
  }
}
