{
  "energy": {
    "variance": 0.006712831793998987,
    "error": 8.193187288228548e-5,
    "mean": -1.3900844371311445
  },
  "spin_stiffness": {
    "variance": 0.08697018115995213,
    "error": 0.0002949070720751744,
    "mean": 0.5832912323706739
  },
  "sqr_energy": {
    "variance": 0.05094332636992557,
    "error": 0.00022570628340816206,
    "mean": 1.9390475674353786
  }
}
