{
  "energy": {
    "variance": 0.010930230665516391,
    "error": 0.000104547743474053,
    "mean": -1.248148494234818
  },
  "spin_stiffness": {
    "variance": 0.22827867476587085,
    "error": 0.0004777851763772824,
    "mean": 0.39401897270569536
  },
  "sqr_energy": {
    "variance": 0.06687086825063288,
    "error": 0.00025859402207056696,
    "mean": 1.5688048833959298
  }
}
