{
  "energy": {
    "variance": 0.0007776068808337337,
    "error": 2.788560346906148e-5,
    "mean": -0.7741182073363511
  },
  "spin_stiffness": {
    "variance": 0.008090976446802478,
    "error": 8.994985517944138e-5,
    "mean": 0.7389315148595965
  },
  "sqr_energy": {
    "variance": 0.0018480716300980108,
    "error": 4.2989203645776116e-5,
    "mean": 0.6000366050328725
  }
}
