{
  "energy": {
    "variance": 0.0009199515041880122,
    "error": 3.0330702335884213e-5,
    "mean": -1.7454138824581065
  },
  "spin_stiffness": {
    "variance": 0.0005677228967623611,
    "error": 2.382693636962925e-5,
    "mean": 0.8657220078903647
  },
  "sqr_energy": {
    "variance": 0.011164851799433233,
    "error": 0.00010566386231552032,
    "mean": 3.0473895716617174
  }
}
