{
  "energy": {
    "variance": 0.0016612796148119788,
    "error": 4.0758798004994934e-5,
    "mean": -0.6923047998002387
  },
  "spin_stiffness": {
    "variance": 0.07308141028054939,
    "error": 0.0002703357362254376,
    "mean": 0.5812510712813933
  },
  "sqr_energy": {
    "variance": 0.003133391832568383,
    "error": 5.597670794686289e-5,
    "mean": 0.4809472137799809
  }
}
