{
  "energy": {
    "variance": 0.0008086676827227718,
    "error": 2.8437082879978595e-5,
    "mean": -0.7706145320727437
  },
  "spin_stiffness": {
    "variance": 0.00818555543318226,
    "error": 9.047405944900594e-5,
    "mean": 0.734004004979256
  },
  "sqr_energy": {
    "variance": 0.0019033104402841278,
    "error": 4.36269462635666e-5,
    "mean": 0.5946554239157488
  }
}
