{
  "energy": {
    "variance": 0.005063157640716121,
    "error": 7.115586863159019e-5,
    "mean": -1.453334537162092
  },
  "spin_stiffness": {
    "variance": 0.03343777943907106,
    "error": 0.00018285999955996678,
    "mean": 0.6561675245855187
  },
  "sqr_energy": {
    "variance": 0.04214372177200923,
    "error": 0.00020528936107847682,
    "mean": 2.1172444294857105
  }
}
