{
  "energy": {
    "variance": 0.0006970252050537868,
    "error": 2.640123491531763e-5,
    "mean": -0.7849368799721801
  },
  "spin_stiffness": {
    "variance": 0.005701182813116287,
    "error": 7.550617731759625e-5,
    "mean": 0.755263487753986
  },
  "sqr_energy": {
    "variance": 0.0017040880956252897,
    "error": 4.12806019290573e-5,
    "mean": 0.6168229300484892
  }
}
