{
  "energy": {
    "variance": 0.01040572093059631,
    "error": 0.0001020084355854765,
    "mean": -1.2696521771506817
  },
  "spin_stiffness": {
    "variance": 0.21929900164930538,
    "error": 0.0004682937130149255,
    "mean": 0.4214775003994789
  },
  "sqr_energy": {
    "variance": 0.06574862399688479,
    "error": 0.00025641494495618774,
    "mean": 1.6224223614683408
  }
}
