{
  "energy": {
    "variance": 0.005465556902807466,
    "error": 7.392940485901036e-5,
    "mean": -1.4379750710655126
  },
  "spin_stiffness": {
    "variance": 0.038599894868163835,
    "error": 0.00019646855949022438,
    "mean": 0.6410213001990263
  },
  "sqr_energy": {
    "variance": 0.04449266581131423,
    "error": 0.00021093284668660363,
    "mean": 2.0732378564431166
  }
}
