{
  "energy": {
    "variance": 0.00123471760108529,
    "error": 3.51385486479634e-5,
    "mean": -1.7071701965962467
  },
  "spin_stiffness": {
    "variance": 0.0008991837106107676,
    "error": 2.998639209059282e-5,
    "mean": 0.8437771948393653
  },
  "sqr_energy": {
    "variance": 0.014322899255886068,
    "error": 0.00011967831572965115,
    "mean": 2.9156647965128353
  }
}
