{
  "energy": {
    "variance": 0.004284067805849634,
    "error": 6.545279066510177e-5,
    "mean": -1.4900775088380047
  },
  "spin_stiffness": {
    "variance": 0.0173674197181269,
    "error": 0.00013178550647976014,
    "mean": 0.6915740132494673
  },
  "sqr_energy": {
    "variance": 0.03756726441244612,
    "error": 0.00019382276546486,
    "mean": 2.224615045866656
  }
}
