{
  "energy": {
    "variance": 0.0033151019661970898,
    "error": 5.757692216675957e-5,
    "mean": -0.5926842704743628
  },
  "spin_stiffness": {
    "variance": 0.6005261754608148,
    "error": 0.0007749362396099531,
    "mean": 0.22661542082083166
  },
  "sqr_energy": {
    "variance": 0.004576948123854901,
    "error": 6.765314570553909e-5,
    "mean": 0.3545897431188227
  }
}
