{
  "energy": {
    "variance": 0.011373524356811975,
    "error": 0.00010664672689216474,
    "mean": -1.231406119070263
  },
  "spin_stiffness": {
    "variance": 0.26380963391336765,
    "error": 0.0005136240199926087,
    "mean": 0.3666913150369106
  },
  "sqr_energy": {
    "variance": 0.06777674430355597,
    "error": 0.0002603396710137661,
    "mean": 1.5277345430669738
  }
}
