{
  "energy": {
    "variance": 0.001406823821457949,
    "error": 3.750765017243748e-5,
    "mean": -1.688432378842127
  },
  "spin_stiffness": {
    "variance": 0.0011319759396430512,
    "error": 3.364485012068045e-5,
    "mean": 0.8326455749153567
  },
  "sqr_energy": {
    "variance": 0.01595530642446663,
    "error": 0.0001263143159917617,
    "mean": 2.852210720337118
  }
}
