{
  "energy": {
    "variance": 0.003325113140655999,
    "error": 5.766379401891623e-5,
    "mean": -0.5504023447436643
  },
  "spin_stiffness": {
    "variance": 0.46862430074719247,
    "error": 0.0006845613929715818,
    "mean": 0.1558535822614223
  },
  "sqr_energy": {
    "variance": 0.004021326144064062,
    "error": 6.341392705127212e-5,
    "mean": 0.3062678509148664
  }
}
