{
  "energy": {
    "variance": 0.00042358080850312535,
    "error": 2.0581078895508014e-5,
    "mean": -1.8264943810938103
  },
  "spin_stiffness": {
    "variance": 0.0001986437076636302,
    "error": 1.4094101875026667e-5,
    "mean": 0.9103263745643287
  },
  "sqr_energy": {
    "variance": 0.005637676395618388,
    "error": 7.508446174554619e-5,
    "mean": 3.3365053045521824
  }
}
