{
  "energy": {
    "variance": 0.003772836694435534,
    "error": 6.142342138334151e-5,
    "mean": -1.5155567134318821
  },
  "spin_stiffness": {
    "variance": 0.013341764526881886,
    "error": 0.00011550655620735078,
    "mean": 0.7127234271434654
  },
  "sqr_energy": {
    "variance": 0.03426437663077493,
    "error": 0.0001851063927334087,
    "mean": 2.3006849845500468
  }
}
