{
  "energy": {
    "variance": 0.010565629098666535,
    "error": 0.00010278924602635499,
    "mean": -1.2628805397689686
  },
  "spin_stiffness": {
    "variance": 0.22736074297855682,
    "error": 0.00047682359733821565,
    "mean": 0.4134053045378851
  },
  "sqr_energy": {
    "variance": 0.06608651505033561,
    "error": 0.0002570729761183303,
    "mean": 1.6054328762601986
  }
}
