{
  "energy": {
    "variance": 0.011146038526149482,
    "error": 0.00010557480062093171,
    "mean": -1.2399793664632346
  },
  "spin_stiffness": {
    "variance": 0.25366913704050975,
    "error": 0.0005036557723688966,
    "mean": 0.3791370153441152
  },
  "sqr_energy": {
    "variance": 0.06732459775877074,
    "error": 0.000259469839786382,
    "mean": 1.5486948566346757
  }
}
