{
  "energy": {
    "variance": 0.0060694357821626365,
    "error": 7.790658368945873e-5,
    "mean": -1.4132881761438814
  },
  "spin_stiffness": {
    "variance": 0.05658319388325371,
    "error": 0.00023787222175624816,
    "mean": 0.6125136183834168
  },
  "sqr_energy": {
    "variance": 0.04766200401821605,
    "error": 0.0002183162935243635,
    "mean": 2.0034528985408255
  }
}
