{
  "energy": {
    "variance": 0.0011562408703382561,
    "error": 3.400354202635744e-5,
    "mean": -1.715856360146482
  },
  "spin_stiffness": {
    "variance": 0.0008086838609490472,
    "error": 2.8437367335058414e-5,
    "mean": 0.8488295710476813
  },
  "sqr_energy": {
    "variance": 0.013552917016140606,
    "error": 0.00011641699625115143,
    "mean": 2.9453192883692307
  }
}
