{
  "energy": {
    "variance": 0.003209765153964832,
    "error": 5.665478932945416e-5,
    "mean": -1.5478222107513184
  },
  "spin_stiffness": {
    "variance": 0.007806525156643611,
    "error": 8.835454236565097e-5,
    "mean": 0.7390416367626607
  },
  "sqr_energy": {
    "variance": 0.030452964250204557,
    "error": 0.00017450777704791428,
    "mean": 2.3989633580392975
  }
}
