{
  "energy": {
    "variance": 0.0008937927579597716,
    "error": 2.9896366969245135e-5,
    "mean": -0.7605491532412724
  },
  "spin_stiffness": {
    "variance": 0.010971764925563348,
    "error": 0.00010474619289293215,
    "mean": 0.7175777189354456
  },
  "sqr_energy": {
    "variance": 0.0020474990854347256,
    "error": 4.524929928114606e-5,
    "mean": 0.5793288063601834
  }
}
