{
  "energy": {
    "variance": 0.002820583033373752,
    "error": 5.31091614824952e-5,
    "mean": -0.6202317254310008
  },
  "spin_stiffness": {
    "variance": 0.3129266878830985,
    "error": 0.000559398505435167,
    "mean": 0.3581371218223544
  },
  "sqr_energy": {
    "variance": 0.004256516300174481,
    "error": 6.524198265054857e-5,
    "mean": 0.38750797344390714
  }
}
