{
  "energy": {
    "variance": 0.0068196749040097294,
    "error": 8.258132297323487e-5,
    "mean": -1.385157847293837
  },
  "spin_stiffness": {
    "variance": 0.07312007433458238,
    "error": 0.0002704072379478448,
    "mean": 0.5807066573638889
  },
  "sqr_energy": {
    "variance": 0.051372099625512056,
    "error": 0.00022665414098469954,
    "mean": 1.9254819300040316
  }
}
