{
  "energy": {
    "variance": 0.0031032966512909324,
    "error": 5.570724056431921e-5,
    "mean": -0.6050134854056725
  },
  "spin_stiffness": {
    "variance": 0.3571762485779987,
    "error": 0.0005976422412932327,
    "mean": 0.2951208505364441
  },
  "sqr_energy": {
    "variance": 0.004469666493857906,
    "error": 6.685556441955976e-5,
    "mean": 0.36914461107071406
  }
}
