{
  "energy": {
    "variance": 0.0006850252541067965,
    "error": 2.617298710706893e-5,
    "mean": -0.7868735475826029
  },
  "spin_stiffness": {
    "variance": 0.005684640082543659,
    "error": 7.539655219268094e-5,
    "mean": 0.7576960019072959
  },
  "sqr_energy": {
    "variance": 0.0016828287491291078,
    "error": 4.1022295756443324e-5,
    "mean": 0.6198550044543122
  }
}
