{
  "energy": {
    "variance": 0.002636775914946253,
    "error": 5.134954639474679e-5,
    "mean": -0.3775212903282015
  },
  "spin_stiffness": {
    "variance": 0.2855711284591877,
    "error": 0.0005343885556963095,
    "mean": 0.004027497554824789
  },
  "sqr_energy": {
    "variance": 0.0015363104923305166,
    "error": 3.9195796870717104e-5,
    "mean": 0.14515909792924056
  }
}
