{
  "energy": {
    "variance": 0.0012160699157374325,
    "error": 3.487219401955421e-5,
    "mean": -0.7296202239639182
  },
  "spin_stiffness": {
    "variance": 0.030896147740901745,
    "error": 0.00017577300060277103,
    "mean": 0.6597936344208116
  },
  "sqr_energy": {
    "variance": 0.002553593229605186,
    "error": 5.053309044185984e-5,
    "mean": 0.5335617399168258
  }
}
