{
  "energy": {
    "variance": 0.007363752336587091,
    "error": 8.581230877086976e-5,
    "mean": -1.0873745659776195
  },
  "spin_stiffness": {
    "variance": 0.4840164042501712,
    "error": 0.0006957128748630221,
    "mean": 0.10278895369767907
  },
  "sqr_energy": {
    "variance": 0.034982836602492476,
    "error": 0.00018703699260438423,
    "mean": 1.1897471917078508
  }
}
