{
  "energy": {
    "variance": 0.0004892232754899076,
    "error": 2.2118392244688753e-5,
    "mean": -0.7631942621153486
  },
  "spin_stiffness": {
    "variance": 0.006436336257950211,
    "error": 8.022678017937784e-5,
    "mean": 0.7231974843942544
  },
  "sqr_energy": {
    "variance": 0.0011328405025918505,
    "error": 3.365769603808096e-5,
    "mean": 0.582954704512058
  }
}
