{
  "energy": {
    "variance": 0.00246097995370318,
    "error": 4.9608264973723684e-5,
    "mean": -1.4843683201353084
  },
  "spin_stiffness": {
    "variance": 0.018839239733958537,
    "error": 0.00013725611000592482,
    "mean": 0.6828650461971308
  },
  "sqr_energy": {
    "variance": 0.021531855565652836,
    "error": 0.00014673736935645544,
    "mean": 2.2058102873140406
  }
}
