{
  "energy": {
    "variance": 0.002288990165437784,
    "error": 4.784339207704429e-5,
    "mean": -1.4997309458095542
  },
  "spin_stiffness": {
    "variance": 0.01307878843567426,
    "error": 0.00011436253073307821,
    "mean": 0.6978690508611012
  },
  "sqr_energy": {
    "variance": 0.020447992168739753,
    "error": 0.0001429964760710548,
    "mean": 2.2514818976952675
  }
}
