{
  "energy": {
    "variance": 0.0019008771769603917,
    "error": 4.359905018415414e-5,
    "mean": -1.5369565446249833
  },
  "spin_stiffness": {
    "variance": 0.007292722729900607,
    "error": 8.53974398322374e-5,
    "mean": 0.729466684017288
  },
  "sqr_energy": {
    "variance": 0.01785624833276871,
    "error": 0.00013362727391056327,
    "mean": 2.3641362953416514
  }
}
