{
  "energy": {
    "variance": 0.001093112362432107,
    "error": 3.306224980899072e-5,
    "mean": -0.676241575022852
  },
  "spin_stiffness": {
    "variance": 0.10636949446418209,
    "error": 0.0003261433648936953,
    "mean": 0.5232932642114251
  },
  "sqr_energy": {
    "variance": 0.0019683287230227225,
    "error": 4.436585086553308e-5,
    "mean": 0.4583957790587073
  }
}
