{
  "energy": {
    "variance": 0.002236833981886341,
    "error": 4.7295179266880264e-5,
    "mean": -1.5024999215886476
  },
  "spin_stiffness": {
    "variance": 0.012284668710496908,
    "error": 0.00011083622472141908,
    "mean": 0.7003433512214977
  },
  "sqr_energy": {
    "variance": 0.020067570820106587,
    "error": 0.00014166005372054109,
    "mean": 2.259742846118945
  }
}
