{
  "energy": {
    "variance": 0.0015392726646362034,
    "error": 3.9233565535599784e-5,
    "mean": -0.6299799951637243
  },
  "spin_stiffness": {
    "variance": 0.33964190191029947,
    "error": 0.000582788042010386,
    "mean": 0.36823690721146524
  },
  "sqr_energy": {
    "variance": 0.002413936166176099,
    "error": 4.9131824372560186e-5,
    "mean": 0.3984140654318495
  }
}
