{
  "energy": {
    "variance": 0.0050262330315716764,
    "error": 7.089593099446311e-5,
    "mean": -1.3236336283505217
  },
  "spin_stiffness": {
    "variance": 0.15244379515500092,
    "error": 0.00039044051423360376,
    "mean": 0.47523456456914903
  },
  "sqr_energy": {
    "variance": 0.0347771595777036,
    "error": 0.0001864863522558785,
    "mean": 1.7570322101057052
  }
}
