{
  "energy": {
    "variance": 0.001449581177625428,
    "error": 3.8073365724945153e-5,
    "mean": -0.6442790799307001
  },
  "spin_stiffness": {
    "variance": 0.26112894155942584,
    "error": 0.0005110077705470102,
    "mean": 0.4140759358648696
  },
  "sqr_energy": {
    "variance": 0.0023678486808975333,
    "error": 4.866054542334614e-5,
    "mean": 0.4165451125643938
  }
}
