{
  "energy": {
    "variance": 0.005896888996548999,
    "error": 7.679120390089609e-5,
    "mean": -1.2752045325099213
  },
  "spin_stiffness": {
    "variance": 0.24836844710748954,
    "error": 0.0004983657764207827,
    "mean": 0.39233724127961705
  },
  "sqr_energy": {
    "variance": 0.03790455179834329,
    "error": 0.00019469091349712058,
    "mean": 1.632043482833507
  }
}
