{
  "energy": {
    "variance": 0.0019287200645664105,
    "error": 4.391719554532609e-5,
    "mean": -1.5345273618735191
  },
  "spin_stiffness": {
    "variance": 0.007927788861770474,
    "error": 8.903813150426323e-5,
    "mean": 0.7275252013942228
  },
  "sqr_energy": {
    "variance": 0.01805723803874917,
    "error": 0.0001343772229164942,
    "mean": 2.356702942474349
  }
}
