{
  "energy": {
    "variance": 0.000863198539022311,
    "error": 2.9380240622267052e-5,
    "mean": -0.7036676270394923
  },
  "spin_stiffness": {
    "variance": 0.06326863454635058,
    "error": 0.0002515325715416407,
    "mean": 0.6010192064879133
  },
  "sqr_energy": {
    "variance": 0.0016916368611403203,
    "error": 4.112951326165094e-5,
    "mean": 0.4960113270192139
  }
}
