{
  "energy": {
    "variance": 0.0009078756882749567,
    "error": 3.0130975561288363e-5,
    "mean": -0.6992870900010062
  },
  "spin_stiffness": {
    "variance": 0.0572425877793476,
    "error": 0.00023925423252128185,
    "mean": 0.5921916135394254
  },
  "sqr_energy": {
    "variance": 0.001753730763140677,
    "error": 4.1877568734833174e-5,
    "mean": 0.48991030902247445
  }
}
