{
  "energy": {
    "variance": 0.0009905941274725063,
    "error": 3.147370533433435e-5,
    "mean": -0.6918865896109275
  },
  "spin_stiffness": {
    "variance": 0.07543259705070844,
    "error": 0.00027464995366959096,
    "mean": 0.5682295660226027
  },
  "sqr_energy": {
    "variance": 0.0018675663061224295,
    "error": 4.321534803889041e-5,
    "mean": 0.4796976460203185
  }
}
