{
  "energy": {
    "variance": 0.0013466015700711108,
    "error": 3.669607022653939e-5,
    "mean": -0.6513917492891615
  },
  "spin_stiffness": {
    "variance": 0.15225290582861473,
    "error": 0.00039019598387043236,
    "mean": 0.460770846875717
  },
  "sqr_energy": {
    "variance": 0.0022528173285339043,
    "error": 4.746385286229832e-5,
    "mean": 0.42565781126546337
  }
}
