{
  "energy": {
    "variance": 0.001675824813847638,
    "error": 4.0936839324105594e-5,
    "mean": -1.559930377513944
  },
  "spin_stiffness": {
    "variance": 0.004850812499994296,
    "error": 6.964777455162726e-5,
    "mean": 0.7475854528164227
  },
  "sqr_energy": {
    "variance": 0.016224605220189203,
    "error": 0.0001273758423728346,
    "mean": 2.435058605828818
  }
}
