{
  "energy": {
    "variance": 0.00042463422944395105,
    "error": 2.060665497949512e-5,
    "mean": -0.7774392439429709
  },
  "spin_stiffness": {
    "variance": 0.003985893508358879,
    "error": 6.313393309749424e-5,
    "mean": 0.7456255910003424
  },
  "sqr_energy": {
    "variance": 0.001020846017102031,
    "error": 3.195068101155327e-5,
    "mean": 0.6048364118274281
  }
}
