{
  "energy": {
    "variance": 0.0035738285155525185,
    "error": 5.978150646774067e-5,
    "mean": -1.4050282718127611
  },
  "spin_stiffness": {
    "variance": 0.06347311383903455,
    "error": 0.00025193871048140765,
    "mean": 0.5936170895231391
  },
  "sqr_energy": {
    "variance": 0.02791111236386344,
    "error": 0.0001670661915644917,
    "mean": 1.9776782695348785
  }
}
