{
  "energy": {
    "variance": 0.0004957455444813595,
    "error": 2.226534402342258e-5,
    "mean": -0.761818412285897
  },
  "spin_stiffness": {
    "variance": 0.006615805234745801,
    "error": 8.133760037489304e-5,
    "mean": 0.7211863445551503
  },
  "sqr_energy": {
    "variance": 0.0011437675789952686,
    "error": 3.3819633040517585e-5,
    "mean": 0.5808630383465406
  }
}
