{
  "energy": {
    "variance": 0.005343416555044909,
    "error": 7.309867683511726e-5,
    "mean": -1.303795255386828
  },
  "spin_stiffness": {
    "variance": 0.19631825114287554,
    "error": 0.00044307815466673094,
    "mean": 0.44111902660017915
  },
  "sqr_energy": {
    "variance": 0.03588948631286625,
    "error": 0.00018944520662414832,
    "mean": 1.7052254791808321
  }
}
