{
  "energy": {
    "variance": 0.0009107784992701078,
    "error": 3.017910699921566e-5,
    "mean": -1.6655714511219426
  },
  "spin_stiffness": {
    "variance": 0.0010268112351840347,
    "error": 3.204389544334513e-5,
    "mean": 0.8188528856568195
  },
  "sqr_energy": {
    "variance": 0.010074003478437846,
    "error": 0.00010036933534918843,
    "mean": 2.775039036380946
  }
}
