{
  "energy": {
    "variance": 0.0005944097561962581,
    "error": 2.4380520014886024e-5,
    "mean": -0.7431927906143463
  },
  "spin_stiffness": {
    "variance": 0.010316836327368743,
    "error": 0.00010157182841402798,
    "mean": 0.690613639447246
  },
  "sqr_energy": {
    "variance": 0.0013033364049794183,
    "error": 3.610175071903603e-5,
    "mean": 0.5529299331829262
  }
}
