{
  "energy": {
    "variance": 0.005982854845277489,
    "error": 7.734891625147368e-5,
    "mean": -1.2670545202774572
  },
  "spin_stiffness": {
    "variance": 0.2668905729066161,
    "error": 0.0005166145302898633,
    "mean": 0.3756378767894255
  },
  "sqr_energy": {
    "variance": 0.037970689294675244,
    "error": 0.00019486069202041557,
    "mean": 1.6114100062179604
  }
}
