{
  "energy": {
    "variance": 0.0015713626536266437,
    "error": 3.964041692044426e-5,
    "mean": -1.5722131065804055
  },
  "spin_stiffness": {
    "variance": 0.004052747730901654,
    "error": 6.366119485920487e-5,
    "mean": 0.7567379606795085
  },
  "sqr_energy": {
    "variance": 0.015458776412582259,
    "error": 0.0001243333278432708,
    "mean": 2.4734254135854727
  }
}
