{
  "energy": {
    "variance": 0.0013415219288723079,
    "error": 3.662679250046758e-5,
    "mean": -0.6573538412877967
  },
  "spin_stiffness": {
    "variance": 0.2710212002649984,
    "error": 0.0005205969652860054,
    "mean": 0.4449184737003748
  },
  "sqr_energy": {
    "variance": 0.0022800617395306324,
    "error": 4.774999203696931e-5,
    "mean": 0.4334555932431723
  }
}
