{
  "energy": {
    "variance": 0.0018051043535487138,
    "error": 4.2486519668580926e-5,
    "mean": -0.5958062599345911
  },
  "spin_stiffness": {
    "variance": 0.4094820078948346,
    "error": 0.000639907812028291,
    "mean": 0.26472090347304145
  },
  "sqr_energy": {
    "variance": 0.0025482151861072055,
    "error": 5.0479849307493036e-5,
    "mean": 0.35679020192569
  }
}
