{
  "energy": {
    "variance": 0.003950363033479075,
    "error": 6.285191352281229e-5,
    "mean": -1.3810403318467723
  },
  "spin_stiffness": {
    "variance": 0.10076430225389245,
    "error": 0.00031743393368367605,
    "mean": 0.559984270031936
  },
  "sqr_energy": {
    "variance": 0.02979500827379656,
    "error": 0.00017261230626405686,
    "mean": 1.9112227572705587
  }
}
