{
  "energy": {
    "variance": 0.0012329628957549958,
    "error": 3.511357138991982e-5,
    "mean": -0.6667250839163358
  },
  "spin_stiffness": {
    "variance": 0.13909921584423324,
    "error": 0.00037296007272124085,
    "mean": 0.49177637206882596
  },
  "sqr_energy": {
    "variance": 0.002154990937466571,
    "error": 4.642187994326136e-5,
    "mean": 0.44575529918603723
  }
}
