{
  "energy": {
    "variance": 0.001156753362511063,
    "error": 3.4011077056027835e-5,
    "mean": -1.625889787341202
  },
  "spin_stiffness": {
    "variance": 0.0017447568089628848,
    "error": 4.177028619680364e-5,
    "mean": 0.7938524572712805
  },
  "sqr_energy": {
    "variance": 0.012183633202661819,
    "error": 0.0001103794962964672,
    "mean": 2.644674352786177
  }
}
