{
  "energy": {
    "variance": 0.0004041489819170589,
    "error": 2.0103456964339714e-5,
    "mean": -0.7817898270055963
  },
  "spin_stiffness": {
    "variance": 0.003524947409936249,
    "error": 5.937126754530552e-5,
    "mean": 0.7520132420956388
  },
  "sqr_energy": {
    "variance": 0.0009827853968435787,
    "error": 3.1349408237534226e-5,
    "mean": 0.6115994821872082
  }
}
