{
  "energy": {
    "variance": 0.0014962994739035438,
    "error": 3.8682030374626717e-5,
    "mean": -0.6385172412931771
  },
  "spin_stiffness": {
    "variance": 0.20254889648163424,
    "error": 0.0004500543261447825,
    "mean": 0.40468786878318486
  },
  "sqr_energy": {
    "variance": 0.0024069191231518836,
    "error": 4.906036203649422e-5,
    "mean": 0.40920056540625344
  }
}
