{
  "energy": {
    "variance": 0.0009299686721271318,
    "error": 3.049538771891795e-5,
    "mean": -0.6944243830967747
  },
  "spin_stiffness": {
    "variance": 0.07958890990036149,
    "error": 0.0002821150650007218,
    "mean": 0.5724873524336151
  },
  "sqr_energy": {
    "variance": 0.0017758439498376292,
    "error": 4.214076351749727e-5,
    "mean": 0.48315519158149456
  }
}
