{
  "energy": {
    "variance": 0.005601944599744701,
    "error": 7.484613951129812e-5,
    "mean": -1.2897346641917695
  },
  "spin_stiffness": {
    "variance": 0.21354743323239983,
    "error": 0.00046211192716959795,
    "mean": 0.4170009566016571
  },
  "sqr_energy": {
    "variance": 0.03681692442648286,
    "error": 0.00019187736819771856,
    "mean": 1.669017443015656
  }
}
