{
  "energy": {
    "variance": 0.006401851412284456,
    "error": 8.001157049005135e-5,
    "mean": -1.2434854979383578
  },
  "spin_stiffness": {
    "variance": 0.2958395418861733,
    "error": 0.0005439113364199842,
    "mean": 0.33700908834955506
  },
  "sqr_energy": {
    "variance": 0.039189261331046644,
    "error": 0.00019796277764025906,
    "mean": 1.5526580285934384
  }
}
