{
  "energy": {
    "variance": 0.0036227441759464182,
    "error": 6.018923637949246e-5,
    "mean": -1.4004621145526912
  },
  "spin_stiffness": {
    "variance": 0.05761722763732267,
    "error": 0.00024003588822782868,
    "mean": 0.5902638518423533
  },
  "sqr_energy": {
    "variance": 0.028134857519456217,
    "error": 0.00016773448518255337,
    "mean": 1.9649168748505967
  }
}
