{
  "energy": {
    "variance": 0.0007037731501918854,
    "error": 2.652872311649932e-5,
    "mean": -0.727382492100323
  },
  "spin_stiffness": {
    "variance": 0.04409983848044533,
    "error": 0.0002099996154292796,
    "mean": 0.6463221553907619
  },
  "sqr_energy": {
    "variance": 0.0014754859482636032,
    "error": 3.841205472587483e-5,
    "mean": 0.529789062260495
  }
}
