{
  "energy": {
    "variance": 0.0037885846322677098,
    "error": 6.155147952947767e-5,
    "mean": -1.3904501044341344
  },
  "spin_stiffness": {
    "variance": 0.06899397883862052,
    "error": 0.00026266704939641844,
    "mean": 0.5754408424692925
  },
  "sqr_energy": {
    "variance": 0.028982317874570607,
    "error": 0.00017024193923522666,
    "mean": 1.9371400737645788
  }
}
