{
  "energy": {
    "variance": 0.0038843192720526974,
    "error": 6.23243072328341e-5,
    "mean": -1.3852728348067238
  },
  "spin_stiffness": {
    "variance": 0.07610128501055576,
    "error": 0.00027586461355265515,
    "mean": 0.5672498116236225
  },
  "sqr_energy": {
    "variance": 0.02949322743782868,
    "error": 0.00017173592355074893,
    "mean": 1.9228651422411898
  }
}
