{
  "energy": {
    "variance": 0.006486317246873142,
    "error": 8.05376759465602e-5,
    "mean": -0.9102657453084465
  },
  "spin_stiffness": {
    "variance": 0.4070707246489277,
    "error": 0.0006380209437384699,
    "mean": 0.011288952120669564
  },
  "sqr_energy": {
    "variance": 0.021717675095745445,
    "error": 0.00014736917959921417,
    "mean": 0.8350700378424973
  }
}
