{
  "energy": {
    "variance": 0.00044518836832882486,
    "error": 2.1099487394930353e-5,
    "mean": -0.7729595243984216
  },
  "spin_stiffness": {
    "variance": 0.004634970041301457,
    "error": 6.808061428410775e-5,
    "mean": 0.7387934174273536
  },
  "sqr_energy": {
    "variance": 0.0010578956576740212,
    "error": 3.252530795663619e-5,
    "mean": 0.5979116142813745
  }
}
