{
  "energy": {
    "variance": 0.00664745722217576,
    "error": 8.153193988968839e-5,
    "mean": -1.2269362192292113
  },
  "spin_stiffness": {
    "variance": 0.337043170666158,
    "error": 0.0005805541927039697,
    "mean": 0.30536485727302404
  },
  "sqr_energy": {
    "variance": 0.039652967040336544,
    "error": 0.00019913052764540285,
    "mean": 1.5120199366311897
  }
}
