{
  "energy": {
    "variance": 0.00035480978247703877,
    "error": 1.883639515610773e-5,
    "mean": -1.7886225314989277
  },
  "spin_stiffness": {
    "variance": 0.00020513386672968954,
    "error": 1.4322495129330278e-5,
    "mean": 0.8897226632091998
  },
  "sqr_energy": {
    "variance": 0.00453138491101251,
    "error": 6.731556217556612e-5,
    "mean": 3.199525369613299
  }
}
