{
  "energy": {
    "variance": 0.0005788587992775,
    "error": 2.405948460124406e-5,
    "mean": -1.7305979478581353
  },
  "spin_stiffness": {
    "variance": 0.000437562923633857,
    "error": 2.091800477181935e-5,
    "mean": 0.8573208748589237
  },
  "sqr_energy": {
    "variance": 0.006917346881794301,
    "error": 8.317058904320866e-5,
    "mean": 2.9955481153512085
  }
}
