{
  "energy": {
    "variance": 0.0027108963151494807,
    "error": 5.2066268496498586e-5,
    "mean": -1.4643327980827907
  },
  "spin_stiffness": {
    "variance": 0.024283798681723937,
    "error": 0.00015583259826404725,
    "mean": 0.663620691552714
  },
  "sqr_energy": {
    "variance": 0.0230595136827186,
    "error": 0.0001518535929200182,
    "mean": 2.1469814371452287
  }
}
