{
  "energy": {
    "variance": 0.001239546811387162,
    "error": 3.520719828937204e-5,
    "mean": -0.6609021063843926
  },
  "spin_stiffness": {
    "variance": 0.202749073261008,
    "error": 0.00045027666302064554,
    "mean": 0.4646988697155459
  },
  "sqr_energy": {
    "variance": 0.002137165235782788,
    "error": 4.6229484485367e-5,
    "mean": 0.4380311397951674
  }
}
