{
  "energy": {
    "variance": 0.0014415230810213913,
    "error": 3.796739497281044e-5,
    "mean": -0.37763929233990484
  },
  "spin_stiffness": {
    "variance": 0.2868927796717638,
    "error": 0.0005356237295637337,
    "mean": 0.002575094753420687
  },
  "sqr_energy": {
    "variance": 0.0008287454674930092,
    "error": 2.8787939618753708e-5,
    "mean": 0.14405295675848245
  }
}
