{
  "energy": {
    "variance": 0.0006141240012533776,
    "error": 2.4781525402068727e-5,
    "mean": -1.7228967365205397
  },
  "spin_stiffness": {
    "variance": 0.0004910302834260795,
    "error": 2.2159203131567694e-5,
    "mean": 0.8528169234457691
  },
  "sqr_energy": {
    "variance": 0.007272679190790211,
    "error": 8.528000463643404e-5,
    "mean": 2.968987288100255
  }
}
