{
  "energy": {
    "variance": 0.0017802334377344216,
    "error": 4.2192812631234024e-5,
    "mean": -1.548936895215444
  },
  "spin_stiffness": {
    "variance": 0.0059279848486933715,
    "error": 7.699340782621179e-5,
    "mean": 0.7391063261641655
  },
  "sqr_energy": {
    "variance": 0.01699260821407141,
    "error": 0.00013035569881701147,
    "mean": 2.40098573701716
  }
}
