{
  "energy": {
    "variance": 0.005503744655645048,
    "error": 7.418722703838612e-5,
    "mean": -1.2969520929797724
  },
  "spin_stiffness": {
    "variance": 0.2155552773678755,
    "error": 0.0004642793096487022,
    "mean": 0.4265665933263539
  },
  "sqr_energy": {
    "variance": 0.03657216048689311,
    "error": 0.00019123849112271597,
    "mean": 1.687588470636512
  }
}
