{
  "energy": {
    "variance": 0.00042074144254836474,
    "error": 2.051198290142532e-5,
    "mean": -0.7785499632417056
  },
  "spin_stiffness": {
    "variance": 0.0040038417586792585,
    "error": 6.327591768342249e-5,
    "mean": 0.7470902380725639
  },
  "sqr_energy": {
    "variance": 0.0010143006968231878,
    "error": 3.184808780481471e-5,
    "mean": 0.6065607862854681
  }
}
