{
  "energy": {
    "variance": 0.0007165301743120059,
    "error": 2.6768081259440425e-5,
    "mean": -0.724222960105754
  },
  "spin_stiffness": {
    "variance": 0.02532012052616135,
    "error": 0.00015912297296795754,
    "mean": 0.6505130691767055
  },
  "sqr_energy": {
    "variance": 0.0014898346578353554,
    "error": 3.859837636268339e-5,
    "mean": 0.5252154254021225
  }
}
