{
  "energy": {
    "variance": 0.0017428984255841275,
    "error": 4.1748034990693e-5,
    "mean": -0.615539078869506
  },
  "spin_stiffness": {
    "variance": 0.2797161655154637,
    "error": 0.0005288819958322118,
    "mean": 0.33591845389307684
  },
  "sqr_energy": {
    "variance": 0.0025996078142739723,
    "error": 5.098634929345277e-5,
    "mean": 0.3806312542982057
  }
}
