{
  "energy": {
    "variance": 0.003236806864810049,
    "error": 5.6892942135295204e-5,
    "mean": -1.4263552390744616
  },
  "spin_stiffness": {
    "variance": 0.041131007700523865,
    "error": 0.00020280780976215848,
    "mean": 0.621271187968527
  },
  "sqr_energy": {
    "variance": 0.026088564575722496,
    "error": 0.00016151954858692027,
    "mean": 2.0377260716631675
  }
}
