{
  "energy": {
    "variance": 0.003101653686248506,
    "error": 5.569249218923953e-5,
    "mean": -1.434942894554017
  },
  "spin_stiffness": {
    "variance": 0.03607414479565358,
    "error": 0.00018993194780145227,
    "mean": 0.6322449217167532
  },
  "sqr_energy": {
    "variance": 0.02530906942321021,
    "error": 0.0001590882441389376,
    "mean": 2.0621627612156557
  }
}
