{
  "energy": {
    "variance": 0.005289781073610281,
    "error": 7.273088115518937e-5,
    "mean": -1.309817608682643
  },
  "spin_stiffness": {
    "variance": 0.1988289147392642,
    "error": 0.00044590236009609127,
    "mean": 0.44692624984754903
  },
  "sqr_energy": {
    "variance": 0.03582561335600459,
    "error": 0.0001892765525785077,
    "mean": 1.7209119437989462
  }
}
