{
  "energy": {
    "variance": 0.0017452830637511387,
    "error": 4.177658511356737e-5,
    "mean": -1.553434271599823
  },
  "spin_stiffness": {
    "variance": 0.005544283211188116,
    "error": 7.445994366898296e-5,
    "mean": 0.7427978615175358
  },
  "sqr_energy": {
    "variance": 0.016752872360721448,
    "error": 0.00012943288747733881,
    "mean": 2.4149033174993404
  }
}
