{
  "energy": {
    "variance": 0.0015327785445765553,
    "error": 3.915071576071829e-5,
    "mean": -0.41578027535980194
  },
  "spin_stiffness": {
    "variance": 0.3583243476640276,
    "error": 0.000598601994370239,
    "mean": 0.0004887969506592398
  },
  "sqr_energy": {
    "variance": 0.0010695069356689863,
    "error": 3.27033168909361e-5,
    "mean": 0.17440601439007075
  }
}
