{
  "energy": {
    "variance": 0.0007375791728778439,
    "error": 2.715840887971613e-5,
    "mean": -1.6968544062513118
  },
  "spin_stiffness": {
    "variance": 0.0006799343473840512,
    "error": 2.607555075897825e-5,
    "mean": 0.8376373467184395
  },
  "sqr_energy": {
    "variance": 0.008471305793158586,
    "error": 9.203969683326095e-5,
    "mean": 2.880052454449791
  }
}
