{
  "energy": {
    "variance": 0.00333570714583445,
    "error": 5.775558107953248e-5,
    "mean": -1.4184148015850058
  },
  "spin_stiffness": {
    "variance": 0.045402416436019666,
    "error": 0.00021307842789925887,
    "mean": 0.6128983928400239
  },
  "sqr_energy": {
    "variance": 0.026599259468299084,
    "error": 0.0001630927940416102,
    "mean": 2.015236253165559
  }
}
