{
  "energy": {
    "variance": 0.0005355261489581534,
    "error": 2.3141437918983195e-5,
    "mean": -0.7537599463027685
  },
  "spin_stiffness": {
    "variance": 0.008096676671395017,
    "error": 8.99815351691391e-5,
    "mean": 0.7082536502147416
  },
  "sqr_energy": {
    "variance": 0.001208985622019244,
    "error": 3.477047054641688e-5,
    "mean": 0.5686895822637846
  }
}
