{
  "energy": {
    "variance": 0.0015735223453135529,
    "error": 3.9667648598241275e-5,
    "mean": -0.6254539943304155
  },
  "spin_stiffness": {
    "variance": 0.20931787484322228,
    "error": 0.0004575127045702909,
    "mean": 0.37687145150472834
  },
  "sqr_energy": {
    "variance": 0.0024360583679416763,
    "error": 4.9356442010559034e-5,
    "mean": 0.3927662197956627
  }
}
