{
  "energy": {
    "variance": 0.0006668551501881233,
    "error": 2.5823538684466218e-5,
    "mean": -0.7330864756793583
  },
  "spin_stiffness": {
    "variance": 0.019369279817043845,
    "error": 0.00013917356005019,
    "mean": 0.6671137521643551
  },
  "sqr_energy": {
    "variance": 0.001420159369877856,
    "error": 3.7685001922221736e-5,
    "mean": 0.5380826353073151
  }
}
