{
  "energy": {
    "variance": 0.00041075713596783826,
    "error": 2.026714424796543e-5,
    "mean": -0.7807489801591837
  },
  "spin_stiffness": {
    "variance": 0.0035296261562165416,
    "error": 5.9410656924633827e-5,
    "mean": 0.7508454215383736
  },
  "sqr_energy": {
    "variance": 0.000996040827615747,
    "error": 3.156011450574517e-5,
    "mean": 0.609979726744816
  }
}
