{
  "energy": {
    "variance": 0.0010652724923003393,
    "error": 3.263851240942729e-5,
    "mean": -0.6791580844580731
  },
  "spin_stiffness": {
    "variance": 0.1431894384850423,
    "error": 0.00037840380347591945,
    "mean": 0.5252810585113187
  },
  "sqr_energy": {
    "variance": 0.0019427047792912454,
    "error": 4.407612482162248e-5,
    "mean": 0.4623209751117872
  }
}
