{
  "energy": {
    "variance": 0.001716757050933148,
    "error": 4.1433767037684956e-5,
    "mean": -1.5554574240812666
  },
  "spin_stiffness": {
    "variance": 0.005556345107035459,
    "error": 7.454089553416607e-5,
    "mean": 0.743981464085735
  },
  "sqr_energy": {
    "variance": 0.016521414445989778,
    "error": 0.00012853565437647942,
    "mean": 2.4211645534637056
  }
}
