{
  "energy": {
    "variance": 0.0014826606466497706,
    "error": 3.8505332704052444e-5,
    "mean": -0.6332888511043292
  },
  "spin_stiffness": {
    "variance": 0.3081790442734721,
    "error": 0.00055513876127818,
    "mean": 0.36738452898320884
  },
  "sqr_energy": {
    "variance": 0.002351002542069972,
    "error": 4.84871379034685e-5,
    "mean": 0.40253742809703036
  }
}
