{
  "energy": {
    "variance": 0.0016462401494488116,
    "error": 4.057388506723027e-5,
    "mean": -1.5640942220240355
  },
  "spin_stiffness": {
    "variance": 0.004821091196753394,
    "error": 6.943407806512156e-5,
    "mean": 0.7505843624046675
  },
  "sqr_energy": {
    "variance": 0.016022042700153342,
    "error": 0.0001265782078406601,
    "mean": 2.448036973872181
  }
}
