{
  "energy": {
    "variance": 0.0018013036283512007,
    "error": 4.2441767497963616e-5,
    "mean": -0.4986221816094856
  },
  "spin_stiffness": {
    "variance": 0.5433834198223101,
    "error": 0.000737145453640128,
    "mean": 0.011120428217257991
  },
  "sqr_energy": {
    "variance": 0.0018119233735953931,
    "error": 4.256669324243302e-5,
    "mean": 0.2504253818200505
  }
}
