{
  "energy": {
    "variance": 0.0027558330614126762,
    "error": 5.249602900613223e-5,
    "mean": -1.4613566307099166
  },
  "spin_stiffness": {
    "variance": 0.025063881658750436,
    "error": 0.00015831576566706942,
    "mean": 0.6601362265854848
  },
  "sqr_energy": {
    "variance": 0.023341776843167662,
    "error": 0.0001527801585388877,
    "mean": 2.1383190324254184
  }
}
