{
  "energy": {
    "variance": 0.0003123681834521726,
    "error": 1.767394080142209e-5,
    "mean": -0.8055117979739237
  },
  "spin_stiffness": {
    "variance": 0.0018827531983743216,
    "error": 4.339070405483554e-5,
    "mean": 0.7848052812227017
  },
  "sqr_energy": {
    "variance": 0.0008071462609520615,
    "error": 2.841031962073045e-5,
    "mean": 0.6491616245462674
  }
}
