{
  "energy": {
    "variance": 0.006166996148895705,
    "error": 7.853022442916934e-5,
    "mean": -1.2590374052579132
  },
  "spin_stiffness": {
    "variance": 0.27248168751750185,
    "error": 0.0005219977849737505,
    "mean": 0.36260405548925345
  },
  "sqr_energy": {
    "variance": 0.03865258446457053,
    "error": 0.00019660260543688258,
    "mean": 1.5913421778204786
  }
}
