{
  "energy": {
    "variance": 0.0006765018137555978,
    "error": 2.600964847427965e-5,
    "mean": -0.7298727743874506
  },
  "spin_stiffness": {
    "variance": 0.015314152393893152,
    "error": 0.0001237503632071161,
    "mean": 0.6658658521569786
  },
  "sqr_energy": {
    "variance": 0.0014295841775453786,
    "error": 3.780984233695479e-5,
    "mean": 0.5333907679292881
  }
}
