{
  "energy": {
    "variance": 0.0015778825107655515,
    "error": 3.972256928706339e-5,
    "mean": -0.6222720797970268
  },
  "spin_stiffness": {
    "variance": 0.2440628519411739,
    "error": 0.0004940271773305329,
    "mean": 0.35839458376257605
  },
  "sqr_energy": {
    "variance": 0.0024111462396900984,
    "error": 4.9103423910050285e-5,
    "mean": 0.38880042222780037
  }
}
