{
  "energy": {
    "variance": 0.0014666792163743135,
    "error": 3.8297248156679785e-5,
    "mean": -0.6464278604631192
  },
  "spin_stiffness": {
    "variance": 0.1904849024596277,
    "error": 0.0004364457611887503,
    "mean": 0.4339233038992125
  },
  "sqr_energy": {
    "variance": 0.0024033800436905105,
    "error": 4.902428014454175e-5,
    "mean": 0.4193356565326211
  }
}
