{
  "energy": {
    "variance": 0.006943729272280973,
    "error": 8.332904218986903e-5,
    "mean": -0.9962632725079443
  },
  "spin_stiffness": {
    "variance": 0.464764562848631,
    "error": 0.0006817364320972079,
    "mean": 0.03712342085216486
  },
  "sqr_energy": {
    "variance": 0.027820728272507294,
    "error": 0.0001667954683812102,
    "mean": 0.9994842304767904
  }
}
