{
  "energy": {
    "variance": 0.0004502924589819092,
    "error": 2.122009564026301e-5,
    "mean": -0.7717293855269088
  },
  "spin_stiffness": {
    "variance": 0.005160346248267246,
    "error": 7.183555003107615e-5,
    "mean": 0.7364734917656365
  },
  "sqr_energy": {
    "variance": 0.001066329612449791,
    "error": 3.265470276162058e-5,
    "mean": 0.5960165364944296
  }
}
