{
  "energy": {
    "variance": 0.0021954090941944636,
    "error": 4.685519281994755e-5,
    "mean": -1.5084197093757503
  },
  "spin_stiffness": {
    "variance": 0.011474871189110948,
    "error": 0.00010712082518871364,
    "mean": 0.7054915054929631
  },
  "sqr_energy": {
    "variance": 0.01984550183638108,
    "error": 0.00014087406374624492,
    "mean": 2.2775254265320077
  }
}
