{
  "energy": {
    "variance": 0.00028670389422374857,
    "error": 1.693233280513198e-5,
    "mean": -0.8132322155437516
  },
  "spin_stiffness": {
    "variance": 0.0015359453088185926,
    "error": 3.919113814140376e-5,
    "mean": 0.79492773838922
  },
  "sqr_energy": {
    "variance": 0.0007553768636772316,
    "error": 2.748412020926323e-5,
    "mean": 0.6616333400057186
  }
}
