{
  "energy": {
    "variance": 0.0017931843069826307,
    "error": 4.234600697802132e-5,
    "mean": -1.5466722674150923
  },
  "spin_stiffness": {
    "variance": 0.005979884528109159,
    "error": 7.732971309987618e-5,
    "mean": 0.7376561385392989
  },
  "sqr_energy": {
    "variance": 0.01706417756601924,
    "error": 0.0001306299259971437,
    "mean": 2.393988285304741
  }
}
