{
  "energy": {
    "variance": 0.002621139431380733,
    "error": 5.119706467543558e-5,
    "mean": -1.4714507482978476
  },
  "spin_stiffness": {
    "variance": 0.02340559242540905,
    "error": 0.00015298886373004097,
    "mean": 0.6695043738835202
  },
  "sqr_energy": {
    "variance": 0.022522719896544426,
    "error": 0.00015007571387984275,
    "mean": 2.167788441476537
  }
}
