{
  "energy": {
    "variance": 0.0005167831359064784,
    "error": 2.2732864665643846e-5,
    "mean": -0.7579203401846476
  },
  "spin_stiffness": {
    "variance": 0.006821523623395878,
    "error": 8.259251554103361e-5,
    "mean": 0.7157173124893103
  },
  "sqr_energy": {
    "variance": 0.0011796368775048945,
    "error": 3.434584221568739e-5,
    "mean": 0.5749600246847355
  }
}
