{
  "energy": {
    "variance": 0.0018533101679285278,
    "error": 4.3050089058311225e-5,
    "mean": -1.5418587456302864
  },
  "spin_stiffness": {
    "variance": 0.006246799152964166,
    "error": 7.903669497748602e-5,
    "mean": 0.7339218070597353
  },
  "sqr_energy": {
    "variance": 0.017522600390961478,
    "error": 0.00013237295944021755,
    "mean": 2.379181699791219
  }
}
