{
  "energy": {
    "variance": 0.00043809468936187876,
    "error": 2.0930711630565234e-5,
    "mean": -0.7741188557737663
  },
  "spin_stiffness": {
    "variance": 0.004435504678935322,
    "error": 6.65995846753966e-5,
    "mean": 0.7406260246308949
  },
  "sqr_energy": {
    "variance": 0.0010441438736389001,
    "error": 3.231321515477685e-5,
    "mean": 0.5996980971157525
  }
}
