{
  "energy": {
    "variance": 0.0016230062946308186,
    "error": 4.0286552280268644e-5,
    "mean": -1.566223422984509
  },
  "spin_stiffness": {
    "variance": 0.004992206607091907,
    "error": 7.065554901840271e-5,
    "mean": 0.7523561372537184
  },
  "sqr_energy": {
    "variance": 0.01584075782613677,
    "error": 0.00012586007240637028,
    "mean": 2.4546788153769366
  }
}
