{
  "energy": {
    "variance": 0.0028990307505158885,
    "error": 5.384264806374115e-5,
    "mean": -1.4500718530856371
  },
  "spin_stiffness": {
    "variance": 0.029278468064259076,
    "error": 0.00017110952067099915,
    "mean": 0.6486875556626273
  },
  "sqr_energy": {
    "variance": 0.024175148135326622,
    "error": 0.00015548359442502807,
    "mean": 2.1056074069626987
  }
}
