{
  "energy": {
    "variance": 0.000834535589631273,
    "error": 2.8888329644188033e-5,
    "mean": -0.7082095423969262
  },
  "spin_stiffness": {
    "variance": 0.04889067617012078,
    "error": 0.00022111236096184397,
    "mean": 0.6149118568413233
  },
  "sqr_energy": {
    "variance": 0.0016549955097353054,
    "error": 4.068163602579554e-5,
    "mean": 0.5023952906971593
  }
}
