{
  "energy": {
    "variance": 0.004329521968284075,
    "error": 6.579910309634984e-5,
    "mean": -1.3595804915373702
  },
  "spin_stiffness": {
    "variance": 0.10978334895759304,
    "error": 0.00033133570432054713,
    "mean": 0.5301587809992292
  },
  "sqr_energy": {
    "variance": 0.03163335443365337,
    "error": 0.00017785768027738744,
    "mean": 1.8527886306077586
  }
}
