{
  "energy": {
    "variance": 0.006307607353969729,
    "error": 7.942044669963603e-5,
    "mean": -1.2512240098617096
  },
  "spin_stiffness": {
    "variance": 0.28469448169467526,
    "error": 0.0005335676917642927,
    "mean": 0.3514787912729341
  },
  "sqr_energy": {
    "variance": 0.0390468384367263,
    "error": 0.00019760272881902795,
    "mean": 1.571869123900778
  }
}
