{
  "energy": {
    "variance": 0.0011240935641176533,
    "error": 3.352750459127033e-5,
    "mean": -0.6736570866930128
  },
  "spin_stiffness": {
    "variance": 0.12289312631003253,
    "error": 0.00035056115915776026,
    "mean": 0.517326473040826
  },
  "sqr_energy": {
    "variance": 0.0020083282481760593,
    "error": 4.4814375463416415e-5,
    "mean": 0.45493796289174165
  }
}
