{
  "energy": {
    "variance": 0.00458281862224718,
    "error": 6.769651853860123e-5,
    "mean": -1.3477081849315558
  },
  "spin_stiffness": {
    "variance": 0.13308852509802915,
    "error": 0.0003648130001768429,
    "mean": 0.5110045982844866
  },
  "sqr_energy": {
    "variance": 0.03287639638408737,
    "error": 0.00018131849432445485,
    "mean": 1.8209001657709367
  }
}
