{
  "energy": {
    "variance": 0.0006906645628663989,
    "error": 2.628049776671665e-5,
    "mean": -0.7265048232447698
  },
  "spin_stiffness": {
    "variance": 0.015895832716555633,
    "error": 0.00012607867669259395,
    "mean": 0.6599071507650032
  },
  "sqr_energy": {
    "variance": 0.0014463657889079542,
    "error": 3.803111606182435e-5,
    "mean": 0.5284999220701159
  }
}
