{
  "energy": {
    "variance": 0.0028109290695592488,
    "error": 5.301819564601617e-5,
    "mean": -1.457252474879215
  },
  "spin_stiffness": {
    "variance": 0.029773334379533684,
    "error": 0.00017254951283481992,
    "mean": 0.6549489902553404
  },
  "sqr_energy": {
    "variance": 0.023680653294301572,
    "error": 0.0001538851951758244,
    "mean": 2.1263957018002273
  }
}
