{
  "energy": {
    "variance": 0.004764889648471699,
    "error": 6.90281801040104e-5,
    "mean": -1.3357979881224522
  },
  "spin_stiffness": {
    "variance": 0.14121700788989525,
    "error": 0.0003757885148456446,
    "mean": 0.4927221175379355
  },
  "sqr_energy": {
    "variance": 0.03358864276983149,
    "error": 0.0001832720457948552,
    "mean": 1.789121149955573
  }
}
