{
  "energy": {
    "variance": 0.002127098144328642,
    "error": 4.612047424223478e-5,
    "mean": -1.5140055780533417
  },
  "spin_stiffness": {
    "variance": 0.01047751243311467,
    "error": 0.00010235972075535704,
    "mean": 0.7104087294953274
  },
  "sqr_energy": {
    "variance": 0.019375718289339466,
    "error": 0.00013919668921831245,
    "mean": 2.2943399863938643
  }
}
