{
  "energy": {
    "variance": 0.001996309167756109,
    "error": 4.4680075735792e-5,
    "mean": -1.5272114487051014
  },
  "spin_stiffness": {
    "variance": 0.007985812684905771,
    "error": 8.936337440420304e-5,
    "mean": 0.7219481521188343
  },
  "sqr_energy": {
    "variance": 0.01851389240783955,
    "error": 0.00013606576501030504,
    "mean": 2.3343711162273815
  }
}
