{
  "energy": {
    "variance": 0.004645095893235592,
    "error": 6.815494034357004e-5,
    "mean": -1.3431187635904789
  },
  "spin_stiffness": {
    "variance": 0.14997266048845714,
    "error": 0.0003872630378547082,
    "mean": 0.504395840198764
  },
  "sqr_energy": {
    "variance": 0.03309784129057477,
    "error": 0.00018192812121982344,
    "mean": 1.808613104356956
  }
}
