{
  "energy": {
    "variance": 0.00235339224559033,
    "error": 4.8511774298517776e-5,
    "mean": -1.4935952956428131
  },
  "spin_stiffness": {
    "variance": 0.014836674370206696,
    "error": 0.00012180588807691808,
    "mean": 0.6923485743852936
  },
  "sqr_energy": {
    "variance": 0.020845116385071864,
    "error": 0.00014437837921611347,
    "mean": 2.2331802970585404
  }
}
