{
  "energy": {
    "variance": 0.0001444166017274883,
    "error": 1.2017345868680335e-5,
    "mean": -0.8654192037214246
  },
  "spin_stiffness": {
    "variance": 0.00043087981128272455,
    "error": 2.0757644646797587e-5,
    "mean": 0.857598155403705
  },
  "sqr_energy": {
    "variance": 0.00043158153197120694,
    "error": 2.0774540475572664e-5,
    "mean": 0.7490948146271355
  }
}
