{
  "energy": {
    "variance": 0.0012090192471740729,
    "error": 3.477095407339397e-5,
    "mean": -0.6649958576376972
  },
  "spin_stiffness": {
    "variance": 0.12555986343084358,
    "error": 0.0003543442724679539,
    "mean": 0.49469993525331246
  },
  "sqr_energy": {
    "variance": 0.002108057127002421,
    "error": 4.59135832516089e-5,
    "mean": 0.44342850871345135
  }
}
