{
  "energy": {
    "variance": 0.00607400277438934,
    "error": 7.793588887277376e-5,
    "mean": -0.830095788200378
  },
  "spin_stiffness": {
    "variance": 0.3456412239636252,
    "error": 0.0005879125989155405,
    "mean": 0.0021710598472898545
  },
  "sqr_energy": {
    "variance": 0.016895528164685553,
    "error": 0.00012998279949549306,
    "mean": 0.6951330142883931
  }
}
