{
  "energy": {
    "variance": 0.0031555607524785686,
    "error": 5.6174378078253513e-5,
    "mean": -1.430952528580497
  },
  "spin_stiffness": {
    "variance": 0.03713253864482448,
    "error": 0.00019269805044375637,
    "mean": 0.6274628867995062
  },
  "sqr_energy": {
    "variance": 0.025600810314673157,
    "error": 0.00016000253221331578,
    "mean": 2.050780696647836
  }
}
