{
  "energy": {
    "variance": 0.0026529045235140526,
    "error": 5.150635420522455e-5,
    "mean": -1.4681170764892213
  },
  "spin_stiffness": {
    "variance": 0.022521280802329315,
    "error": 0.00015007091924263446,
    "mean": 0.6672161547827343
  },
  "sqr_energy": {
    "variance": 0.022691726593260967,
    "error": 0.00015063773296641506,
    "mean": 2.1580206521498666
  }
}
