{
  "energy": {
    "variance": 0.002420307119065101,
    "error": 4.9196616947358294e-5,
    "mean": -1.487645188517863
  },
  "spin_stiffness": {
    "variance": 0.01610908730616249,
    "error": 0.0001269215793557679,
    "mean": 0.6866808922122433
  },
  "sqr_energy": {
    "variance": 0.021268563048221334,
    "error": 0.0001458374542023459,
    "mean": 2.215508511619106
  }
}
