{
  "energy": {
    "variance": 0.0004694682155990575,
    "error": 2.1667215224828906e-5,
    "mean": -1.7572733778176037
  },
  "spin_stiffness": {
    "variance": 0.0003111914183018155,
    "error": 1.764061842175085e-5,
    "mean": 0.8723557780105016
  },
  "sqr_energy": {
    "variance": 0.00578607836110482,
    "error": 7.606627610909331e-5,
    "mean": 3.0884791921326213
  }
}
