{
  "energy": {
    "variance": 0.0021462305924953825,
    "error": 4.6327428079868434e-5,
    "mean": -1.5111923106920164
  },
  "spin_stiffness": {
    "variance": 0.010979996638222205,
    "error": 0.00010478547913820027,
    "mean": 0.7081217237953542
  },
  "sqr_energy": {
    "variance": 0.019479612784115193,
    "error": 0.0001395693834052268,
    "mean": 2.2858484283409406
  }
}
