{
  "energy": {
    "variance": 0.0007274594804261962,
    "error": 2.6971456772413983e-5,
    "mean": -0.7207285628812821
  },
  "spin_stiffness": {
    "variance": 0.01739600978395448,
    "error": 0.00013189393384062243,
    "mean": 0.6498148540071256
  },
  "sqr_energy": {
    "variance": 0.0014984634016052432,
    "error": 3.870999097914185e-5,
    "mean": 0.520177120105885
  }
}
