{
  "energy": {
    "variance": 0.0008459491832980543,
    "error": 2.9085205574278724e-5,
    "mean": -0.7061894908564996
  },
  "spin_stiffness": {
    "variance": 0.06263254922034125,
    "error": 0.0002502649580351617,
    "mean": 0.6060052790409411
  },
  "sqr_energy": {
    "variance": 0.0016694994847225317,
    "error": 4.0859509110151236e-5,
    "mean": 0.4995495453335112
  }
}
