{
  "energy": {
    "variance": 0.000651373554439312,
    "error": 2.5522020970904948e-5,
    "mean": -1.71475366562689
  },
  "spin_stiffness": {
    "variance": 0.0005338612625211843,
    "error": 2.3105437942639916e-5,
    "mean": 0.8482018740177345
  },
  "sqr_energy": {
    "variance": 0.0076406715558275575,
    "error": 8.741093499000887e-5,
    "mean": 2.941031506683923
  }
}
