{
  "energy": {
    "variance": 0.0015916626793519623,
    "error": 3.9895647373516356e-5,
    "mean": -1.570255995992316
  },
  "spin_stiffness": {
    "variance": 0.004306176993342491,
    "error": 6.562146747324759e-5,
    "mean": 0.755200063944425
  },
  "sqr_energy": {
    "variance": 0.015614878457708075,
    "error": 0.0001249595072721883,
    "mean": 2.467295554037509
  }
}
