{
  "energy": {
    "variance": 0.0011552495132960902,
    "error": 3.3988961638980536e-5,
    "mean": -0.6699318310885665
  },
  "spin_stiffness": {
    "variance": 0.23547879381796696,
    "error": 0.0004852615725750051,
    "mean": 0.4818490737242928
  },
  "sqr_energy": {
    "variance": 0.0020488403511716626,
    "error": 4.526411770013487e-5,
    "mean": 0.4499639066637262
  }
}
