{
  "energy": {
    "variance": 0.0025091010188697457,
    "error": 5.0090927510575664e-5,
    "mean": -1.4813225487248562
  },
  "spin_stiffness": {
    "variance": 0.01706274056322697,
    "error": 0.00013062442559960585,
    "mean": 0.6803943722632583
  },
  "sqr_energy": {
    "variance": 0.021861278412784936,
    "error": 0.00014785559986955156,
    "mean": 2.1968255918704727
  }
}
