{
  "energy": {
    "variance": 0.007173019855865819,
    "error": 8.469368250268623e-5,
    "mean": -1.1817900208327798
  },
  "spin_stiffness": {
    "variance": 0.40909925834864364,
    "error": 0.0006396086759485393,
    "mean": 0.22739712259682232
  },
  "sqr_energy": {
    "variance": 0.03987118214208355,
    "error": 0.00019967769565498183,
    "mean": 1.4038006660227882
  }
}
