{
  "energy": {
    "variance": 0.0019395620666207145,
    "error": 4.404045942790237e-5,
    "mean": -1.5322334709070033
  },
  "spin_stiffness": {
    "variance": 0.0076567939428680365,
    "error": 8.750310818975539e-5,
    "mean": 0.7258251240481853
  },
  "sqr_energy": {
    "variance": 0.01810378490372695,
    "error": 0.00013455030621937263,
    "mean": 2.3496789694947813
  }
}
