{
  "energy": {
    "variance": 0.0020752848051023495,
    "error": 4.5555293930588893e-5,
    "mean": -1.5191854083192688
  },
  "spin_stiffness": {
    "variance": 0.009225402349133905,
    "error": 9.604895808458259e-5,
    "mean": 0.7150979746203143
  },
  "sqr_energy": {
    "variance": 0.01903649594725611,
    "error": 0.00013797280872424142,
    "mean": 2.309999587580001
  }
}
