{
  "energy": {
    "variance": 0.0007931945712234831,
    "error": 2.8163710182138345e-5,
    "mean": -1.6871965852832465
  },
  "spin_stiffness": {
    "variance": 0.0007829836341429294,
    "error": 2.7981844723729874e-5,
    "mean": 0.8319751664629177
  },
  "sqr_energy": {
    "variance": 0.009004601092871066,
    "error": 9.489257659517455e-5,
    "mean": 2.8474255111694755
  }
}
