{
  "energy": {
    "variance": 0.001708256002209265,
    "error": 4.1331053727303694e-5,
    "mean": -0.6073656181039817
  },
  "spin_stiffness": {
    "variance": 0.3445522968163109,
    "error": 0.0005869857722435109,
    "mean": 0.2867087460163711
  },
  "sqr_energy": {
    "variance": 0.002503637349220344,
    "error": 5.003636027151e-5,
    "mean": 0.3706012483487851
  }
}
