{
  "energy": {
    "variance": 0.00047779347022673424,
    "error": 2.1858487372797193e-5,
    "mean": -0.765633909416639
  },
  "spin_stiffness": {
    "variance": 0.005494057154297177,
    "error": 7.412190738437035e-5,
    "mean": 0.7275065742649943
  },
  "sqr_energy": {
    "variance": 0.001113400062182486,
    "error": 3.336764993496674e-5,
    "mean": 0.5866730762410394
  }
}
