{
  "energy": {
    "variance": 0.0015619675956449956,
    "error": 3.952173573674359e-5,
    "mean": -1.5742332250242406
  },
  "spin_stiffness": {
    "variance": 0.004627420447604895,
    "error": 6.802514570072522e-5,
    "mean": 0.7580832010623244
  },
  "sqr_energy": {
    "variance": 0.01540335656844826,
    "error": 0.0001241102597227492,
    "mean": 2.4797722128038995
  }
}
