{
  "energy": {
    "variance": 0.006478421365675101,
    "error": 8.048864122144876e-5,
    "mean": -1.2359426565074652
  },
  "spin_stiffness": {
    "variance": 0.3034819701795078,
    "error": 0.0005508919768697923,
    "mean": 0.3263152175044784
  },
  "sqr_energy": {
    "variance": 0.03919518829453077,
    "error": 0.00019797774696801346,
    "mean": 1.534032665061984
  }
}
