{
  "energy": {
    "variance": 0.0028548646542830487,
    "error": 5.343093349627207e-5,
    "mean": -1.4539504174815747
  },
  "spin_stiffness": {
    "variance": 0.03413207533978968,
    "error": 0.0001847486815644152,
    "mean": 0.6506305195145304
  },
  "sqr_energy": {
    "variance": 0.023930024860391485,
    "error": 0.00015469332519663375,
    "mean": 2.116826678294264
  }
}
