{
  "energy": {
    "variance": 5.936712465347235e-5,
    "error": 7.70500646680276e-6,
    "mean": -0.9131317553601992
  },
  "spin_stiffness": {
    "variance": 0.00011672640221958704,
    "error": 1.0803999362254102e-5,
    "mean": 0.9102963032705678
  },
  "sqr_energy": {
    "variance": 0.00019768784626654503,
    "error": 1.4060151004400523e-5,
    "mean": 0.833868969712485
  }
}
