{
  "energy": {
    "variance": 0.0005488329596029138,
    "error": 2.342718420132718e-5,
    "mean": -0.7520661109666569
  },
  "spin_stiffness": {
    "variance": 0.008228283673524208,
    "error": 9.070988740773637e-5,
    "mean": 0.7057153520885944
  },
  "sqr_energy": {
    "variance": 0.0012329780825057971,
    "error": 3.5113787641121786e-5,
    "mean": 0.5661522676752819
  }
}
