{
  "energy": {
    "variance": 0.00040244741045113934,
    "error": 2.00610919556025e-5,
    "mean": -0.7828103654295206
  },
  "spin_stiffness": {
    "variance": 0.0033968353846431927,
    "error": 5.828237627828152e-5,
    "mean": 0.7536204046142769
  },
  "sqr_energy": {
    "variance": 0.0009809633833513334,
    "error": 3.132033498146745e-5,
    "mean": 0.6131945152319032
  }
}
