{
  "energy": {
    "variance": 0.0017567777576911144,
    "error": 4.191393273949743e-5,
    "mean": -1.551041761313804
  },
  "spin_stiffness": {
    "variance": 0.005708684418024452,
    "error": 7.555583642594694e-5,
    "mean": 0.740768225917553
  },
  "sqr_energy": {
    "variance": 0.01680987393831167,
    "error": 0.00012965289791713746,
    "mean": 2.4074873213403403
  }
}
