{
  "energy": {
    "variance": 0.0010814439497963337,
    "error": 3.288531510866718e-5,
    "mean": -0.6813145993531546
  },
  "spin_stiffness": {
    "variance": 0.07919886474278941,
    "error": 0.0002814229286017566,
    "mean": 0.5493423271556075
  },
  "sqr_energy": {
    "variance": 0.001973828603373696,
    "error": 4.442779089009149e-5,
    "mean": 0.465271026160102
  }
}
