{
  "energy": {
    "variance": 0.0009864772188507543,
    "error": 3.140823488912986e-5,
    "mean": -1.6534240413173626
  },
  "spin_stiffness": {
    "variance": 0.0012068097283410933,
    "error": 3.473916706458422e-5,
    "mean": 0.8113878056557906
  },
  "sqr_energy": {
    "variance": 0.010749565868900208,
    "error": 0.00010368011317943384,
    "mean": 2.734797536638613
  }
}
