{
  "energy": {
    "variance": 0.0032946458063400296,
    "error": 5.7399005273088393e-5,
    "mean": -1.4224215163061655
  },
  "spin_stiffness": {
    "variance": 0.05534252608701791,
    "error": 0.00023524992260788932,
    "mean": 0.6150859496518336
  },
  "sqr_energy": {
    "variance": 0.02640144569725393,
    "error": 0.00016248521685757733,
    "mean": 2.0265776125624253
  }
}
