{
  "energy": {
    "variance": 0.005790903530980976,
    "error": 7.60979863792793e-5,
    "mean": -1.2825270829379087
  },
  "spin_stiffness": {
    "variance": 0.24492074573179373,
    "error": 0.000494894681454341,
    "mean": 0.40223270089892554
  },
  "sqr_energy": {
    "variance": 0.03762689031889352,
    "error": 0.0001939765200195465,
    "mean": 1.650666616209299
  }
}
