{
  "energy": {
    "variance": 0.0005794936461555001,
    "error": 2.407267426264685e-5,
    "mean": -0.7461626189800163
  },
  "spin_stiffness": {
    "variance": 0.009933861281785574,
    "error": 9.966875780195905e-5,
    "mean": 0.695156921720136
  },
  "sqr_energy": {
    "variance": 0.0012810101650547246,
    "error": 3.579120234156328e-5,
    "mean": 0.5573381470297789
  }
}
