{
  "energy": {
    "variance": 0.00023861856102108474,
    "error": 1.5447283289338768e-5,
    "mean": -1.8258377733356828
  },
  "spin_stiffness": {
    "variance": 0.00011964165448089232,
    "error": 1.093808276074433e-5,
    "mean": 0.9099608711084237
  },
  "sqr_energy": {
    "variance": 0.003177257752276093,
    "error": 5.63671690993622e-5,
    "mean": 3.3339221928618064
  }
}
