{
  "energy": {
    "variance": 0.0008910835233948967,
    "error": 2.9851022149918028e-5,
    "mean": -0.7014993423999485
  },
  "spin_stiffness": {
    "variance": 0.04632826844774675,
    "error": 0.00021524002519918723,
    "mean": 0.5979114997944718
  },
  "sqr_energy": {
    "variance": 0.0017350004167672722,
    "error": 4.1653336202125183e-5,
    "mean": 0.4929924100198715
  }
}
