{
  "energy": {
    "variance": 0.000620770927780913,
    "error": 2.4915274989068715e-5,
    "mean": -0.7385072243062123
  },
  "spin_stiffness": {
    "variance": 0.012174597937035474,
    "error": 0.00011033856051732538,
    "mean": 0.6815398043629094
  },
  "sqr_energy": {
    "variance": 0.0013437683751319413,
    "error": 3.665744638040055e-5,
    "mean": 0.5460136906594762
  }
}
