{
  "energy": {
    "variance": 0.002040159300582684,
    "error": 4.516812261521043e-5,
    "mean": -1.5222120802738737
  },
  "spin_stiffness": {
    "variance": 0.008699860650084597,
    "error": 9.327304353394178e-5,
    "mean": 0.7178439926682851
  },
  "sqr_energy": {
    "variance": 0.018790608579955705,
    "error": 0.0001370788407448637,
    "mean": 2.3191697745921376
  }
}
