{
  "energy": {
    "variance": 0.0014139968777191426,
    "error": 3.7603149837734904e-5,
    "mean": -0.6376084607862608
  },
  "spin_stiffness": {
    "variance": 0.2134881981122716,
    "error": 0.0004620478309788626,
    "mean": 0.41325661434815086
  },
  "sqr_energy": {
    "variance": 0.0022736760815615224,
    "error": 4.768307961490661e-5,
    "mean": 0.40795854472994697
  }
}
