{
  "energy": {
    "variance": 0.0016039055236802947,
    "error": 4.004878929106715e-5,
    "mean": -1.5682159427777873
  },
  "spin_stiffness": {
    "variance": 0.0057755734208063065,
    "error": 7.599719350611774e-5,
    "mean": 0.7534420491238929
  },
  "sqr_energy": {
    "variance": 0.01569924420682619,
    "error": 0.00012529662488202224,
    "mean": 2.4609051471021988
  }
}
