{
  "energy": {
    "variance": 0.0004327037448211579,
    "error": 2.0801532270992872e-5,
    "mean": -0.7752824933852099
  },
  "spin_stiffness": {
    "variance": 0.004246549960494536,
    "error": 6.516555808473167e-5,
    "mean": 0.7424489326782961
  },
  "sqr_energy": {
    "variance": 0.0010345947898192788,
    "error": 3.216511759374243e-5,
    "mean": 0.6014956478617056
  }
}
