{
  "energy": {
    "variance": 0.00047072046240572937,
    "error": 2.169609325214402e-5,
    "mean": -0.7669370547781545
  },
  "spin_stiffness": {
    "variance": 0.005451367065073125,
    "error": 7.383337365360684e-5,
    "mean": 0.729645479889746
  },
  "sqr_energy": {
    "variance": 0.0011007993353309648,
    "error": 3.317829614870186e-5,
    "mean": 0.5886631659834752
  }
}
