{
  "energy": {
    "variance": 0.0035155133570204783,
    "error": 5.92917646644159e-5,
    "mean": -1.4093154662535645
  },
  "spin_stiffness": {
    "variance": 0.06124889038110652,
    "error": 0.000247485131636441,
    "mean": 0.5984712779910286
  },
  "sqr_energy": {
    "variance": 0.02764280621655012,
    "error": 0.0001662612589166524,
    "mean": 1.989685593263009
  }
}
