{
  "energy": {
    "variance": 0.002392377327529464,
    "error": 4.891193440796902e-5,
    "mean": -1.4904268411647001
  },
  "spin_stiffness": {
    "variance": 0.01681945957099343,
    "error": 0.00012968985916791425,
    "mean": 0.6884047512765459
  },
  "sqr_energy": {
    "variance": 0.0211039292480997,
    "error": 0.00014527191486347145,
    "mean": 2.223764543799339
  }
}
