{
  "energy": {
    "variance": 0.004153268728395608,
    "error": 6.444585889252783e-5,
    "mean": -1.3701474733351655
  },
  "spin_stiffness": {
    "variance": 0.10751339727288192,
    "error": 0.00032789235622820165,
    "mean": 0.5422955759117993
  },
  "sqr_energy": {
    "variance": 0.030824627401731336,
    "error": 0.00017556943755030755,
    "mean": 1.8814573632618652
  }
}
