{
  "energy": {
    "variance": 0.0016625256976437286,
    "error": 4.077408119925854e-5,
    "mean": -0.6131461044401213
  },
  "spin_stiffness": {
    "variance": 0.35764380931694484,
    "error": 0.0005980332844557608,
    "mean": 0.31062676391403493
  },
  "sqr_energy": {
    "variance": 0.0024792037424341447,
    "error": 4.979160313179467e-5,
    "mean": 0.37761066942521415
  }
}
