{
  "energy": {
    "variance": 0.0007179598448717079,
    "error": 2.6794772715432907e-5,
    "mean": -0.722588830313276
  },
  "spin_stiffness": {
    "variance": 0.03111973664566176,
    "error": 0.0001764078701352685,
    "mean": 0.6476905803751954
  },
  "sqr_energy": {
    "variance": 0.001486530792366464,
    "error": 3.855555462402874e-5,
    "mean": 0.5228525768204203
  }
}
