{
  "energy": {
    "variance": 0.000549222285141736,
    "error": 2.3435491997006082e-5,
    "mean": -1.737800748912876
  },
  "spin_stiffness": {
    "variance": 0.00039696276391382705,
    "error": 1.992392441046259e-5,
    "mean": 0.8614281537787146
  },
  "sqr_energy": {
    "variance": 0.006618552995366501,
    "error": 8.13544897062633e-5,
    "mean": 3.0205006646580723
  }
}
