{
  "energy": {
    "variance": 0.0009824188345888935,
    "error": 3.134356129397063e-5,
    "mean": -0.6893413859391483
  },
  "spin_stiffness": {
    "variance": 0.0913541421337079,
    "error": 0.0003022484774712818,
    "mean": 0.5597411876659024
  },
  "sqr_energy": {
    "variance": 0.0018459661645543505,
    "error": 4.29647083610997e-5,
    "mean": 0.4761739642206757
  }
}
