{
  "energy": {
    "variance": 0.0069528775755485885,
    "error": 8.338391676785511e-5,
    "mean": -1.1993552703490793
  },
  "spin_stiffness": {
    "variance": 0.37245466673324046,
    "error": 0.0006102906411974876,
    "mean": 0.25913925315844233
  },
  "sqr_energy": {
    "variance": 0.039772610187033534,
    "error": 0.00019943071525478097,
    "mean": 1.4454059351367843
  }
}
