{
  "energy": {
    "variance": 0.000464143172468114,
    "error": 2.1543982279702005e-5,
    "mean": -0.768250657072013
  },
  "spin_stiffness": {
    "variance": 0.005131816895337397,
    "error": 7.163670075692624e-5,
    "mean": 0.7316875733152051
  },
  "sqr_energy": {
    "variance": 0.0010895008266807711,
    "error": 3.30075874107874e-5,
    "mean": 0.5906732147999048
  }
}
