{
  "energy": {
    "variance": 0.0022227606491597067,
    "error": 4.714616261329979e-5,
    "mean": -1.5056149812713904
  },
  "spin_stiffness": {
    "variance": 0.012658892414221017,
    "error": 0.0001125117434502773,
    "mean": 0.7030802693868792
  },
  "sqr_energy": {
    "variance": 0.020022183052201145,
    "error": 0.000141499763435142,
    "mean": 2.269099230255248
  }
}
