{
  "energy": {
    "variance": 0.0008115736639825073,
    "error": 2.84881319847846e-5,
    "mean": -0.7120972343919678
  },
  "spin_stiffness": {
    "variance": 0.02828640377216124,
    "error": 0.00016818562296510735,
    "mean": 0.6247553322355307
  },
  "sqr_energy": {
    "variance": 0.0016279094706938713,
    "error": 4.034736014529168e-5,
    "mean": 0.5078940440810977
  }
}
