{
  "energy": {
    "variance": 0.001876636647325734,
    "error": 4.3320164442505686e-5,
    "mean": -1.5392673205157115
  },
  "spin_stiffness": {
    "variance": 0.006953523060603812,
    "error": 8.338778723892254e-5,
    "mean": 0.7316585430275169
  },
  "sqr_energy": {
    "variance": 0.017682034599177433,
    "error": 0.00013297381170432557,
    "mean": 2.3712205187783084
  }
}
