{
  "energy": {
    "variance": 0.00038362951549241023,
    "error": 1.9586462556888885e-5,
    "mean": -0.7869010278908664
  },
  "spin_stiffness": {
    "variance": 0.0030845982330263808,
    "error": 5.5539159455526336e-5,
    "mean": 0.7593771436581842
  },
  "sqr_energy": {
    "variance": 0.0009454208476320363,
    "error": 3.074769662319498e-5,
    "mean": 0.6195968568275649
  }
}
