{
  "energy": {
    "variance": 0.0013824075360720505,
    "error": 3.718074146748623e-5,
    "mean": -0.34131672855134965
  },
  "spin_stiffness": {
    "variance": 0.23944504727855132,
    "error": 0.0004893312245080538,
    "mean": -0.0027304792169742615
  },
  "sqr_energy": {
    "variance": 0.0006494334239415596,
    "error": 2.548398367488018e-5,
    "mean": 0.11787951534266024
  }
}
