{
  "energy": {
    "variance": 0.0008379301843301882,
    "error": 2.894702375599585e-5,
    "mean": -0.7097995409683711
  },
  "spin_stiffness": {
    "variance": 0.03595029902117197,
    "error": 0.00018960564079470834,
    "mean": 0.6177543312689833
  },
  "sqr_energy": {
    "variance": 0.001669100631715603,
    "error": 4.0854628033009955e-5,
    "mean": 0.5046533177053102
  }
}
