{
  "energy": {
    "variance": 0.0006772841250784648,
    "error": 2.602468299669498e-5,
    "mean": -0.7313391762512894
  },
  "spin_stiffness": {
    "variance": 0.018693088826494102,
    "error": 0.00013672267122351767,
    "mean": 0.6654926301235452
  },
  "sqr_energy": {
    "variance": 0.0014352417616155977,
    "error": 3.788458474915091e-5,
    "mean": 0.535534274167709
  }
}
