{
  "energy": {
    "variance": 0.0005202850858154571,
    "error": 2.2809758565479316e-5,
    "mean": -0.7566055476760295
  },
  "spin_stiffness": {
    "variance": 0.007248069143077215,
    "error": 8.513559269234704e-5,
    "mean": 0.7133619185998944
  },
  "sqr_energy": {
    "variance": 0.0011834927939451908,
    "error": 3.440193009040613e-5,
    "mean": 0.5729722393396748
  }
}
