{
  "energy": {
    "variance": 0.004050837937883193,
    "error": 6.364619342806916e-5,
    "mean": -1.3755536692473975
  },
  "spin_stiffness": {
    "variance": 0.08980482809557828,
    "error": 0.00029967453694896786,
    "mean": 0.5546132849968383
  },
  "sqr_energy": {
    "variance": 0.030319838580738723,
    "error": 0.00017412592736505014,
    "mean": 1.896198730867024
  }
}
