{
  "energy": {
    "variance": 0.0016533262638932077,
    "error": 4.066111488748442e-5,
    "mean": -0.4565244821859313
  },
  "spin_stiffness": {
    "variance": 0.38075459286719504,
    "error": 0.0006170531523841321,
    "mean": 0.022507048043947306
  },
  "sqr_energy": {
    "variance": 0.001396465918770043,
    "error": 3.7369317879378575e-5,
    "mean": 0.21006792744569966
  }
}
