{
  "energy": {
    "variance": 0.000995554756864699,
    "error": 3.155241285329379e-5,
    "mean": -0.6871718094316835
  },
  "spin_stiffness": {
    "variance": 0.12261387190728992,
    "error": 0.00035016263636671735,
    "mean": 0.5515308226307303
  },
  "sqr_energy": {
    "variance": 0.0018587805515391119,
    "error": 4.3113577345647295e-5,
    "mean": 0.4732006494389238
  }
}
