{
  "energy": {
    "variance": 0.0004941311952802735,
    "error": 2.222906195232434e-5,
    "mean": -1.7512266946869344
  },
  "spin_stiffness": {
    "variance": 0.00033627789228703604,
    "error": 1.833788134673785e-5,
    "mean": 0.8689990112053237
  },
  "sqr_energy": {
    "variance": 0.00604813073303186,
    "error": 7.776972889905081e-5,
    "mean": 3.067289066885274
  }
}
