{
  "energy": {
    "variance": 0.000634987343842359,
    "error": 2.519895521330912e-5,
    "mean": -0.7366891417317857
  },
  "spin_stiffness": {
    "variance": 0.013736687742518868,
    "error": 0.00011720361659317032,
    "mean": 0.6772542093612068
  },
  "sqr_energy": {
    "variance": 0.0013675707540172551,
    "error": 3.698068082144047e-5,
    "mean": 0.5433458782543701
  }
}
