{
  "energy": {
    "variance": 0.0003986907276065081,
    "error": 1.9967241361953536e-5,
    "mean": -0.783818552694146
  },
  "spin_stiffness": {
    "variance": 0.0032756067495010887,
    "error": 5.723291666079136e-5,
    "mean": 0.7551172250548354
  },
  "sqr_energy": {
    "variance": 0.0009744346957728799,
    "error": 3.1215936567286905e-5,
    "mean": 0.6147702138764614
  }
}
