{
  "energy": {
    "variance": 0.0005031788143332863,
    "error": 2.2431647606301375e-5,
    "mean": -0.7606150897940807
  },
  "spin_stiffness": {
    "variance": 0.006850701893989159,
    "error": 8.276896697427821e-5,
    "mean": 0.7192270384167945
  },
  "sqr_energy": {
    "variance": 0.0011570060615144994,
    "error": 3.4014791804661974e-5,
    "mean": 0.5790384931336118
  }
}
