{
  "energy": {
    "variance": 0.00042952073233507715,
    "error": 2.072488196190939e-5,
    "mean": -0.7763850022696706
  },
  "spin_stiffness": {
    "variance": 0.004123632451404838,
    "error": 6.421551565941706e-5,
    "mean": 0.7441255494095234
  },
  "sqr_energy": {
    "variance": 0.001029669437392043,
    "error": 3.208846268352603e-5,
    "mean": 0.6032031920520906
  }
}
