{
  "energy": {
    "variance": 0.0010165760786593869,
    "error": 3.1883790217905196e-5,
    "mean": -0.6846508967238011
  },
  "spin_stiffness": {
    "variance": 0.11231149022087257,
    "error": 0.00033512906501954225,
    "mean": 0.547219222221068
  },
  "sqr_energy": {
    "variance": 0.0018834149001146021,
    "error": 4.339832831013889e-5,
    "mean": 0.4697634254467882
  }
}
