{
  "energy": {
    "variance": 0.0006259679287966651,
    "error": 2.5019351086642216e-5,
    "mean": -0.7397483832389258
  },
  "spin_stiffness": {
    "variance": 0.013619963745024102,
    "error": 0.00011670460035930077,
    "mean": 0.6821232695649275
  },
  "sqr_energy": {
    "variance": 0.001357812555130148,
    "error": 3.6848508180524046e-5,
    "mean": 0.5478536378074335
  }
}
