{
  "energy": {
    "variance": 0.006750683512794934,
    "error": 8.2162543246877e-5,
    "mean": -1.217786747562304
  },
  "spin_stiffness": {
    "variance": 0.33528057078919,
    "error": 0.0005790341706576478,
    "mean": 0.29162163453405116
  },
  "sqr_energy": {
    "variance": 0.03971862343249522,
    "error": 0.0001992953171363924,
    "mean": 1.4897552393004867
  }
}
