{
  "energy": {
    "variance": 0.0005179084943166143,
    "error": 2.2757603000241793e-5,
    "mean": -1.744696385928981
  },
  "spin_stiffness": {
    "variance": 0.00036679120210121667,
    "error": 1.915179370453892e-5,
    "mean": 0.8653132419873343
  },
  "sqr_energy": {
    "variance": 0.006291457489792632,
    "error": 7.931870832150907e-5,
    "mean": 3.044483387050056
  }
}
