{
  "energy": {
    "variance": 0.0016567734974178266,
    "error": 4.070348262026023e-5,
    "mean": -1.5620859829271483
  },
  "spin_stiffness": {
    "variance": 0.004858497093417781,
    "error": 6.970292026463298e-5,
    "mean": 0.749216808735838
  },
  "sqr_energy": {
    "variance": 0.016086349089913205,
    "error": 0.0001268319718758374,
    "mean": 2.4417693898981185
  }
}
