{
  "energy": {
    "variance": 0.00034500381154102517,
    "error": 1.8574278223958668e-5,
    "mean": -0.7969535530880177
  },
  "spin_stiffness": {
    "variance": 0.0023680993963120455,
    "error": 4.8663121522483995e-5,
    "mean": 0.7732503953661579
  },
  "sqr_energy": {
    "variance": 0.0008722690032854904,
    "error": 2.9534200569602192e-5,
    "mean": 0.635479969246153
  }
}
