{
  "energy": {
    "variance": 0.0025461950780116794,
    "error": 5.045983628601741e-5,
    "mean": -1.4779894385056551
  },
  "spin_stiffness": {
    "variance": 0.02562594013979917,
    "error": 0.00016008104241227057,
    "mean": 0.6753576185743327
  },
  "sqr_energy": {
    "variance": 0.022076217856356366,
    "error": 0.0001485806779374639,
    "mean": 2.186998972866078
  }
}
