{
  "energy": {
    "variance": 0.0019637414711667052,
    "error": 4.4314122705596975e-5,
    "mean": -1.529770207335258
  },
  "spin_stiffness": {
    "variance": 0.008391901610942856,
    "error": 9.160732291112352e-5,
    "mean": 0.7237279369867083
  },
  "sqr_energy": {
    "variance": 0.018271804462780664,
    "error": 0.00013517323870789166,
    "mean": 2.3421606267579835
  }
}
