{
  "energy": {
    "variance": 0.0021069784556215832,
    "error": 4.5901834991877866e-5,
    "mean": -1.5165815644555347
  },
  "spin_stiffness": {
    "variance": 0.010038096375692805,
    "error": 0.0001001903008064793,
    "mean": 0.712694818179735
  },
  "sqr_energy": {
    "variance": 0.019260567630902926,
    "error": 0.0001387824471282407,
    "mean": 2.3021266179950404
  }
}
