{
  "energy": {
    "variance": 0.0012708751859768022,
    "error": 3.564933640303564e-5,
    "mean": -1.6104494139287873
  },
  "spin_stiffness": {
    "variance": 0.0023320800987078893,
    "error": 4.829161520085956e-5,
    "mean": 0.7834937646802109
  },
  "sqr_energy": {
    "variance": 0.01312877038637787,
    "error": 0.00011458084650751132,
    "mean": 2.5948181887386754
  }
}
