{
  "energy": {
    "variance": 0.0005542535448513555,
    "error": 2.354259002003296e-5,
    "mean": -0.7506746690449219
  },
  "spin_stiffness": {
    "variance": 0.008227974356829329,
    "error": 9.070818241387778e-5,
    "mean": 0.7037510571680315
  },
  "sqr_energy": {
    "variance": 0.0012405059193794656,
    "error": 3.522081656321252e-5,
    "mean": 0.564066711736301
  }
}
