{
  "energy": {
    "variance": 0.0029385602455359204,
    "error": 5.420848868522273e-5,
    "mean": -1.446473413153269
  },
  "spin_stiffness": {
    "variance": 0.03078087978040677,
    "error": 0.00017544480550990037,
    "mean": 0.6439662833976793
  },
  "sqr_energy": {
    "variance": 0.024380051428830277,
    "error": 0.00015614112664135059,
    "mean": 2.095223892266244
  }
}
