{
  "energy": {
    "variance": 0.0005078856288918771,
    "error": 2.2536317997664946e-5,
    "mean": -0.7592405281015695
  },
  "spin_stiffness": {
    "variance": 0.007144306491603078,
    "error": 8.452399950075173e-5,
    "mean": 0.7171329458750577
  },
  "sqr_energy": {
    "variance": 0.0011632484973680324,
    "error": 3.4106428974139646e-5,
    "mean": 0.5769540646329565
  }
}
