{
  "energy": {
    "variance": 0.000559004579061091,
    "error": 2.3643277671699646e-5,
    "mean": -0.749276791156969
  },
  "spin_stiffness": {
    "variance": 0.008592083729756447,
    "error": 9.269349345966224e-5,
    "mean": 0.7012924975397941
  },
  "sqr_energy": {
    "variance": 0.0012467062781459709,
    "error": 3.530872807318285e-5,
    "mean": 0.5619747137865407
  }
}
