{
  "energy": {
    "variance": 0.001694760899306779,
    "error": 4.116747380283103e-5,
    "mean": -1.5579541538317212
  },
  "spin_stiffness": {
    "variance": 0.005100033407421324,
    "error": 7.141451818377916e-5,
    "mean": 0.7460338670971186
  },
  "sqr_energy": {
    "variance": 0.016367823869457673,
    "error": 0.00012793679638578446,
    "mean": 2.42891590464606
  }
}
