{
  "energy": {
    "variance": 0.0004587106344254593,
    "error": 2.141753100675844e-5,
    "mean": -0.769482572352519
  },
  "spin_stiffness": {
    "variance": 0.0049621333156295525,
    "error": 7.044241134167364e-5,
    "mean": 0.7337018362648329
  },
  "sqr_energy": {
    "variance": 0.0010800861974666078,
    "error": 3.2864664876834025e-5,
    "mean": 0.5925621393299644
  }
}
