{
  "energy": {
    "variance": 0.002321808593108154,
    "error": 4.8185149092932716e-5,
    "mean": -1.4967643300614477
  },
  "spin_stiffness": {
    "variance": 0.014239518586220374,
    "error": 0.0001193294539760422,
    "mean": 0.6947381809137994
  },
  "sqr_energy": {
    "variance": 0.02065497540164653,
    "error": 0.00014371838922575819,
    "mean": 2.2426252660155948
  }
}
