{
  "energy": {
    "variance": 0.0006924210462151792,
    "error": 2.6313894546706292e-5,
    "mean": -1.7061799393794583
  },
  "spin_stiffness": {
    "variance": 0.0005977885003106453,
    "error": 2.4449713706107996e-5,
    "mean": 0.8432161044119827
  },
  "sqr_energy": {
    "variance": 0.008041065196630942,
    "error": 8.967198668832392e-5,
    "mean": 2.9117424058946866
  }
}
