{
  "energy": {
    "variance": 0.001398081110212158,
    "error": 3.739092283178041e-5,
    "mean": -1.5933003814090816
  },
  "spin_stiffness": {
    "variance": 0.0029486073663413134,
    "error": 5.4301080710620425e-5,
    "mean": 0.7717216343506426
  },
  "sqr_energy": {
    "variance": 0.014128964937276852,
    "error": 0.00011886532268612597,
    "mean": 2.540004185110456
  }
}
