{
  "energy": {
    "variance": 0.001306748878352668,
    "error": 3.6148981705611964e-5,
    "mean": -0.6545551596742153
  },
  "spin_stiffness": {
    "variance": 0.2697451307808428,
    "error": 0.0005193699363467651,
    "mean": 0.4355299194393939
  },
  "sqr_energy": {
    "variance": 0.002208897729238639,
    "error": 4.6998912000584e-5,
    "mean": 0.42974920462774124
  }
}
