{
  "energy": {
    "variance": 0.004888789364047761,
    "error": 6.991987817529262e-5,
    "mean": -1.3303364200592154
  },
  "spin_stiffness": {
    "variance": 0.15293529860679705,
    "error": 0.0003910694293943175,
    "mean": 0.48373756777798405
  },
  "sqr_energy": {
    "variance": 0.034183134871462025,
    "error": 0.00018488681638089295,
    "mean": 1.7746837750112268
  }
}
