{
  "energy": {
    "variance": 0.0007881817229109565,
    "error": 2.807457431397592e-5,
    "mean": -0.7144325970812438
  },
  "spin_stiffness": {
    "variance": 0.025686948278389632,
    "error": 0.00016027148304795097,
    "mean": 0.6315151964963739
  },
  "sqr_energy": {
    "variance": 0.0015936584865321936,
    "error": 3.992065238109459e-5,
    "mean": 0.5112021167069801
  }
}
