{
  "energy": {
    "variance": 0.0005453425780614217,
    "error": 2.3352571123142346e-5,
    "mean": -0.7524795091658781
  },
  "spin_stiffness": {
    "variance": 0.008437603047924182,
    "error": 9.185642627450832e-5,
    "mean": 0.7065526259067436
  },
  "sqr_energy": {
    "variance": 0.001226166148391226,
    "error": 3.501665529988874e-5,
    "mean": 0.56677075374724
  }
}
