{
  "energy": {
    "variance": 0.0004839715712114303,
    "error": 2.199935388168094e-5,
    "mean": -0.7644769151911273
  },
  "spin_stiffness": {
    "variance": 0.006081320841213747,
    "error": 7.79828240140978e-5,
    "mean": 0.7254453616810718
  },
  "sqr_energy": {
    "variance": 0.0011242914423206418,
    "error": 3.353045544457519e-5,
    "mean": 0.584908924947382
  }
}
