{
  "energy": {
    "variance": 0.001805416323664948,
    "error": 4.2490190911137927e-5,
    "mean": -0.5465228838352874
  },
  "spin_stiffness": {
    "variance": 0.48380553592383446,
    "error": 0.0006955613099675934,
    "mean": 0.09766296827715379
  },
  "sqr_energy": {
    "variance": 0.0021672261010481134,
    "error": 4.6553475713936904e-5,
    "mean": 0.30049267707388766
  }
}
