{
  "energy": {
    "variance": 0.000763880217150886,
    "error": 2.7638383041540003e-5,
    "mean": -0.7166808153589652
  },
  "spin_stiffness": {
    "variance": 0.022399357969210366,
    "error": 0.000149664150581261,
    "mean": 0.6387639959740441
  },
  "sqr_energy": {
    "variance": 0.0015549952736263791,
    "error": 3.9433428377791085e-5,
    "mean": 0.5143952705568618
  }
}
