{
  "energy": {
    "variance": 0.0030665266898106044,
    "error": 5.53762285625394e-5,
    "mean": -1.4383762939570282
  },
  "spin_stiffness": {
    "variance": 0.03855293121522942,
    "error": 0.00019634900360131555,
    "mean": 0.6342549378016156
  },
  "sqr_energy": {
    "variance": 0.02515370920759594,
    "error": 0.00015859920935362807,
    "mean": 2.0719928866408392
  }
}
