{
  "energy": {
    "variance": 0.0010653430530934106,
    "error": 3.263959333529465e-5,
    "mean": -1.6401979155581197
  },
  "spin_stiffness": {
    "variance": 0.0014601388949858644,
    "error": 3.8211763829819006e-5,
    "mean": 0.8030600029278716
  },
  "sqr_energy": {
    "variance": 0.011420648264183215,
    "error": 0.00010686743313181624,
    "mean": 2.6913145441889514
  }
}
