{
  "energy": {
    "variance": 0.0004558015663847602,
    "error": 2.134950974577075e-5,
    "mean": -0.7706044169937737
  },
  "spin_stiffness": {
    "variance": 0.004826001613962124,
    "error": 6.946942934818252e-5,
    "mean": 0.7353484214416413
  },
  "sqr_energy": {
    "variance": 0.0010762000007405797,
    "error": 3.280548735715688e-5,
    "mean": 0.5942869686008971
  }
}
