{
  "energy": {
    "variance": 0.004253133768087771,
    "error": 6.52160545271467e-5,
    "mean": -1.3655256707876666
  },
  "spin_stiffness": {
    "variance": 0.10031540603202427,
    "error": 0.0003167260741271932,
    "mean": 0.5382901317899269
  },
  "sqr_energy": {
    "variance": 0.03133370133752896,
    "error": 0.0001770132801162923,
    "mean": 1.8689134870950608
  }
}
