{
  "energy": {
    "variance": 0.003000312189287618,
    "error": 5.4775105561629164e-5,
    "mean": -1.4425877394931534
  },
  "spin_stiffness": {
    "variance": 0.03155993405178501,
    "error": 0.000177651158318163,
    "mean": 0.6405919349138898
  },
  "sqr_energy": {
    "variance": 0.024763738882319062,
    "error": 0.00015736498620188375,
    "mean": 2.0840596953249415
  }
}
