{
  "energy": {
    "variance": 0.0007548312566219006,
    "error": 2.7474192556322753e-5,
    "mean": -0.7183848940091224
  },
  "spin_stiffness": {
    "variance": 0.021082044685080733,
    "error": 0.00014519657256657518,
    "mean": 0.6421069030458524
  },
  "sqr_energy": {
    "variance": 0.0015441972839642915,
    "error": 3.9296275700940055e-5,
    "mean": 0.5168316864422886
  }
}
