{
  "energy": {
    "variance": 0.0018232911448528917,
    "error": 4.270001340576946e-5,
    "mean": -1.5441037201292347
  },
  "spin_stiffness": {
    "variance": 0.006468069128008073,
    "error": 8.04243068232986e-5,
    "mean": 0.7353511144350683
  },
  "sqr_energy": {
    "variance": 0.01729139293201991,
    "error": 0.00013149674114600675,
    "mean": 2.3860795878385037
  }
}
