{
  "energy": {
    "variance": 0.0003886797523495629,
    "error": 1.9714962651487903e-5,
    "mean": -0.7858249512588469
  },
  "spin_stiffness": {
    "variance": 0.003211149167430438,
    "error": 5.6667002456724655e-5,
    "mean": 0.7576870794452867
  },
  "sqr_energy": {
    "variance": 0.0009551235167273678,
    "error": 3.0905072669828295e-5,
    "mean": 0.6179095333846389
  }
}
