{
  "energy": {
    "variance": 0.0005322767854894152,
    "error": 2.3071124495555375e-5,
    "mean": -0.7551913887359691
  },
  "spin_stiffness": {
    "variance": 0.007642571287852792,
    "error": 8.742180098724112e-5,
    "mean": 0.7107144256712363
  },
  "sqr_energy": {
    "variance": 0.0012056085182613442,
    "error": 3.472187377232606e-5,
    "mean": 0.5708463098741743
  }
}
