{
  "energy": {
    "variance": 0.00511942888006295,
    "error": 7.155018434681318e-5,
    "mean": -1.3172126853200996
  },
  "spin_stiffness": {
    "variance": 0.16899367198312673,
    "error": 0.0004110883992319982,
    "mean": 0.4638938751583291
  },
  "sqr_energy": {
    "variance": 0.03508367164901126,
    "error": 0.00018730635773782817,
    "mean": 1.740168682128822
  }
}
