{
  "energy": {
    "variance": 0.003748949675090836,
    "error": 6.122866710202694e-5,
    "mean": -1.395100126371816
  },
  "spin_stiffness": {
    "variance": 0.07757741940206934,
    "error": 0.00027852723278356346,
    "mean": 0.5785615287371171
  },
  "sqr_energy": {
    "variance": 0.028865846448916543,
    "error": 0.00016989951868359292,
    "mean": 1.9500533085287972
  }
}
