{
  "energy": {
    "variance": 0.0034140806017624366,
    "error": 5.843013436372055e-5,
    "mean": -1.4139774824453328
  },
  "spin_stiffness": {
    "variance": 0.06007845636527788,
    "error": 0.000245109070344771,
    "mean": 0.604553580328001
  },
  "sqr_energy": {
    "variance": 0.027033481478476493,
    "error": 0.00016441861658120254,
    "mean": 2.0027463980501232
  }
}
