{
  "energy": {
    "variance": 0.0017232449913796692,
    "error": 4.1511986117020095e-5,
    "mean": -0.5986610750860932
  },
  "spin_stiffness": {
    "variance": 0.3796178050163796,
    "error": 0.0006161313212427847,
    "mean": 0.26355479361164036
  },
  "sqr_energy": {
    "variance": 0.0024599210023359443,
    "error": 4.9597590690838446e-5,
    "mean": 0.36011832609137173
  }
}
