{
  "energy": {
    "variance": 0.0017514967983746554,
    "error": 4.1850887665313095e-5,
    "mean": -0.6028218542186543
  },
  "spin_stiffness": {
    "variance": 0.4386354353197252,
    "error": 0.0006622955800243009,
    "mean": 0.2525413191994428
  },
  "sqr_energy": {
    "variance": 0.002534420142199033,
    "error": 5.034302476211608e-5,
    "mean": 0.3651456829704944
  }
}
