{
  "energy": {
    "variance": 0.0020193732288166957,
    "error": 4.493743682962676e-5,
    "mean": -1.5243969923222667
  },
  "spin_stiffness": {
    "variance": 0.010105106615392035,
    "error": 0.00010052415936177748,
    "mean": 0.7188594325148638
  },
  "sqr_energy": {
    "variance": 0.01865661533717909,
    "error": 0.00013658922116030638,
    "mean": 2.325805561410616
  }
}
