{
  "energy": {
    "variance": 0.0006024749279514553,
    "error": 2.4545364693796168e-5,
    "mean": -0.7416230586639246
  },
  "spin_stiffness": {
    "variance": 0.01062624975146978,
    "error": 0.00010308370264726515,
    "mean": 0.6878754034555246
  },
  "sqr_energy": {
    "variance": 0.0013159594645605344,
    "error": 3.627615559235204e-5,
    "mean": 0.5506072354675117
  }
}
