{
  "energy": {
    "variance": 0.0005687406844120458,
    "error": 2.384828472683194e-5,
    "mean": -0.7477208909648548
  },
  "spin_stiffness": {
    "variance": 0.008988578529888254,
    "error": 9.48081142618513e-5,
    "mean": 0.6985376620285638
  },
  "sqr_energy": {
    "variance": 0.0012628555097852928,
    "error": 3.553667837298941e-5,
    "mean": 0.5596552709009477
  }
}
