{
  "energy": {
    "variance": 0.004467743018155591,
    "error": 6.684117756410035e-5,
    "mean": -1.353723681220454
  },
  "spin_stiffness": {
    "variance": 0.11573690636825322,
    "error": 0.0003402012733195648,
    "mean": 0.5209394911182498
  },
  "sqr_energy": {
    "variance": 0.03234050787831784,
    "error": 0.0001798346681769615,
    "mean": 1.8370355436474701
  }
}
