{
  "energy": {
    "variance": 0.00688511508145793,
    "error": 8.2976593575887e-5,
    "mean": -1.2087498391196791
  },
  "spin_stiffness": {
    "variance": 0.3624739963266955,
    "error": 0.0006020581336770524,
    "mean": 0.2756794614281309
  },
  "sqr_energy": {
    "variance": 0.03995438246835418,
    "error": 0.00019988592363734414,
    "mean": 1.4679612817681928
  }
}
