{
  "energy": {
    "variance": 0.007109900942274621,
    "error": 8.432022854733388e-5,
    "mean": -1.1911811536158723
  },
  "spin_stiffness": {
    "variance": 0.37886535648429887,
    "error": 0.0006155203948564977,
    "mean": 0.24754102219258478
  },
  "sqr_energy": {
    "variance": 0.04009949662581825,
    "error": 0.0002002485870757101,
    "mean": 1.4260224345620145
  }
}
