{
  "energy": {
    "variance": 0.00039414237232868616,
    "error": 1.9853019224508048e-5,
    "mean": -0.7848356235894561
  },
  "spin_stiffness": {
    "variance": 0.003299466899341807,
    "error": 5.744098623232201e-5,
    "mean": 0.756316884641341
  },
  "sqr_energy": {
    "variance": 0.0009659238772225437,
    "error": 3.107931590660489e-5,
    "mean": 0.6163610980332367
  }
}
