{
  "energy": {
    "variance": 0.0005883965910797999,
    "error": 2.425688749777679e-5,
    "mean": -0.7447038750735266
  },
  "spin_stiffness": {
    "variance": 0.00978381217598449,
    "error": 9.89131547165719e-5,
    "mean": 0.6930425961426515
  },
  "sqr_energy": {
    "variance": 0.0012956793258315307,
    "error": 3.599554591656488e-5,
    "mean": 0.5551722575522099
  }
}
