{
  "energy": {
    "variance": 0.002582332155167353,
    "error": 5.08166523412095e-5,
    "mean": -1.4747507144577958
  },
  "spin_stiffness": {
    "variance": 0.01957124217981851,
    "error": 0.00013989725579802666,
    "mean": 0.674189894328339
  },
  "sqr_energy": {
    "variance": 0.02229842131649228,
    "error": 0.0001493265593137814,
    "mean": 2.177471999366614
  }
}
