{
  "energy": {
    "variance": 0.0006434523383762553,
    "error": 2.5366362340238208e-5,
    "mean": -0.7350874336989425
  },
  "spin_stiffness": {
    "variance": 0.014298961110799568,
    "error": 0.00011957826353815132,
    "mean": 0.6744098251647297
  },
  "sqr_energy": {
    "variance": 0.0013801041270445004,
    "error": 3.7149752718483876e-5,
    "mean": 0.5409969868770211
  }
}
