{
  "energy": {
    "variance": 0.000847020391269101,
    "error": 2.9103614745751102e-5,
    "mean": -1.6766732210340551
  },
  "spin_stiffness": {
    "variance": 0.0008922472872520311,
    "error": 2.9870508654055945e-5,
    "mean": 0.825589380610801
  },
  "sqr_energy": {
    "variance": 0.009495024113410513,
    "error": 9.74424143451429e-5,
    "mean": 2.8120801096769616
  }
}
