{
  "energy": {
    "variance": 0.0009127581137580034,
    "error": 3.021188696122775e-5,
    "mean": -0.6967862816483623
  },
  "spin_stiffness": {
    "variance": 0.05294574208604161,
    "error": 0.00023009941783073162,
    "mean": 0.5854194921494539
  },
  "sqr_energy": {
    "variance": 0.0017540836752554143,
    "error": 4.188178214039386e-5,
    "mean": 0.48642387949435073
  }
}
