{
  "energy": {
    "variance": 0.0004159710211826651,
    "error": 2.039536764029188e-5,
    "mean": -0.7796425433559234
  },
  "spin_stiffness": {
    "variance": 0.0037427982621334407,
    "error": 6.11784133672445e-5,
    "mean": 0.7489239803481046
  },
  "sqr_energy": {
    "variance": 0.0010058275087481362,
    "error": 3.171478375691905e-5,
    "mean": 0.6082584660157044
  }
}
