{
  "energy": {
    "variance": 0.00020163088428304672,
    "error": 1.4199679020423197e-5,
    "mean": -0.80492238972445
  },
  "spin_stiffness": {
    "variance": 0.0020015435067765692,
    "error": 4.473861315213704e-5,
    "mean": 0.7825639537121281
  },
  "sqr_energy": {
    "variance": 0.0005211283718715795,
    "error": 2.2828236284732546e-5,
    "mean": 0.6481016841623716
  }
}
