{
  "energy": {
    "variance": 0.0002848600880091273,
    "error": 1.687779867189816e-5,
    "mean": -0.7730340742318651
  },
  "spin_stiffness": {
    "variance": 0.005408093754597879,
    "error": 7.353974268786829e-5,
    "mean": 0.7353899500831527
  },
  "sqr_energy": {
    "variance": 0.0006786083783262247,
    "error": 2.6050112827514292e-5,
    "mean": 0.5978665397266659
  }
}
