{
  "energy": {
    "variance": 0.0012177395826496215,
    "error": 3.4896125610870066e-5,
    "mean": -1.535875378820711
  },
  "spin_stiffness": {
    "variance": 0.006527595227959822,
    "error": 8.079353456780945e-5,
    "mean": 0.7277189507278831
  },
  "sqr_energy": {
    "variance": 0.011447979443776773,
    "error": 0.00010699523093940577,
    "mean": 2.3601309176325715
  }
}
