{
  "energy": {
    "variance": 0.00032811797837518133,
    "error": 1.8114027116441592e-5,
    "mean": -0.759417892184238
  },
  "spin_stiffness": {
    "variance": 0.007939053635673333,
    "error": 8.910136719306462e-5,
    "mean": 0.7134493552472303
  },
  "sqr_energy": {
    "variance": 0.000754042898287805,
    "error": 2.7459841556130747e-5,
    "mean": 0.5770436526198082
  }
}
