{
  "energy": {
    "variance": 0.0009651988897552901,
    "error": 3.106765021296735e-5,
    "mean": -0.6316087893130453
  },
  "spin_stiffness": {
    "variance": 0.5277088216961587,
    "error": 0.0007264356968763022,
    "mean": 0.3149650909558631
  },
  "sqr_energy": {
    "variance": 0.0015292201480577147,
    "error": 3.910524450834842e-5,
    "mean": 0.3998948606620472
  }
}
