{
  "energy": {
    "variance": 0.0010021052849257198,
    "error": 3.1656046577640104e-5,
    "mean": -0.45370324604297513
  },
  "spin_stiffness": {
    "variance": 0.4350386691116823,
    "error": 0.000659574612240103,
    "mean": -0.01782196174571356
  },
  "sqr_energy": {
    "variance": 0.0008305033660075698,
    "error": 2.8818455302246332e-5,
    "mean": 0.20684873975275284
  }
}
