{
  "energy": {
    "variance": 0.00414142855791202,
    "error": 6.435393195378213e-5,
    "mean": -1.2523914321675351
  },
  "spin_stiffness": {
    "variance": 0.3405584214216047,
    "error": 0.0005835738354498123,
    "mean": 0.30715435557406023
  },
  "sqr_energy": {
    "variance": 0.02580999140498314,
    "error": 0.00016065488291671417,
    "mean": 1.5726257237831336
  }
}
