{
  "energy": {
    "variance": 0.0013731288580445984,
    "error": 3.705575337305394e-5,
    "mean": -1.5127845968194846
  },
  "spin_stiffness": {
    "variance": 0.010197423116208462,
    "error": 0.00010098229110199699,
    "mean": 0.7080073368175086
  },
  "sqr_energy": {
    "variance": 0.012514986277277089,
    "error": 0.00011187039946865787,
    "mean": 2.2898903638592065
  }
}
