{
  "energy": {
    "variance": 0.001784160764076974,
    "error": 4.223932722093208e-5,
    "mean": -1.4595509585775892
  },
  "spin_stiffness": {
    "variance": 0.026502814223151375,
    "error": 0.00016279684954922,
    "mean": 0.6546860641730651
  },
  "sqr_energy": {
    "variance": 0.015121959741239274,
    "error": 0.00012297137773172777,
    "mean": 2.132073159664676
  }
}
