{
  "energy": {
    "variance": 0.0010703114228807354,
    "error": 3.2715614358907207e-5,
    "mean": -0.5979356270724835
  },
  "spin_stiffness": {
    "variance": 0.2833157132871273,
    "error": 0.0005322740960136303,
    "mean": 0.2622040891494894
  },
  "sqr_energy": {
    "variance": 0.0015290800854455026,
    "error": 3.910345362554953e-5,
    "mean": 0.3585973244751333
  }
}
