{
  "energy": {
    "variance": 0.0009133459698454049,
    "error": 3.022161428258598e-5,
    "mean": -0.6393632068653154
  },
  "spin_stiffness": {
    "variance": 0.2161293009127155,
    "error": 0.00046489708636720395,
    "mean": 0.3863813763996672
  },
  "sqr_energy": {
    "variance": 0.0014814802285938965,
    "error": 3.849000167048446e-5,
    "mean": 0.40969865534959965
  }
}
