{
  "energy": {
    "variance": 0.004452002238675961,
    "error": 6.672332604626332e-5,
    "mean": -1.2090980206572577
  },
  "spin_stiffness": {
    "variance": 0.42870744617087925,
    "error": 0.0006547575476242173,
    "mean": 0.22323060136646336
  },
  "sqr_energy": {
    "variance": 0.025938506348682226,
    "error": 0.00016105435836599464,
    "mean": 1.4663700213439717
  }
}
