{
  "energy": {
    "variance": 0.00022233727385212012,
    "error": 1.4910978299632794e-5,
    "mean": -0.7963277982241158
  },
  "spin_stiffness": {
    "variance": 0.002686119673201156,
    "error": 5.1827788619631034e-5,
    "mean": 0.7705085022915392
  },
  "sqr_energy": {
    "variance": 0.0005623412608864407,
    "error": 2.3713735700779846e-5,
    "mean": 0.634360299275983
  }
}
