{
  "energy": {
    "variance": 0.0004560647353897451,
    "error": 2.135567220645946e-5,
    "mean": -0.726100008300558
  },
  "spin_stiffness": {
    "variance": 0.02260525873638484,
    "error": 0.00015035045306345055,
    "mean": 0.6496912971184744
  },
  "sqr_energy": {
    "variance": 0.0009566970954395182,
    "error": 3.0930520452128155e-5,
    "mean": 0.5276772863333953
  }
}
