{
  "energy": {
    "variance": 0.0034939395342031255,
    "error": 5.910955535446977e-5,
    "mean": -1.3056672552417032
  },
  "spin_stiffness": {
    "variance": 0.2198392471825562,
    "error": 0.0004688701815882049,
    "mean": 0.41674374656589086
  },
  "sqr_energy": {
    "variance": 0.02363613576643167,
    "error": 0.0001537404818726404,
    "mean": 1.7082609174506664
  }
}
