{
  "energy": {
    "variance": 0.0024805722035340654,
    "error": 4.980534312234045e-5,
    "mean": -1.3880897192356851
  },
  "spin_stiffness": {
    "variance": 0.0780141050087684,
    "error": 0.00027931005175032354,
    "mean": 0.5616159331875303
  },
  "sqr_energy": {
    "variance": 0.018978669866709902,
    "error": 0.00013776309326779036,
    "mean": 1.9292736383707652
  }
}
