{
  "energy": {
    "variance": 0.0016757652709902286,
    "error": 4.093611206490217e-5,
    "mean": -1.4732246953596222
  },
  "spin_stiffness": {
    "variance": 0.01883736245539177,
    "error": 0.0001372492712381081,
    "mean": 0.6698577521495545
  },
  "sqr_energy": {
    "variance": 0.014472538203311115,
    "error": 0.00012030186284223164,
    "mean": 2.172066766612676
  }
}
