{
  "energy": {
    "variance": 0.001088860715350631,
    "error": 3.299788955904045e-5,
    "mean": -1.556764166071947
  },
  "spin_stiffness": {
    "variance": 0.0052797567449116,
    "error": 7.266193463507286e-5,
    "mean": 0.7442434843839195
  },
  "sqr_energy": {
    "variance": 0.010519393323623621,
    "error": 0.00010256409373471606,
    "mean": 2.4246035283921743
  }
}
