{
  "energy": {
    "variance": 0.0007847142077587472,
    "error": 2.801275080670849e-5,
    "mean": -0.6666785467154364
  },
  "spin_stiffness": {
    "variance": 0.16944701145188962,
    "error": 0.0004116394192152759,
    "mean": 0.4635045819158253
  },
  "sqr_energy": {
    "variance": 0.0013813620207365456,
    "error": 3.716667890377812e-5,
    "mean": 0.44524499807365087
  }
}
