{
  "energy": {
    "variance": 0.00035188248533373943,
    "error": 1.8758531001486748e-5,
    "mean": -0.7511878340092241
  },
  "spin_stiffness": {
    "variance": 0.008661593399133418,
    "error": 9.306768181884309e-5,
    "mean": 0.7005037534535917
  },
  "sqr_energy": {
    "variance": 0.000791236653921211,
    "error": 2.8128929128589502e-5,
    "mean": 0.5646350440969209
  }
}
