{
  "energy": {
    "variance": 0.0006923014970079943,
    "error": 2.6311622850139716e-5,
    "mean": -0.678578678792997
  },
  "spin_stiffness": {
    "variance": 0.10258521984140011,
    "error": 0.0003202892752519199,
    "mean": 0.5172282013596994
  },
  "sqr_energy": {
    "variance": 0.0012656247513175235,
    "error": 3.5575620181769476e-5,
    "mean": 0.4611613241171559
  }
}
