{
  "energy": {
    "variance": 0.004266577915902757,
    "error": 6.531904711416691e-5,
    "mean": -0.9929778214699847
  },
  "spin_stiffness": {
    "variance": 0.47565667623102537,
    "error": 0.000689678676073884,
    "mean": 0.016195467670872075
  },
  "sqr_energy": {
    "variance": 0.016908819260140696,
    "error": 0.00013003391580714894,
    "mean": 0.9902715275806018
  }
}
