{
  "energy": {
    "variance": 0.0008141619021308837,
    "error": 2.8533522427679404e-5,
    "mean": -1.6095734460700926
  },
  "spin_stiffness": {
    "variance": 0.0018324741704872408,
    "error": 4.280740789264448e-5,
    "mean": 0.782852451455925
  },
  "sqr_energy": {
    "variance": 0.008414539817239329,
    "error": 9.17308008099751e-5,
    "mean": 2.591540839381922
  }
}
