{
  "energy": {
    "variance": 0.001320626424779619,
    "error": 3.634042411392056e-5,
    "mean": -1.5209662056362931
  },
  "spin_stiffness": {
    "variance": 0.00871713682669816,
    "error": 9.336560837213113e-5,
    "mean": 0.7153144573021124
  },
  "sqr_energy": {
    "variance": 0.012168784988363294,
    "error": 0.00011031221595255575,
    "mean": 2.3146588237918158
  }
}
