{
  "energy": {
    "variance": 0.0006069679230671024,
    "error": 2.463671899963756e-5,
    "mean": -0.6945320177650636
  },
  "spin_stiffness": {
    "variance": 0.08162984811933584,
    "error": 0.0002857093770238139,
    "mean": 0.5599033870553675
  },
  "sqr_energy": {
    "variance": 0.0011625458291081188,
    "error": 3.409612630648999e-5,
    "mean": 0.4829816910169098
  }
}
