{
  "energy": {
    "variance": 0.000561362471119987,
    "error": 2.369308910041042e-5,
    "mean": -0.7017987231972004
  },
  "spin_stiffness": {
    "variance": 0.03904332139600452,
    "error": 0.0001975938293469827,
    "mean": 0.5960035535572575
  },
  "sqr_energy": {
    "variance": 0.001099675550042565,
    "error": 3.316135627567975e-5,
    "mean": 0.49308280979097807
  }
}
