{
  "energy": {
    "variance": 0.0012366127492594455,
    "error": 3.516550510456867e-5,
    "mean": -1.5333363613882407
  },
  "spin_stiffness": {
    "variance": 0.006832756290845456,
    "error": 8.266048808738946e-5,
    "mean": 0.7258443485956044
  },
  "sqr_energy": {
    "variance": 0.01158210749954525,
    "error": 0.00010762020023929174,
    "mean": 2.3523570086679766
  }
}
