{
  "energy": {
    "variance": 0.0036140326586204894,
    "error": 6.0116825087661515e-5,
    "mean": -1.2975429751365488
  },
  "spin_stiffness": {
    "variance": 0.24777744452084632,
    "error": 0.0004977724826874687,
    "mean": 0.3949339815088302
  },
  "sqr_energy": {
    "variance": 0.024138263572651857,
    "error": 0.0001553649367542492,
    "mean": 1.687231801370794
  }
}
