{
  "energy": {
    "variance": 0.0003318141857890467,
    "error": 1.821576750480327e-5,
    "mean": -0.7580478012675936
  },
  "spin_stiffness": {
    "variance": 0.011614875040151861,
    "error": 0.0001077723296591099,
    "mean": 0.7088371518320788
  },
  "sqr_energy": {
    "variance": 0.0007598604332884869,
    "error": 2.756556607959443e-5,
    "mean": 0.5749682828606081
  }
}
