{
  "energy": {
    "variance": 0.0010757416482339627,
    "error": 3.279850070100709e-5,
    "mean": -1.5588685930422945
  },
  "spin_stiffness": {
    "variance": 0.004390758942026685,
    "error": 6.626280209911655e-5,
    "mean": 0.7461965998646288
  },
  "sqr_energy": {
    "variance": 0.010420851363361856,
    "error": 0.00010208257130069686,
    "mean": 2.431147030946156
  }
}
