{
  "energy": {
    "variance": 0.0003881920209583954,
    "error": 1.970258919427585e-5,
    "mean": -0.7416698349490404
  },
  "spin_stiffness": {
    "variance": 0.011837294582650796,
    "error": 0.0001087993317196884,
    "mean": 0.6828123765454314
  },
  "sqr_energy": {
    "variance": 0.0008504804066318849,
    "error": 2.91629972161965e-5,
    "mean": 0.5504623357061031
  }
}
