{
  "energy": {
    "variance": 0.0009139182584850296,
    "error": 3.023108100093395e-5,
    "mean": -0.647281744698957
  },
  "spin_stiffness": {
    "variance": 0.17003821938233055,
    "error": 0.00041235690776599167,
    "mean": 0.42353563708190073
  },
  "sqr_energy": {
    "variance": 0.0015131025234189218,
    "error": 3.889861852841206e-5,
    "mean": 0.41988757436509255
  }
}
