{
  "energy": {
    "variance": 0.0012826352272986225,
    "error": 3.581389712525883e-5,
    "mean": -1.5260789622819555
  },
  "spin_stiffness": {
    "variance": 0.007341341722954502,
    "error": 8.568163002041046e-5,
    "mean": 0.7199470404134402
  },
  "sqr_energy": {
    "variance": 0.011897303117807675,
    "error": 0.00010907475930666853,
    "mean": 2.330199633064233
  }
}
