{
  "energy": {
    "variance": 0.00041429845709768035,
    "error": 2.0354322811080708e-5,
    "mean": -0.7350501530775977
  },
  "spin_stiffness": {
    "variance": 0.01573311869028712,
    "error": 0.0001254317292007374,
    "mean": 0.6685468198597582
  },
  "sqr_energy": {
    "variance": 0.0008911749768582023,
    "error": 2.985255394196956e-5,
    "mean": 0.540713025582199
  }
}
