{
  "energy": {
    "variance": 0.0011076025981115955,
    "error": 3.328066402750395e-5,
    "mean": -0.6091285159470292
  },
  "spin_stiffness": {
    "variance": 0.5351844193307111,
    "error": 0.0007315629975133455,
    "mean": 0.2288243207713397
  },
  "sqr_energy": {
    "variance": 0.0016361667011427303,
    "error": 4.044955749007312e-5,
    "mean": 0.3721451504303392
  }
}
