{
  "energy": {
    "variance": 0.0003951919640895506,
    "error": 1.987943570852932e-5,
    "mean": -0.7401802940780642
  },
  "spin_stiffness": {
    "variance": 0.012958930027912877,
    "error": 0.00011383729629569072,
    "mean": 0.679536927360484
  },
  "sqr_energy": {
    "variance": 0.0008620377866004742,
    "error": 2.936048001311413e-5,
    "mean": 0.5482620593103871
  }
}
