{
  "energy": {
    "variance": 0.00029847958886182094,
    "error": 1.7276561835672656e-5,
    "mean": -0.7682681969565417
  },
  "spin_stiffness": {
    "variance": 0.006264653725018784,
    "error": 7.914956553903997e-5,
    "mean": 0.7274825011009657
  },
  "sqr_energy": {
    "variance": 0.0007021657688079901,
    "error": 2.6498410684567292e-5,
    "mean": 0.5905345017452377
  }
}
