{
  "energy": {
    "variance": 0.0003025974138750331,
    "error": 1.7395327357512796e-5,
    "mean": -0.767065088190015
  },
  "spin_stiffness": {
    "variance": 0.006550168024878817,
    "error": 8.09331083357041e-5,
    "mean": 0.7257836249220294
  },
  "sqr_energy": {
    "variance": 0.0007096523620800178,
    "error": 2.663930108092211e-5,
    "mean": 0.588691446631233
  }
}
