{
  "energy": {
    "variance": 0.0010915284557662,
    "error": 3.303828772449021e-5,
    "mean": -0.6043217815125427
  },
  "spin_stiffness": {
    "variance": 0.40643627530617066,
    "error": 0.0006375235488248027,
    "mean": 0.22547875743869028
  },
  "sqr_energy": {
    "variance": 0.0015813119657536853,
    "error": 3.9765713444545225e-5,
    "mean": 0.36629634297473107
  }
}
