{
  "energy": {
    "variance": 0.0026111700470172927,
    "error": 5.109960906912393e-5,
    "mean": -1.3777212761266902
  },
  "spin_stiffness": {
    "variance": 0.0974498036605691,
    "error": 0.00031216951110025,
    "mean": 0.5444651748727011
  },
  "sqr_energy": {
    "variance": 0.019672591262702613,
    "error": 0.00014025901490707332,
    "mean": 1.9007270821280027
  }
}
