{
  "energy": {
    "variance": 0.00025444587984382384,
    "error": 1.5951359811747207e-5,
    "mean": -0.7839561570109655
  },
  "spin_stiffness": {
    "variance": 0.003399965202389069,
    "error": 5.830922056063748e-5,
    "mean": 0.7529525034437035
  },
  "sqr_energy": {
    "variance": 0.0006234704908163282,
    "error": 2.4969391078204692e-5,
    "mean": 0.6148417017407994
  }
}
