{
  "energy": {
    "variance": 0.00114387784003619,
    "error": 3.3821263134841526e-5,
    "mean": -1.5476245490057385
  },
  "spin_stiffness": {
    "variance": 0.004946139366339037,
    "error": 7.032879471695101e-5,
    "mean": 0.737591310266624
  },
  "sqr_energy": {
    "variance": 0.010918363404202353,
    "error": 0.00010449097283594575,
    "mean": 2.396285621381374
  }
}
