{
  "energy": {
    "variance": 0.0023336705772279516,
    "error": 4.8308079833791276e-5,
    "mean": -1.402809895965705
  },
  "spin_stiffness": {
    "variance": 0.07600557106612828,
    "error": 0.00027569107904705276,
    "mean": 0.5822043764728666
  },
  "sqr_energy": {
    "variance": 0.018245871983799393,
    "error": 0.00013507728152357596,
    "mean": 1.970209272462869
  }
}
