{
  "energy": {
    "variance": 0.0022036196258976245,
    "error": 4.69427270820265e-5,
    "mean": -1.4161813480988321
  },
  "spin_stiffness": {
    "variance": 0.052186470464408156,
    "error": 0.00022844358267285197,
    "mean": 0.6009045007543072
  },
  "sqr_energy": {
    "variance": 0.017561481159161226,
    "error": 0.0001325197387529919,
    "mean": 2.007773228125304
  }
}
