{
  "energy": {
    "variance": 0.0024325830300783073,
    "error": 4.932122291750588e-5,
    "mean": -1.3932605753387939
  },
  "spin_stiffness": {
    "variance": 0.07507768322047641,
    "error": 0.0002740030715529963,
    "mean": 0.5695431013422031
  },
  "sqr_energy": {
    "variance": 0.018754979849536137,
    "error": 0.00013694882200857418,
    "mean": 1.9436076113908822
  }
}
