{
  "energy": {
    "variance": 0.0011137628983958765,
    "error": 3.33730864379649e-5,
    "mean": -1.554530359924975
  },
  "spin_stiffness": {
    "variance": 0.00460517029661034,
    "error": 6.786140505921124e-5,
    "mean": 0.7429419370465485
  },
  "sqr_energy": {
    "variance": 0.010726330559767435,
    "error": 0.00010356799968990149,
    "mean": 2.417678401713104
  }
}
