{
  "energy": {
    "variance": 0.0010641287723022806,
    "error": 3.2620986684989785e-5,
    "mean": -0.6327103517714439
  },
  "spin_stiffness": {
    "variance": 0.3318717439763033,
    "error": 0.0005760831050953528,
    "mean": 0.3287852861951627
  },
  "sqr_energy": {
    "variance": 0.0016865951868212966,
    "error": 4.106817730093821e-5,
    "mean": 0.40138651694691774
  }
}
