{
  "energy": {
    "variance": 0.00026869688331085883,
    "error": 1.6391976186868342e-5,
    "mean": -0.7786746861678041
  },
  "spin_stiffness": {
    "variance": 0.004364194878226941,
    "error": 6.606205323956364e-5,
    "mean": 0.7448544487748556
  },
  "sqr_energy": {
    "variance": 0.0006495022042250672,
    "error": 2.548533311975865e-5,
    "mean": 0.6066029634931421
  }
}
