{
  "energy": {
    "variance": 0.0010583621558106315,
    "error": 3.253247847629552e-5,
    "mean": -1.5632283605491266
  },
  "spin_stiffness": {
    "variance": 0.0038926994169261038,
    "error": 6.239150115942157e-5,
    "mean": 0.7496569631417238
  },
  "sqr_energy": {
    "variance": 0.01031031691482559,
    "error": 0.00010153973072066711,
    "mean": 2.444741268322558
  }
}
