{
  "energy": {
    "variance": 0.0010344991010172455,
    "error": 3.216363009700934e-5,
    "mean": -1.567570817380046
  },
  "spin_stiffness": {
    "variance": 0.003570656939538423,
    "error": 5.9754974182392745e-5,
    "mean": 0.7530577599510926
  },
  "sqr_energy": {
    "variance": 0.010133967545411912,
    "error": 0.00010066760921672827,
    "mean": 2.4583127655680634
  }
}
