{
  "energy": {
    "variance": 0.003007476165055409,
    "error": 5.4840461021543285e-5,
    "mean": -1.34437720227564
  },
  "spin_stiffness": {
    "variance": 0.14889242378851483,
    "error": 0.0003858658105980819,
    "mean": 0.48654062902274564
  },
  "sqr_energy": {
    "variance": 0.021562145575504225,
    "error": 0.00014684054472625816,
    "mean": 1.810357535156056
  }
}
