{
  "energy": {
    "variance": 0.00405129374134976,
    "error": 6.364977408718557e-5,
    "mean": -0.9091673993868178
  },
  "spin_stiffness": {
    "variance": 0.4117657260289822,
    "error": 0.0006416897428111051,
    "mean": 0.0031249450128147324
  },
  "sqr_energy": {
    "variance": 0.013455355570944016,
    "error": 0.00011599722225529375,
    "mean": 0.8306366497978457
  }
}
