{
  "energy": {
    "variance": 0.0013935869989948394,
    "error": 3.733077817290766e-5,
    "mean": -1.5098007310854238
  },
  "spin_stiffness": {
    "variance": 0.009420635410337061,
    "error": 9.70599578113295e-5,
    "mean": 0.7057201326936963
  },
  "sqr_energy": {
    "variance": 0.012649070832977763,
    "error": 0.00011246808806491628,
    "mean": 2.2808918331914882
  }
}
