{
  "energy": {
    "variance": 0.0008099437290458769,
    "error": 2.8459510344450358e-5,
    "mean": -0.6545613106671994
  },
  "spin_stiffness": {
    "variance": 0.1691760456393409,
    "error": 0.0004113101574716347,
    "mean": 0.4499051832896883
  },
  "sqr_energy": {
    "variance": 0.001379381410289866,
    "error": 3.7140024371153364e-5,
    "mean": 0.42926045234146404
  }
}
