{
  "energy": {
    "variance": 0.00025193842053871014,
    "error": 1.587256817716371e-5,
    "mean": -0.7849703290005087
  },
  "spin_stiffness": {
    "variance": 0.003382505231804543,
    "error": 5.815930907262003e-5,
    "mean": 0.7543544371864013
  },
  "sqr_energy": {
    "variance": 0.000618930000563875,
    "error": 2.487830381203419e-5,
    "mean": 0.6164303555797671
  }
}
