{
  "energy": {
    "variance": 0.0014537192930038781,
    "error": 3.81276709622274e-5,
    "mean": -1.501338417933865
  },
  "spin_stiffness": {
    "variance": 0.011298622251437905,
    "error": 0.00010629497754568606,
    "mean": 0.6981765383588119
  },
  "sqr_energy": {
    "variance": 0.013047990819680007,
    "error": 0.00011422780230609362,
    "mean": 2.255470763003445
  }
}
