{
  "energy": {
    "variance": 0.0003760624286108115,
    "error": 1.939232911774167e-5,
    "mean": -0.744889881806993
  },
  "spin_stiffness": {
    "variance": 0.010991008257027774,
    "error": 0.00010483800960065854,
    "mean": 0.6888044525169478
  },
  "sqr_energy": {
    "variance": 0.0008310320489330787,
    "error": 2.8827626488024967e-5,
    "mean": 0.5552369980709844
  }
}
