{
  "energy": {
    "variance": 0.0010490576311647229,
    "error": 3.238915916112555e-5,
    "mean": -1.5653388595651747
  },
  "spin_stiffness": {
    "variance": 0.004562621163753471,
    "error": 6.754717731891889e-5,
    "mean": 0.7509355928673792
  },
  "sqr_energy": {
    "variance": 0.010247243865287855,
    "error": 0.00010122867116231377,
    "mean": 2.4513348018469086
  }
}
