{
  "energy": {
    "variance": 0.00426272743133298,
    "error": 6.528956602193783e-5,
    "mean": -1.2357857849189644
  },
  "spin_stiffness": {
    "variance": 0.3776871052819612,
    "error": 0.0006145625316287686,
    "mean": 0.27500131400348743
  },
  "sqr_energy": {
    "variance": 0.025888271764530447,
    "error": 0.00016089832741371317,
    "mean": 1.5314292293763865
  }
}
