{
  "energy": {
    "variance": 0.003706086088639486,
    "error": 6.087763208798028e-5,
    "mean": -1.2903254904774157
  },
  "spin_stiffness": {
    "variance": 0.2775840523907093,
    "error": 0.0005268624606011604,
    "mean": 0.3775088196267072
  },
  "sqr_energy": {
    "variance": 0.024471662596170705,
    "error": 0.00015643421171908242,
    "mean": 1.668645953758337
  }
}
