{
  "energy": {
    "variance": 0.0015167312331612083,
    "error": 3.894523376693493e-5,
    "mean": -1.4924384470650671
  },
  "spin_stiffness": {
    "variance": 0.013196414218821976,
    "error": 0.00011487564676127824,
    "mean": 0.6897317542270041
  },
  "sqr_energy": {
    "variance": 0.013450814264093523,
    "error": 0.0001159776455360839,
    "mean": 2.2288892479944193
  }
}
