{
  "energy": {
    "variance": 0.0018183121071605165,
    "error": 4.264167101745095e-5,
    "mean": -1.4561683728031567
  },
  "spin_stiffness": {
    "variance": 0.03153569605302145,
    "error": 0.00017758292725659594,
    "mean": 0.6503965983150201
  },
  "sqr_energy": {
    "variance": 0.015337588302715631,
    "error": 0.0001238450172704402,
    "mean": 2.1222446402410418
  }
}
