{
  "energy": {
    "variance": 0.002644706733600156,
    "error": 5.142671225734886e-5,
    "mean": -1.3730150918904906
  },
  "spin_stiffness": {
    "variance": 0.0979836558778403,
    "error": 0.0003130234110699075,
    "mean": 0.537952700224849
  },
  "sqr_energy": {
    "variance": 0.019793635161386013,
    "error": 0.00014068985450765815,
    "mean": 1.8878151466479463
  }
}
