{
  "energy": {
    "variance": 0.00048619798809069147,
    "error": 2.2049897688893965e-5,
    "mean": -0.7204617365653452
  },
  "spin_stiffness": {
    "variance": 0.02305900606675638,
    "error": 0.0001518519215115712,
    "mean": 0.637790394707169
  },
  "sqr_energy": {
    "variance": 0.0010035989036228036,
    "error": 3.167962915854293e-5,
    "mean": 0.5195513113566456
  }
}
