{
  "energy": {
    "variance": 0.0003560862997827345,
    "error": 1.8870249065201406e-5,
    "mean": -0.7507513994488342
  },
  "spin_stiffness": {
    "variance": 0.009202523806606626,
    "error": 9.592978581549438e-5,
    "mean": 0.6988879934061846
  },
  "sqr_energy": {
    "variance": 0.0007995006566606936,
    "error": 2.8275442643055005e-5,
    "mean": 0.5639837497180796
  }
}
