{
  "energy": {
    "variance": 0.004324510857628148,
    "error": 6.576101320408734e-5,
    "mean": -1.2284648168754084
  },
  "spin_stiffness": {
    "variance": 0.372684382192849,
    "error": 0.0006104788138771476,
    "mean": 0.2680493646799085
  },
  "sqr_energy": {
    "variance": 0.025979632556627073,
    "error": 0.00016118198583162783,
    "mean": 1.5134503128338481
  }
}
