{
  "energy": {
    "variance": 0.0004261041906889077,
    "error": 2.0642291313924135e-5,
    "mean": -0.7316750739624849
  },
  "spin_stiffness": {
    "variance": 0.01588861611376729,
    "error": 0.00012605005400144535,
    "mean": 0.6632193596031422
  },
  "sqr_energy": {
    "variance": 0.0009082485488735673,
    "error": 3.0137162256482735e-5,
    "mean": 0.5357745176225924
  }
}
