{
  "energy": {
    "variance": 0.00316390151527794,
    "error": 5.624856900649065e-5,
    "mean": -1.3321403117811683
  },
  "spin_stiffness": {
    "variance": 0.1877543929405786,
    "error": 0.00043330634998875635,
    "mean": 0.4616952643696666
  },
  "sqr_energy": {
    "variance": 0.02225937747227918,
    "error": 0.0001491957689489859,
    "mean": 1.7777617086238044
  }
}
