{
  "energy": {
    "variance": 0.0004193764752279566,
    "error": 2.0478683434927076e-5,
    "mean": -0.733410507939897
  },
  "spin_stiffness": {
    "variance": 0.015456627354355008,
    "error": 0.00012432468521719655,
    "mean": 0.66639784614154
  },
  "sqr_energy": {
    "variance": 0.0008980015857639221,
    "error": 2.9966674586345447e-5,
    "mean": 0.5383103492125093
  }
}
