{
  "energy": {
    "variance": 0.00034526593246258743,
    "error": 1.8581332903281924e-5,
    "mean": -0.7538770499461748
  },
  "spin_stiffness": {
    "variance": 0.008538942748206428,
    "error": 9.240639993099195e-5,
    "mean": 0.7042710718246601
  },
  "sqr_energy": {
    "variance": 0.0007817683505768135,
    "error": 2.7960120718208884e-5,
    "mean": 0.5686758720227438
  }
}
