{
  "energy": {
    "variance": 0.0005058913918174305,
    "error": 2.249202951752977e-5,
    "mean": -1.686591919936723
  },
  "spin_stiffness": {
    "variance": 0.0006026285743562818,
    "error": 2.4548494339903657e-5,
    "mean": 0.8314903135754954
  },
  "sqr_energy": {
    "variance": 0.0057451895682538315,
    "error": 7.579702875610516e-5,
    "mean": 2.8450981952817678
  }
}
