{
  "energy": {
    "variance": 0.00027902794548078296,
    "error": 1.670412959362992e-5,
    "mean": -0.7753433660134667
  },
  "spin_stiffness": {
    "variance": 0.004785704728173413,
    "error": 6.917878813750218e-5,
    "mean": 0.739719440448146
  },
  "sqr_energy": {
    "variance": 0.0006686792742007533,
    "error": 2.5858833581597478e-5,
    "mean": 0.6014363628875452
  }
}
