{
  "energy": {
    "variance": 0.0014983169405393302,
    "error": 3.8708099159469585e-5,
    "mean": -1.4951302664446107
  },
  "spin_stiffness": {
    "variance": 0.014684630385429448,
    "error": 0.00012118015673132894,
    "mean": 0.6910551674427288
  },
  "sqr_energy": {
    "variance": 0.013335482459380708,
    "error": 0.000115479359451725,
    "mean": 2.2369128290809552
  }
}
