{
  "energy": {
    "variance": 0.003335697392186177,
    "error": 5.7755496640459916e-5,
    "mean": -1.3192688419073426
  },
  "spin_stiffness": {
    "variance": 0.20764472943502854,
    "error": 0.0004556805124591445,
    "mean": 0.43837721284461534
  },
  "sqr_energy": {
    "variance": 0.023019396892258515,
    "error": 0.0001517214450638357,
    "mean": 1.7438059712840295
  }
}
