{
  "energy": {
    "variance": 0.0004449190965078075,
    "error": 2.109310542589231e-5,
    "mean": -0.7279495293727483
  },
  "spin_stiffness": {
    "variance": 0.018848192702787994,
    "error": 0.00013728872023144507,
    "mean": 0.6544779247566223
  },
  "sqr_energy": {
    "variance": 0.0009384418174589685,
    "error": 3.063399773877005e-5,
    "mean": 0.5303554359655942
  }
}
