{
  "energy": {
    "variance": 0.004150261727132743,
    "error": 6.442252499811493e-5,
    "mean": -1.2445206310381345
  },
  "spin_stiffness": {
    "variance": 0.36639025032695866,
    "error": 0.0006053017845066696,
    "mean": 0.2919646861411588
  },
  "sqr_energy": {
    "variance": 0.025561462564732036,
    "error": 0.00015987952515795145,
    "mean": 1.552981858656427
  }
}
