{
  "energy": {
    "variance": 0.0011763002140987812,
    "error": 3.429723333009211e-5,
    "mean": -0.588430424929704
  },
  "spin_stiffness": {
    "variance": 0.40226586673336695,
    "error": 0.0006342443273166634,
    "mean": 0.2131455338790189
  },
  "sqr_energy": {
    "variance": 0.0016271516731028838,
    "error": 4.033796813304909e-5,
    "mean": 0.34742666402075056
  }
}
