{
  "energy": {
    "variance": 0.0005475064649926671,
    "error": 2.3398856061625472e-5,
    "mean": -0.7062208201856126
  },
  "spin_stiffness": {
    "variance": 0.04201601067576507,
    "error": 0.00020497807364634166,
    "mean": 0.601293277669245
  },
  "sqr_energy": {
    "variance": 0.0010854962807393448,
    "error": 3.294687057581258e-5,
    "mean": 0.49929535278112575
  }
}
