{
  "energy": {
    "variance": 0.0015930612655366439,
    "error": 3.991317157952552e-5,
    "mean": -1.4830829860346522
  },
  "spin_stiffness": {
    "variance": 0.016174462637535476,
    "error": 0.00012717886081238294,
    "mean": 0.6797852595906947
  },
  "sqr_energy": {
    "variance": 0.013947036853261135,
    "error": 0.0001180975734435773,
    "mean": 2.201128203137935
  }
}
