{
  "energy": {
    "variance": 0.000678077279938619,
    "error": 2.6039917049380534e-5,
    "mean": -0.6817110389578175
  },
  "spin_stiffness": {
    "variance": 0.08026653439108294,
    "error": 0.0002833134913679243,
    "mean": 0.535132059967613
  },
  "sqr_energy": {
    "variance": 0.001250577513220643,
    "error": 3.536350538649475e-5,
    "mean": 0.46540801723880837
  }
}
