{
  "energy": {
    "variance": 0.0022265219065264637,
    "error": 4.7186035079528175e-5,
    "mean": -1.4117761599346577
  },
  "spin_stiffness": {
    "variance": 0.0538290606118967,
    "error": 0.00023201090623480762,
    "mean": 0.5968843702242517
  },
  "sqr_energy": {
    "variance": 0.017636072035740427,
    "error": 0.0001328008736256672,
    "mean": 1.9953384454398526
  }
}
