{
  "energy": {
    "variance": 0.0003807934183646671,
    "error": 1.9513928829548066e-5,
    "mean": -0.7433328072602715
  },
  "spin_stiffness": {
    "variance": 0.010962816722208906,
    "error": 0.00010470347044013825,
    "mean": 0.68601571096014
  },
  "sqr_energy": {
    "variance": 0.000837999668640713,
    "error": 2.8948223928951375e-5,
    "mean": 0.5529244553870072
  }
}
