{
  "energy": {
    "variance": 0.0021341427258414823,
    "error": 4.619678263517366e-5,
    "mean": -1.4203631692337018
  },
  "spin_stiffness": {
    "variance": 0.047194733720414106,
    "error": 0.00021724348947762303,
    "mean": 0.6070212590689417
  },
  "sqr_energy": {
    "variance": 0.017115560680639328,
    "error": 0.00013082645252638828,
    "mean": 2.0195656731073037
  }
}
