{
  "energy": {
    "variance": 0.0003162744342575374,
    "error": 1.7784106225996777e-5,
    "mean": -0.7633028797512257
  },
  "spin_stiffness": {
    "variance": 0.007066072054750765,
    "error": 8.405993132730221e-5,
    "mean": 0.7197951471608567
  },
  "sqr_energy": {
    "variance": 0.0007343367926940231,
    "error": 2.709864927803641e-5,
    "mean": 0.5829475603544972
  }
}
