{
  "energy": {
    "variance": 0.0008855255736507122,
    "error": 2.9757781732694934e-5,
    "mean": -0.3406188816685539
  },
  "spin_stiffness": {
    "variance": 0.22932280793593193,
    "error": 0.00047887661034543325,
    "mean": 7.698199931680369e-5
  },
  "sqr_energy": {
    "variance": 0.0004138403352853617,
    "error": 2.034306602470143e-5,
    "mean": 0.11690674723726144
  }
}
