{
  "energy": {
    "variance": 0.0005135227896053236,
    "error": 2.266104122950496e-5,
    "mean": -0.7126939702034717
  },
  "spin_stiffness": {
    "variance": 0.02694728927119264,
    "error": 0.00016415629525300772,
    "mean": 0.6221113353232818
  },
  "sqr_energy": {
    "variance": 0.0010372215851123861,
    "error": 3.2205924689603094e-5,
    "mean": 0.5084462174404696
  }
}
