{
  "energy": {
    "variance": 0.0007640030898849117,
    "error": 2.7640605816170375e-5,
    "mean": -0.6649822263673179
  },
  "spin_stiffness": {
    "variance": 0.08667368742810089,
    "error": 0.0002944039528065153,
    "mean": 0.5000289940077843
  },
  "sqr_energy": {
    "variance": 0.0013397159516877258,
    "error": 3.660213042553296e-5,
    "mean": 0.4429653637103166
  }
}
