{
  "energy": {
    "variance": 0.0015437092769800206,
    "error": 3.9290065881594307e-5,
    "mean": -1.4893810316447336
  },
  "spin_stiffness": {
    "variance": 0.012874351398149528,
    "error": 0.00011346519906186888,
    "mean": 0.6872555824802904
  },
  "sqr_energy": {
    "variance": 0.013633156357269702,
    "error": 0.00011676110806801083,
    "mean": 2.219799565156402
  }
}
