{
  "energy": {
    "variance": 0.001020266891538812,
    "error": 3.194161692117061e-5,
    "mean": -0.6170054531148994
  },
  "spin_stiffness": {
    "variance": 0.320951423910905,
    "error": 0.0005665257486742372,
    "mean": 0.305165658273735
  },
  "sqr_energy": {
    "variance": 0.0015441239539912813,
    "error": 3.929534265013198e-5,
    "mean": 0.3817159950447943
  }
}
