{
  "energy": {
    "variance": 0.002283408589639506,
    "error": 4.7785024742480834e-5,
    "mean": -1.4073567774672606
  },
  "spin_stiffness": {
    "variance": 0.0821290777485934,
    "error": 0.00028658171216704213,
    "mean": 0.5869341147916315
  },
  "sqr_energy": {
    "variance": 0.017971447031113474,
    "error": 0.0001340576257850089,
    "mean": 1.9829365053892636
  }
}
