{
  "energy": {
    "variance": 0.0007146504965166375,
    "error": 2.6732947770805926e-5,
    "mean": -0.6707614742527234
  },
  "spin_stiffness": {
    "variance": 0.19964505563825502,
    "error": 0.0004468165794129119,
    "mean": 0.48342741074949763
  },
  "sqr_energy": {
    "variance": 0.0012769368123448969,
    "error": 3.5734252648472964e-5,
    "mean": 0.45063560512355294
  }
}
