{
  "energy": {
    "variance": 0.0005206607059394351,
    "error": 2.2817990839235497e-5,
    "mean": -0.7142508662740463
  },
  "spin_stiffness": {
    "variance": 0.03549659082488379,
    "error": 0.00018840538958555243,
    "mean": 0.6196986723643731
  },
  "sqr_energy": {
    "variance": 0.0010557429551407793,
    "error": 3.249219837346774e-5,
    "mean": 0.5106749601585043
  }
}
