{
  "energy": {
    "variance": 0.004000682106926722,
    "error": 6.325094550223516e-5,
    "mean": -1.2599817959529371
  },
  "spin_stiffness": {
    "variance": 0.32496714867870735,
    "error": 0.0005700588993066482,
    "mean": 0.3235124360932851
  },
  "sqr_energy": {
    "variance": 0.025225625173989654,
    "error": 0.00015882576986745462,
    "mean": 1.5915548042390333
  }
}
