{
  "energy": {
    "variance": 0.0002727246881287144,
    "error": 1.651437822410261e-5,
    "mean": -0.7775465214264329
  },
  "spin_stiffness": {
    "variance": 0.004325696992121052,
    "error": 6.5770031109321e-5,
    "mean": 0.7432430070359946
  },
  "sqr_energy": {
    "variance": 0.0006572194696374514,
    "error": 2.5636292041507317e-5,
    "mean": 0.6048513173977502
  }
}
