{
  "energy": {
    "variance": 0.0006819765729656385,
    "error": 2.611468117679476e-5,
    "mean": -1.639404206223879
  },
  "spin_stiffness": {
    "variance": 0.0011875136085460047,
    "error": 3.446031933319836e-5,
    "mean": 0.8023424913027883
  },
  "sqr_energy": {
    "variance": 0.007314435316111464,
    "error": 8.552447203059171e-5,
    "mean": 2.6883281272755357
  }
}
