{
  "energy": {
    "variance": 0.00271689097820429,
    "error": 5.212380433356999e-5,
    "mean": -1.3677990022161939
  },
  "spin_stiffness": {
    "variance": 0.13957196674206437,
    "error": 0.0003735933173145156,
    "mean": 0.5267544196075536
  },
  "sqr_energy": {
    "variance": 0.020169282102239554,
    "error": 0.00014201859773367557,
    "mean": 1.873590998724929
  }
}
