{
  "energy": {
    "variance": 0.00039430833227192916,
    "error": 1.9857198500088806e-5,
    "mean": -1.7223920036057763
  },
  "spin_stiffness": {
    "variance": 0.0003692517182777454,
    "error": 1.921592356036382e-5,
    "mean": 0.8524953765124372
  },
  "sqr_energy": {
    "variance": 0.00467119269168675,
    "error": 6.834612418920879e-5,
    "mean": 2.9670285220230843
  }
}
