{
  "energy": {
    "variance": 0.0010122748456261048,
    "error": 3.1816266997026927e-5,
    "mean": -1.5714032190018843
  },
  "spin_stiffness": {
    "variance": 0.003622344444094945,
    "error": 6.018591566217918e-5,
    "mean": 0.7555831686398762
  },
  "sqr_energy": {
    "variance": 0.009965323846759005,
    "error": 9.98264686681794e-5,
    "mean": 2.470320350522835
  }
}
