{
  "energy": {
    "variance": 0.001017671567818713,
    "error": 3.190096499823654e-5,
    "mean": -1.5694274840066522
  },
  "spin_stiffness": {
    "variance": 0.0035049398035590443,
    "error": 5.920253207050391e-5,
    "mean": 0.7543315582765112
  },
  "sqr_energy": {
    "variance": 0.009993398590269875,
    "error": 9.996698750222433e-5,
    "mean": 2.4641202981055974
  }
}
