{
  "energy": {
    "variance": 0.0004955220053161185,
    "error": 2.2260323567192784e-5,
    "mean": -0.716701161230033
  },
  "spin_stiffness": {
    "variance": 0.025870508231942164,
    "error": 0.00016084311683109775,
    "mean": 0.6302524282937013
  },
  "sqr_energy": {
    "variance": 0.0010124350633652758,
    "error": 3.181878475626113e-5,
    "mean": 0.514156076018272
  }
}
