{
  "energy": {
    "variance": 0.0009027923750204828,
    "error": 3.004650354068644e-5,
    "mean": -1.5925440087354454
  },
  "spin_stiffness": {
    "variance": 0.002413305250559432,
    "error": 4.9125403311926426e-5,
    "mean": 0.7710493499072995
  },
  "sqr_energy": {
    "variance": 0.009130294866837828,
    "error": 9.55525764531644e-5,
    "mean": 2.53709921123139
  }
}
