{
  "energy": {
    "variance": 0.0006335009627511524,
    "error": 2.516944502270863e-5,
    "mean": -0.6917528702053009
  },
  "spin_stiffness": {
    "variance": 0.12952844436427036,
    "error": 0.0003599006034508283,
    "mean": 0.5467274987222692
  },
  "sqr_energy": {
    "variance": 0.0012030272891716738,
    "error": 3.4684683783648276e-5,
    "mean": 0.4791555337665221
  }
}
