{
  "energy": {
    "variance": 0.0003347878722719412,
    "error": 1.8297209412146465e-5,
    "mean": -1.7442351507232112
  },
  "spin_stiffness": {
    "variance": 0.000275079516940685,
    "error": 1.658552130445965e-5,
    "mean": 0.8649872790120542
  },
  "sqr_energy": {
    "variance": 0.004068645604212313,
    "error": 6.378593578691398e-5,
    "mean": 3.0426910485559078
  }
}
