{
  "energy": {
    "variance": 0.0003399676320168911,
    "error": 1.843821119352122e-5,
    "mean": -0.7553396422351494
  },
  "spin_stiffness": {
    "variance": 0.007962817260729367,
    "error": 8.923461918296826e-5,
    "mean": 0.7069919161187426
  },
  "sqr_energy": {
    "variance": 0.0007729854745311569,
    "error": 2.780261632528775e-5,
    "mean": 0.5708779424239728
  }
}
