{
  "energy": {
    "variance": 0.0010654876639577282,
    "error": 3.2641808527680084e-5,
    "mean": -0.6003051770057837
  },
  "spin_stiffness": {
    "variance": 0.3721204799024314,
    "error": 0.000610016786574297,
    "mean": 0.2273400726994032
  },
  "sqr_energy": {
    "variance": 0.0015296949526267239,
    "error": 3.911131489258222e-5,
    "mean": 0.3614317921384154
  }
}
