{
  "energy": {
    "variance": 0.001181471159144611,
    "error": 3.437253495371866e-5,
    "mean": -0.5915132314686328
  },
  "spin_stiffness": {
    "variance": 0.42518016670427056,
    "error": 0.0006520584074331613,
    "mean": 0.20201807741980854
  },
  "sqr_energy": {
    "variance": 0.0016477047712128514,
    "error": 4.059192987790617e-5,
    "mean": 0.3510693729801379
  }
}
