{
  "energy": {
    "variance": 0.004339900888721486,
    "error": 6.587792413791957e-5,
    "mean": -1.2187496317205624
  },
  "spin_stiffness": {
    "variance": 0.4026486350940502,
    "error": 0.0006345460070743886,
    "mean": 0.24238848162120946
  },
  "sqr_energy": {
    "variance": 0.02566190557497156,
    "error": 0.00016019333811045813,
    "mean": 1.4896905613678275
  }
}
