{
  "energy": {
    "variance": 0.0020019452214083498,
    "error": 4.4743102500925765e-5,
    "mean": -1.4367539070899005
  },
  "spin_stiffness": {
    "variance": 0.03748550866091597,
    "error": 0.00019361174721828212,
    "mean": 0.6285924142439849
  },
  "sqr_energy": {
    "variance": 0.016424288948765787,
    "error": 0.0001281572820746671,
    "mean": 2.0662637327575575
  }
}
