{
  "energy": {
    "variance": 0.0005854520358867171,
    "error": 2.4196116132278693e-5,
    "mean": -1.664825019969618
  },
  "spin_stiffness": {
    "variance": 0.0008231858329200628,
    "error": 2.8691215256939935e-5,
    "mean": 0.8183029259077932
  },
  "sqr_energy": {
    "variance": 0.006476351632137688,
    "error": 8.047578289235643e-5,
    "mean": 2.7722277985672736
  }
}
