{
  "energy": {
    "variance": 0.0020055835882414053,
    "error": 4.478374245461633e-5,
    "mean": -1.4331186038698527
  },
  "spin_stiffness": {
    "variance": 0.03526948025773413,
    "error": 0.000187801704618819,
    "mean": 0.6255247192909332
  },
  "sqr_energy": {
    "variance": 0.01638291686431355,
    "error": 0.00012799576893129531,
    "mean": 2.0558345143405337
  }
}
