{
  "energy": {
    "variance": 0.00022786128162048607,
    "error": 1.5095074747098341e-5,
    "mean": -1.7882272069377925
  },
  "spin_stiffness": {
    "variance": 0.0001464057028805271,
    "error": 1.209982243177672e-5,
    "mean": 0.889524016189087
  },
  "sqr_energy": {
    "variance": 0.0029110335095415677,
    "error": 5.3953994379856325e-5,
    "mean": 3.1979844046862977
  }
}
