{
  "energy": {
    "variance": 0.0007485384211536888,
    "error": 2.735943020520875e-5,
    "mean": -1.625033959039882
  },
  "spin_stiffness": {
    "variance": 0.0015533493618380611,
    "error": 3.9412553353443885e-5,
    "mean": 0.793020966383555
  },
  "sqr_energy": {
    "variance": 0.007886544482002973,
    "error": 8.880621871244701e-5,
    "mean": 2.641483905705447
  }
}
