{
  "energy": {
    "variance": 0.0002597138037750807,
    "error": 1.611563848487179e-5,
    "mean": -0.7819147339536237
  },
  "spin_stiffness": {
    "variance": 0.0035917982368798575,
    "error": 5.993161300081834e-5,
    "mean": 0.7500736043218882
  },
  "sqr_energy": {
    "variance": 0.0006330998956485158,
    "error": 2.516147642028416e-5,
    "mean": 0.6116503647178274
  }
}
