{
  "energy": {
    "variance": 0.0014155568383755794,
    "error": 3.7623886540010445e-5,
    "mean": -1.5068429903836633
  },
  "spin_stiffness": {
    "variance": 0.010413935566003441,
    "error": 0.00010204869213274338,
    "mean": 0.703040814918617
  },
  "sqr_energy": {
    "variance": 0.012798913826090948,
    "error": 0.00011313228463215506,
    "mean": 2.2719913530911993
  }
}
