{
  "energy": {
    "variance": 0.0003180200461548842,
    "error": 1.7833116557542156e-5,
    "mean": -1.7507509932148186
  },
  "spin_stiffness": {
    "variance": 0.00025223246686541245,
    "error": 1.5881828196571466e-5,
    "mean": 0.8686168125362345
  },
  "sqr_energy": {
    "variance": 0.003893958931846671,
    "error": 6.240159398482278e-5,
    "mean": 3.065447059970809
  }
}
