{
  "energy": {
    "variance": 0.0013310065424966867,
    "error": 3.6482962359116165e-5,
    "mean": -1.5181446466717883
  },
  "spin_stiffness": {
    "variance": 0.010740146113605274,
    "error": 0.0001036346762121891,
    "mean": 0.7122700423599561
  },
  "sqr_energy": {
    "variance": 0.012221815403953694,
    "error": 0.00011055231975835557,
    "mean": 2.3060941734297
  }
}
