{
  "energy": {
    "variance": 0.0003661452137221668,
    "error": 1.913492131476288e-5,
    "mean": -0.7478791764962303
  },
  "spin_stiffness": {
    "variance": 0.00999664139921531,
    "error": 9.998320558581482e-5,
    "mean": 0.6941903674217109
  },
  "sqr_energy": {
    "variance": 0.0008157104850743614,
    "error": 2.8560645739800096e-5,
    "mean": 0.5596894074842567
  }
}
