{
  "energy": {
    "variance": 0.000419767810958141,
    "error": 2.048823591620667e-5,
    "mean": -1.714375107237591
  },
  "spin_stiffness": {
    "variance": 0.0004137115992918773,
    "error": 2.0339901653938185e-5,
    "mean": 0.8478335100600392
  },
  "sqr_energy": {
    "variance": 0.004925807409315898,
    "error": 7.018409655552957e-5,
    "mean": 2.9395017757070923
  }
}
