{
  "energy": {
    "variance": 0.0008806613690575322,
    "error": 2.967593922789188e-5,
    "mean": -0.6493579358698914
  },
  "spin_stiffness": {
    "variance": 0.16327113145714653,
    "error": 0.00040406822624050327,
    "mean": 0.42767854795265187
  },
  "sqr_energy": {
    "variance": 0.0014710800437013193,
    "error": 3.8354661303436374e-5,
    "mean": 0.4225463893656021
  }
}
