{
  "energy": {
    "variance": 0.001961225168553964,
    "error": 4.4285721949110906e-5,
    "mean": -1.4408661659656743
  },
  "spin_stiffness": {
    "variance": 0.037014621501805345,
    "error": 0.00019239184364677558,
    "mean": 0.6326140189083557
  },
  "sqr_energy": {
    "variance": 0.016184530106446347,
    "error": 0.00012721843461718254,
    "mean": 2.078056531431951
  }
}
