{
  "energy": {
    "variance": 0.0002669418053825434,
    "error": 1.6338353814951595e-5,
    "mean": -0.7797928667541422
  },
  "spin_stiffness": {
    "variance": 0.004279234132114659,
    "error": 6.541585535720418e-5,
    "mean": 0.7465554826045802
  },
  "sqr_energy": {
    "variance": 0.0006470318026478402,
    "error": 2.543681982182207e-5,
    "mean": 0.6083438565790841
  }
}
