{
  "energy": {
    "variance": 0.0006012603931243058,
    "error": 2.452061159768055e-5,
    "mean": -0.696626496870128
  },
  "spin_stiffness": {
    "variance": 0.11012773922584519,
    "error": 0.00033185499728924557,
    "mean": 0.5590242652614037
  },
  "sqr_energy": {
    "variance": 0.001157788832463455,
    "error": 3.402629619079125e-5,
    "mean": 0.48588973593341034
  }
}
