{
  "energy": {
    "variance": 0.002063054713683345,
    "error": 4.542086209753559e-5,
    "mean": -1.42882258500108
  },
  "spin_stiffness": {
    "variance": 0.06075267900468554,
    "error": 0.0002464805854518476,
    "mean": 0.6168813534389956
  },
  "sqr_energy": {
    "variance": 0.01674226241854615,
    "error": 0.00012939189471735142,
    "mean": 2.0435970320597967
  }
}
