{
  "energy": {
    "variance": 0.0012010265576751767,
    "error": 3.4655830067611664e-5,
    "mean": -1.53834155883358
  },
  "spin_stiffness": {
    "variance": 0.006465486640879386,
    "error": 8.040824983096814e-5,
    "mean": 0.7298261851093895
  },
  "sqr_energy": {
    "variance": 0.011326884997702801,
    "error": 0.00010642783939225113,
    "mean": 2.3676957769911784
  }
}
