{
  "energy": {
    "variance": 0.0045561241306487565,
    "error": 6.749906762799584e-5,
    "mean": -1.1910116524000112
  },
  "spin_stiffness": {
    "variance": 0.44129589812536124,
    "error": 0.0006643010598556662,
    "mean": 0.19436880086626754
  },
  "sqr_energy": {
    "variance": 0.02578955000708335,
    "error": 0.00016059125134042438,
    "mean": 1.423064875727129
  }
}
