{
  "energy": {
    "variance": 0.0011259505621713426,
    "error": 3.35551868147287e-5,
    "mean": -1.5501238722756356
  },
  "spin_stiffness": {
    "variance": 0.0050059995725302035,
    "error": 7.07530887843789e-5,
    "mean": 0.7394970901203014
  },
  "sqr_energy": {
    "variance": 0.010784544389857249,
    "error": 0.00010384866099212474,
    "mean": 2.4040099688350325
  }
}
