{
  "energy": {
    "variance": 0.0038718089704455594,
    "error": 6.222386174487693e-5,
    "mean": -0.830184220548731
  },
  "spin_stiffness": {
    "variance": 0.3476782976758339,
    "error": 0.0005896425168488395,
    "mean": 3.216348620198431e-5
  },
  "sqr_energy": {
    "variance": 0.010731042923058815,
    "error": 0.00010359074728497143,
    "mean": 0.6930776451467404
  }
}
