{
  "energy": {
    "variance": 0.0011582108048360244,
    "error": 3.403249630626623e-5,
    "mean": -1.5454701250244403
  },
  "spin_stiffness": {
    "variance": 0.005385699578106524,
    "error": 7.338732573208077e-5,
    "mean": 0.7357588993325077
  },
  "sqr_energy": {
    "variance": 0.01102398057924914,
    "error": 0.00010499514550325238,
    "mean": 2.389636116989683
  }
}
