{
  "energy": {
    "variance": 0.0006944909206999423,
    "error": 2.635319564492971e-5,
    "mean": -0.6762266231231592
  },
  "spin_stiffness": {
    "variance": 0.08238244463332427,
    "error": 0.00028702342175042833,
    "mean": 0.5177319505813087
  },
  "sqr_energy": {
    "variance": 0.0012610729823198154,
    "error": 3.551158940852712e-5,
    "mean": 0.45797693604676015
  }
}
