{
  "energy": {
    "variance": 0.0017272507032539308,
    "error": 4.1560205765298255e-5,
    "mean": -1.4666167603993658
  },
  "spin_stiffness": {
    "variance": 0.023815812807697137,
    "error": 0.00015432372729978089,
    "mean": 0.6625479814391632
  },
  "sqr_energy": {
    "variance": 0.014783057179615812,
    "error": 0.00012158559610256395,
    "mean": 2.1526919708603347
  }
}
