{
  "energy": {
    "variance": 0.0005233198546147573,
    "error": 2.2876185316060832e-5,
    "mean": -0.7084895687280314
  },
  "spin_stiffness": {
    "variance": 0.030821111228607437,
    "error": 0.00017555942363942597,
    "mean": 0.61211082796625
  },
  "sqr_energy": {
    "variance": 0.0010446410245940514,
    "error": 3.232090692715864e-5,
    "mean": 0.5024807883277267
  }
}
