{
  "energy": {
    "variance": 0.0010696965821551496,
    "error": 3.2706216261670344e-5,
    "mean": -0.6174786695154718
  },
  "spin_stiffness": {
    "variance": 0.46587166463823504,
    "error": 0.0006825479211295241,
    "mean": 0.23954462460001114
  },
  "sqr_energy": {
    "variance": 0.0016165220776138349,
    "error": 4.020599554312559e-5,
    "mean": 0.3823496028190558
  }
}
