{
  "energy": {
    "variance": 0.0010639551455393311,
    "error": 3.261832530249416e-5,
    "mean": -1.5610982738424937
  },
  "spin_stiffness": {
    "variance": 0.004123330566061079,
    "error": 6.421316505251146e-5,
    "mean": 0.7481125070956443
  },
  "sqr_energy": {
    "variance": 0.010336126371039455,
    "error": 0.00010166674171546689,
    "mean": 2.438091774675598
  }
}
