{
  "energy": {
    "variance": 0.0011114768906680364,
    "error": 3.333881957520447e-5,
    "mean": -1.5522984930641324
  },
  "spin_stiffness": {
    "variance": 0.0047180306875858995,
    "error": 6.868792242880767e-5,
    "mean": 0.7413809196207622
  },
  "sqr_energy": {
    "variance": 0.010675555669131333,
    "error": 0.00010332258063526739,
    "mean": 2.4107420873483667
  }
}
