{
  "energy": {
    "variance": 0.003257737092927028,
    "error": 5.707658971002935e-5,
    "mean": -1.3256147649817542
  },
  "spin_stiffness": {
    "variance": 0.17976915750818492,
    "error": 0.00042399193094702273,
    "mean": 0.4508653716546648
  },
  "sqr_energy": {
    "variance": 0.022692728034066283,
    "error": 0.00015064105693358062,
    "mean": 1.760512238972821
  }
}
