{
  "energy": {
    "variance": 0.0018391146890123508,
    "error": 4.288490047805114e-5,
    "mean": -1.4522636221502663
  },
  "spin_stiffness": {
    "variance": 0.02811742305142906,
    "error": 0.00016768250669473264,
    "mean": 0.6468514051676976
  },
  "sqr_energy": {
    "variance": 0.015430725976287689,
    "error": 0.00012422047325738093,
    "mean": 2.1109087410709093
  }
}
