{
  "energy": {
    "variance": 0.0004758220415097293,
    "error": 2.181334549099998e-5,
    "mean": -1.6965767630701067
  },
  "spin_stiffness": {
    "variance": 0.000525175566755875,
    "error": 2.2916709335239975e-5,
    "mean": 0.8374795881291045
  },
  "sqr_energy": {
    "variance": 0.005468317155711367,
    "error": 7.394807066929716e-5,
    "mean": 2.8788485345551287
  }
}
