{
  "energy": {
    "variance": 0.00095397114955387,
    "error": 3.088642338558918e-5,
    "mean": -0.41562900253126744
  },
  "spin_stiffness": {
    "variance": 0.3630766382567848,
    "error": 0.0006025584106597342,
    "mean": -0.008561394670508237
  },
  "sqr_energy": {
    "variance": 0.0006634102249645253,
    "error": 2.575675105607315e-5,
    "mean": 0.17370143794071907
  }
}
