{
  "energy": {
    "variance": 0.0005315530732132465,
    "error": 2.3055434786905374e-5,
    "mean": -0.7102642361834193
  },
  "spin_stiffness": {
    "variance": 0.04246341411073193,
    "error": 0.00020606652836094446,
    "mean": 0.607968201109644
  },
  "sqr_energy": {
    "variance": 0.001065833748285967,
    "error": 3.264710934042962e-5,
    "mean": 0.5050068377428761
  }
}
