{
  "energy": {
    "variance": 0.0017487589330914537,
    "error": 4.1818165109094086e-5,
    "mean": -1.4632144182060303
  },
  "spin_stiffness": {
    "variance": 0.02365409943321793,
    "error": 0.00015379889282182084,
    "mean": 0.6591407809660129
  },
  "sqr_energy": {
    "variance": 0.014896621715793269,
    "error": 0.00012205171738158079,
    "mean": 2.1427451908303445
  }
}
