{
  "energy": {
    "variance": 0.0003063170512938603,
    "error": 1.7501915646404547e-5,
    "mean": -0.7658061458117587
  },
  "spin_stiffness": {
    "variance": 0.006742850571734627,
    "error": 8.211486206366437e-5,
    "mean": 0.7236713406801754
  },
  "sqr_energy": {
    "variance": 0.0007160384076092922,
    "error": 2.6758893990770474e-5,
    "mean": 0.5867653697080375
  }
}
