{
  "energy": {
    "variance": 0.002377485021891012,
    "error": 4.87594608449582e-5,
    "mean": -1.3978700682263425
  },
  "spin_stiffness": {
    "variance": 0.07336005317547731,
    "error": 0.00027085061043955085,
    "mean": 0.5762648568673032
  },
  "sqr_energy": {
    "variance": 0.018446477250356554,
    "error": 0.00013581780903238188,
    "mean": 1.9564182102875258
  }
}
