{
  "energy": {
    "variance": 0.0038270601379896325,
    "error": 6.186323737074898e-5,
    "mean": -1.2759806178118405
  },
  "spin_stiffness": {
    "variance": 0.30335694209809994,
    "error": 0.0005507784873232613,
    "mean": 0.3519668809816628
  },
  "sqr_energy": {
    "variance": 0.024735715379187607,
    "error": 0.00015727592116782405,
    "mean": 1.6319535933424156
  }
}
