{
  "energy": {
    "variance": 0.0003481781473155775,
    "error": 1.8659532344503642e-5,
    "mean": -0.7525806802017427
  },
  "spin_stiffness": {
    "variance": 0.008347534550557716,
    "error": 9.136484307739886e-5,
    "mean": 0.7029011811452079
  },
  "sqr_energy": {
    "variance": 0.0007858667428031319,
    "error": 2.8033314873613e-5,
    "mean": 0.566725858012055
  }
}
