{
  "energy": {
    "variance": 0.0037305263462871084,
    "error": 6.10780348921534e-5,
    "mean": -1.2846255711752363
  },
  "spin_stiffness": {
    "variance": 0.27477612933582074,
    "error": 0.0005241909283227064,
    "mean": 0.3746483279445613
  },
  "sqr_energy": {
    "variance": 0.02442780139462872,
    "error": 0.00015629395827935488,
    "mean": 1.6539933807330625
  }
}
