{
  "energy": {
    "variance": 0.00029304441239455444,
    "error": 1.7118540019363636e-5,
    "mean": -0.7707194969859884
  },
  "spin_stiffness": {
    "variance": 0.0056773805105221455,
    "error": 7.534839421329525e-5,
    "mean": 0.7320389715505201
  },
  "sqr_energy": {
    "variance": 0.0006938695198140048,
    "error": 2.6341403148162115e-5,
    "mean": 0.5943015871536852
  }
}
