{
  "energy": {
    "variance": 0.00018520123562666788,
    "error": 1.3608866066894327e-5,
    "mean": -0.8127140556331016
  },
  "spin_stiffness": {
    "variance": 0.0014184080005432418,
    "error": 3.766175779943419e-5,
    "mean": 0.7932440836576969
  },
  "sqr_energy": {
    "variance": 0.00048808824879197803,
    "error": 2.2092719361635365e-5,
    "mean": 0.6606893372740299
  }
}
