{
  "energy": {
    "variance": 0.00031839276698555517,
    "error": 1.7843563741180045e-5,
    "mean": -0.7620796215330622
  },
  "spin_stiffness": {
    "variance": 0.006531852049012473,
    "error": 8.081987409673733e-5,
    "mean": 0.718689388989997
  },
  "sqr_energy": {
    "variance": 0.0007370118728068092,
    "error": 2.7147962590345695e-5,
    "mean": 0.581083742004568
  }
}
