{
  "energy": {
    "variance": 0.000646191605975613,
    "error": 2.5420299092961377e-5,
    "mean": -0.6870874262569258
  },
  "spin_stiffness": {
    "variance": 0.13251624992786776,
    "error": 0.00036402781477226127,
    "mean": 0.5366318315720444
  },
  "sqr_energy": {
    "variance": 0.001210913347166372,
    "error": 3.4798180227798866e-5,
    "mean": 0.47273532228015047
  }
}
