{
  "energy": {
    "variance": 0.0013474453415744834,
    "error": 3.670756518177804e-5,
    "mean": -1.5154519535074962
  },
  "spin_stiffness": {
    "variance": 0.00994243476072858,
    "error": 9.971175838750704e-5,
    "mean": 0.7105973447226761
  },
  "sqr_energy": {
    "variance": 0.012325176457467935,
    "error": 0.00011101881127749448,
    "mean": 2.2979420673838153
  }
}
