{
  "energy": {
    "variance": 0.003084794665428396,
    "error": 5.554092784090302e-5,
    "mean": -1.3382805828319715
  },
  "spin_stiffness": {
    "variance": 0.16974860547324047,
    "error": 0.00041200558912864334,
    "mean": 0.4744362356076015
  },
  "sqr_energy": {
    "variance": 0.021912232946974707,
    "error": 0.00014802781139696252,
    "mean": 1.794079709965715
  }
}
