{
  "energy": {
    "variance": 0.0006308505435263082,
    "error": 2.5116738313847764e-5,
    "mean": -1.6527082317585886
  },
  "spin_stiffness": {
    "variance": 0.0009860945378819827,
    "error": 3.140214224988452e-5,
    "mean": 0.8106578272190864
  },
  "sqr_energy": {
    "variance": 0.006876928267034163,
    "error": 8.292724683138927e-5,
    "mean": 2.7320753492352767
  }
}
