{
  "energy": {
    "variance": 0.00025733152977875035,
    "error": 1.604155633904486e-5,
    "mean": -0.7829613673218588
  },
  "spin_stiffness": {
    "variance": 0.0036393971335968284,
    "error": 6.03274161024391e-5,
    "mean": 0.7514638518537674
  },
  "sqr_energy": {
    "variance": 0.0006289512927948931,
    "error": 2.507890134744529e-5,
    "mean": 0.613285833990962
  }
}
