{
  "energy": {
    "variance": 0.0011723355521652662,
    "error": 3.4239385978216174e-5,
    "mean": -1.543087117317999
  },
  "spin_stiffness": {
    "variance": 0.005460750406056618,
    "error": 7.389689036797569e-5,
    "mean": 0.7341094205156239
  },
  "sqr_energy": {
    "variance": 0.011124186077613717,
    "error": 0.00010547125711592574,
    "mean": 2.382290186012602
  }
}
