{
  "energy": {
    "variance": 0.00033709802966907756,
    "error": 1.8360229564716165e-5,
    "mean": -0.7566065682114572
  },
  "spin_stiffness": {
    "variance": 0.040264783626049155,
    "error": 0.0002006608672014779,
    "mean": 0.6996287193775873
  },
  "sqr_energy": {
    "variance": 0.0007689016974213458,
    "error": 2.7729076750251636e-5,
    "mean": 0.5727905967532897
  }
}
