{
  "energy": {
    "variance": 0.0005762469055472461,
    "error": 2.400514331444922e-5,
    "mean": -0.6996655321340638
  },
  "spin_stiffness": {
    "variance": 0.047425303873403865,
    "error": 0.0002177735150871287,
    "mean": 0.5865389920622264
  },
  "sqr_energy": {
    "variance": 0.0011208853123341011,
    "error": 3.34796253314475e-5,
    "mean": 0.490108103185743
  }
}
