{
  "energy": {
    "variance": 0.0009979654391406333,
    "error": 3.1590590990683184e-5,
    "mean": -1.5733913470054384
  },
  "spin_stiffness": {
    "variance": 0.0034160069249377315,
    "error": 5.844661602640252e-5,
    "mean": 0.7570156251334516
  },
  "sqr_energy": {
    "variance": 0.009848868692110324,
    "error": 9.924146659592614e-5,
    "mean": 2.476558295272763
  }
}
