{
  "energy": {
    "variance": 0.0002910530178604498,
    "error": 1.7060276019468437e-5,
    "mean": -0.7718262698308903
  },
  "spin_stiffness": {
    "variance": 0.0059170368295338605,
    "error": 7.692227784935818e-5,
    "mean": 0.7333182149295041
  },
  "sqr_energy": {
    "variance": 0.0006911635840432132,
    "error": 2.628999018720268e-5,
    "mean": 0.5960068435278737
  }
}
