{
  "energy": {
    "variance": 0.00026247804070381674,
    "error": 1.620117405325357e-5,
    "mean": -0.7807916250213885
  },
  "spin_stiffness": {
    "variance": 0.0037460405898678308,
    "error": 6.120490658327836e-5,
    "mean": 0.7482883254718781
  },
  "sqr_energy": {
    "variance": 0.000637987433296667,
    "error": 2.5258413119130563e-5,
    "mean": 0.6098980394817662
  }
}
