{
  "energy": {
    "variance": 0.00111271595572154,
    "error": 3.3357397316360584e-5,
    "mean": -0.5419258578895739
  },
  "spin_stiffness": {
    "variance": 0.4895840451246402,
    "error": 0.0006997028262945922,
    "mean": 0.07339360934800929
  },
  "sqr_energy": {
    "variance": 0.00131076373023414,
    "error": 3.6204471135954185e-5,
    "mean": 0.29479635029235635
  }
}
