{
  "energy": {
    "variance": 0.00031083390739602745,
    "error": 1.763048233588711e-5,
    "mean": -0.7645022381442722
  },
  "spin_stiffness": {
    "variance": 0.007074836386415264,
    "error": 8.411204661887179e-5,
    "mean": 0.7212921010562188
  },
  "sqr_energy": {
    "variance": 0.0007241364210634854,
    "error": 2.6909782999189818e-5,
    "mean": 0.5847745057241635
  }
}
