{
  "energy": {
    "variance": 0.0009087780651261233,
    "error": 3.0145946081125456e-5,
    "mean": -0.3776206320484696
  },
  "spin_stiffness": {
    "variance": 0.2755319704691147,
    "error": 0.000524911392969437,
    "mean": 0.0013164462285563847
  },
  "sqr_energy": {
    "variance": 0.0005219307891586437,
    "error": 2.2845804629267134e-5,
    "mean": 0.14350611890503367
  }
}
