{
  "energy": {
    "variance": 0.000490175677768255,
    "error": 2.213991142187012e-5,
    "mean": -0.7184228063001831
  },
  "spin_stiffness": {
    "variance": 0.023770648781578033,
    "error": 0.00015417732901298436,
    "mean": 0.6337716162828473
  },
  "sqr_energy": {
    "variance": 0.001006693914132165,
    "error": 3.17284401465336e-5,
    "mean": 0.5166215037998229
  }
}
