{
  "energy": {
    "variance": 0.00028092463496295406,
    "error": 1.676080651290248e-5,
    "mean": -0.7741785214377872
  },
  "spin_stiffness": {
    "variance": 0.004785844575724987,
    "error": 6.917979889913665e-5,
    "mean": 0.7380573638097037
  },
  "sqr_energy": {
    "variance": 0.0006712304346354536,
    "error": 2.5908115227384905e-5,
    "mean": 0.5996333074096367
  }
}
