{
  "energy": {
    "variance": 0.00063426476928867,
    "error": 2.5184613741105302e-5,
    "mean": -0.6896855726496738
  },
  "spin_stiffness": {
    "variance": 0.05424792351503654,
    "error": 0.00023291183635667067,
    "mean": 0.5633006461236039
  },
  "sqr_energy": {
    "variance": 0.0011979452728222803,
    "error": 3.461134601286521e-5,
    "mean": 0.4763004532561323
  }
}
