{
  "energy": {
    "variance": 0.00029871063866959745,
    "error": 1.7283247341561638e-5,
    "mean": -0.769404381355114
  },
  "spin_stiffness": {
    "variance": 0.013020215086480963,
    "error": 0.00011410615709277463,
    "mean": 0.7253461512441302
  },
  "sqr_energy": {
    "variance": 0.0007047750274986549,
    "error": 2.654759927938221e-5,
    "mean": 0.5922818123884046
  }
}
