{
  "energy": {
    "variance": 0.0014266176488911967,
    "error": 3.7770592382052956e-5,
    "mean": -1.5043975560573979
  },
  "spin_stiffness": {
    "variance": 0.011600957505714136,
    "error": 0.00010770774115964988,
    "mean": 0.7008816978642526
  },
  "sqr_energy": {
    "variance": 0.012856786007184661,
    "error": 0.00011338776833144155,
    "mean": 2.264638622893745
  }
}
