{
  "energy": {
    "variance": 0.0015718873652048407,
    "error": 3.964703475929619e-5,
    "mean": -1.4865110069639529
  },
  "spin_stiffness": {
    "variance": 0.014870390309939622,
    "error": 0.0001219442098253936,
    "mean": 0.6837753686094901
  },
  "sqr_energy": {
    "variance": 0.013826616239507717,
    "error": 0.00011758663291168652,
    "mean": 2.2112868596183026
  }
}
