{
  "energy": {
    "variance": 0.00015307303428208852,
    "error": 1.237226876050179e-5,
    "mean": -1.8256119944253004
  },
  "spin_stiffness": {
    "variance": 8.365610292529104e-5,
    "error": 9.14637102490879e-6,
    "mean": 0.9098020779927964
  },
  "sqr_energy": {
    "variance": 0.002038699502367493,
    "error": 4.5151960116560754e-5,
    "mean": 3.3330122270707325
  }
}
