{
  "energy": {
    "variance": 0.0004015016350265453,
    "error": 2.0037505708708987e-5,
    "mean": -0.7384191237431934
  },
  "spin_stiffness": {
    "variance": 0.01354000907517247,
    "error": 0.00011636154465790005,
    "mean": 0.6759936657071292
  },
  "sqr_energy": {
    "variance": 0.0008716238840752193,
    "error": 2.9523276987408075e-5,
    "mean": 0.5456643035431905
  }
}
