{
  "energy": {
    "variance": 0.0011846981792648225,
    "error": 3.441944478437766e-5,
    "mean": -1.540871170816085
  },
  "spin_stiffness": {
    "variance": 0.00570572854642817,
    "error": 7.553627305095327e-5,
    "mean": 0.7322841222292377
  },
  "sqr_energy": {
    "variance": 0.011210216683964389,
    "error": 0.00010587831073437273,
    "mean": 2.375468662046699
  }
}
