{
  "energy": {
    "variance": 0.0018836310438596399,
    "error": 4.340081846992796e-5,
    "mean": -1.448637535730638
  },
  "spin_stiffness": {
    "variance": 0.028429869417427735,
    "error": 0.00016861159336601896,
    "mean": 0.6434188324389054
  },
  "sqr_energy": {
    "variance": 0.015722008646070346,
    "error": 0.00012538743416335763,
    "mean": 2.100434339087965
  }
}
