{
  "energy": {
    "variance": 0.0009397172253926714,
    "error": 3.065480754127599e-5,
    "mean": -0.6247226078185546
  },
  "spin_stiffness": {
    "variance": 0.22080228971711136,
    "error": 0.0004698960413933186,
    "mean": 0.35385691029140176
  },
  "sqr_energy": {
    "variance": 0.001459793422979295,
    "error": 3.8207243069597357e-5,
    "mean": 0.3912180530052911
  }
}
