{
  "energy": {
    "variance": 0.0016036291983514107,
    "error": 4.004533928375949e-5,
    "mean": -1.4800832494372822
  },
  "spin_stiffness": {
    "variance": 0.017057651036008793,
    "error": 0.0001306049426170725,
    "mean": 0.6782422149859935
  },
  "sqr_energy": {
    "variance": 0.01398595171647176,
    "error": 0.00011826221592914518,
    "mean": 2.1922500528595457
  }
}
