{
  "energy": {
    "variance": 0.0005433801512075368,
    "error": 2.331051589320873e-5,
    "mean": -1.6761587722388491
  },
  "spin_stiffness": {
    "variance": 0.0007089788793008428,
    "error": 2.6626657306181766e-5,
    "mean": 0.8251285803940556
  },
  "sqr_energy": {
    "variance": 0.006094521048855885,
    "error": 7.806741348895764e-5,
    "mean": 2.810051609361073
  }
}
