{
  "energy": {
    "variance": 0.0003729481783790022,
    "error": 1.9311866258313882e-5,
    "mean": -1.730174722520531
  },
  "spin_stiffness": {
    "variance": 0.00033226899123047366,
    "error": 1.8228247069602542e-5,
    "mean": 0.8569709699043713
  },
  "sqr_energy": {
    "variance": 0.004459178069399757,
    "error": 6.677707742481515e-5,
    "mean": 2.993877518254428
  }
}
