{
  "energy": {
    "variance": 0.0006753121961205448,
    "error": 2.5986769636115697e-5,
    "mean": -0.6842942885843005
  },
  "spin_stiffness": {
    "variance": 0.1533848654216973,
    "error": 0.0003916437991615561,
    "mean": 0.5191559063954978
  },
  "sqr_energy": {
    "variance": 0.0012519380012447452,
    "error": 3.538273592085193e-5,
    "mean": 0.46893398490990235
  }
}
