{
  "energy": {
    "variance": 0.004581884420576582,
    "error": 6.7689618262896e-5,
    "mean": -1.1832928082639087
  },
  "spin_stiffness": {
    "variance": 0.4554421577646329,
    "error": 0.0006748645477165273,
    "mean": 0.18584146273381733
  },
  "sqr_energy": {
    "variance": 0.025612265143685205,
    "error": 0.00016003832398424198,
    "mean": 1.4047637499277794
  }
}
