{
  "energy": {
    "variance": 0.0008824434248796866,
    "error": 2.970594931793439e-5,
    "mean": -0.6442852114804303
  },
  "spin_stiffness": {
    "variance": 0.20901100512054688,
    "error": 0.00045717721413096135,
    "mean": 0.4085152583894009
  },
  "sqr_energy": {
    "variance": 0.0014525242155278993,
    "error": 3.811199569069953e-5,
    "mean": 0.41598587627481914
  }
}
