{
  "energy": {
    "variance": 0.0045426047730105275,
    "error": 6.739884845463258e-5,
    "mean": -1.0804536585624578
  },
  "spin_stiffness": {
    "variance": 0.5236159802163813,
    "error": 0.0007236131426503953,
    "mean": 0.05509007880404538
  },
  "sqr_energy": {
    "variance": 0.0213047037518178,
    "error": 0.00014596130909188846,
    "mean": 1.1719227085314063
  }
}
