{
  "energy": {
    "variance": 0.0025435104441236486,
    "error": 5.043322757987682e-5,
    "mean": -1.3830008476372384
  },
  "spin_stiffness": {
    "variance": 0.0891640502304717,
    "error": 0.00029860350003051156,
    "mean": 0.5534500503710089
  },
  "sqr_energy": {
    "variance": 0.019317989915256826,
    "error": 0.0001389891719352872,
    "mean": 1.9152348524659335
  }
}
