{
  "energy": {
    "variance": 0.0016845084863037355,
    "error": 4.1042764116269456e-5,
    "mean": -1.4702637232981108
  },
  "spin_stiffness": {
    "variance": 0.020907857094697294,
    "error": 0.00014459549472475722,
    "mean": 0.6669232412752125
  },
  "sqr_energy": {
    "variance": 0.014495275495161348,
    "error": 0.0001203963267511154,
    "mean": 2.163359922848218
  }
}
