{
  "energy": {
    "variance": 0.0004591113780947823,
    "error": 2.1426884470094625e-5,
    "mean": -0.7242082886225991
  },
  "spin_stiffness": {
    "variance": 0.020110773610403768,
    "error": 0.00014181245929185406,
    "mean": 0.6467671464874952
  },
  "sqr_energy": {
    "variance": 0.0009585394651833789,
    "error": 3.0960288519059035e-5,
    "mean": 0.5249367562286573
  }
}
