{
  "energy": {
    "variance": 0.0004694665561747409,
    "error": 2.1667176931357275e-5,
    "mean": -0.7224297117758761
  },
  "spin_stiffness": {
    "variance": 0.019427034863635364,
    "error": 0.00013938089848912355,
    "mean": 0.6442392761362449
  },
  "sqr_energy": {
    "variance": 0.0009749387738327702,
    "error": 3.122400957328783e-5,
    "mean": 0.5223741545432835
  }
}
