{
  "energy": {
    "variance": 0.004484041021832815,
    "error": 6.696298247414623e-5,
    "mean": -1.2006230636731416
  },
  "spin_stiffness": {
    "variance": 0.4352228387525805,
    "error": 0.0006597142099065175,
    "mean": 0.21021019357297227
  },
  "sqr_energy": {
    "variance": 0.025788254118016676,
    "error": 0.00016058721654607717,
    "mean": 1.4459797775616725
  }
}
