{
  "energy": {
    "variance": 0.0003596785647507273,
    "error": 1.8965193506809452e-5,
    "mean": -0.7493802159903336
  },
  "spin_stiffness": {
    "variance": 0.009769403659193088,
    "error": 9.884029370248294e-5,
    "mean": 0.6962568678161073
  },
  "sqr_energy": {
    "variance": 0.0008048352314253005,
    "error": 2.8369618105030963e-5,
    "mean": 0.5619303863227911
  }
}
