{
  "energy": {
    "variance": 0.0004349584463081259,
    "error": 2.085565741730828e-5,
    "mean": -0.729841593603279
  },
  "spin_stiffness": {
    "variance": 0.01681065292886171,
    "error": 0.00012965590202093275,
    "mean": 0.6591325568357554
  },
  "sqr_energy": {
    "variance": 0.0009220453767297095,
    "error": 3.0365200093687995e-5,
    "mean": 0.5331037097647237
  }
}
