{
  "energy": {
    "variance": 0.00041123373353168824,
    "error": 2.0278898725810736e-5,
    "mean": -0.7366270230282455
  },
  "spin_stiffness": {
    "variance": 0.014989417792495192,
    "error": 0.00012243127783575236,
    "mean": 0.6710503845839146
  },
  "sqr_energy": {
    "variance": 0.0008884188919413499,
    "error": 2.9806356569385497e-5,
    "mean": 0.5430306043777533
  }
}
