{
  "energy": {
    "variance": 0.0016381246014435255,
    "error": 4.0473752006004156e-5,
    "mean": -1.4768040059019674
  },
  "spin_stiffness": {
    "variance": 0.0185971848799522,
    "error": 0.00013637149584848075,
    "mean": 0.6737295259360434
  },
  "sqr_energy": {
    "variance": 0.014219224021987813,
    "error": 0.00011924438780080098,
    "mean": 2.1825881948114167
  }
}
