{
  "energy": {
    "variance": 0.00458475732494306,
    "error": 6.771083609691332e-5,
    "mean": -1.172906677670917
  },
  "spin_stiffness": {
    "variance": 0.47752779132477235,
    "error": 0.0006910338568585278,
    "mean": 0.16259264657371078
  },
  "sqr_energy": {
    "variance": 0.02522403205296635,
    "error": 0.00015882075447801636,
    "mean": 1.3802948272652145
  }
}
