{
  "energy": {
    "variance": 0.001472702640311329,
    "error": 3.837580800857917e-5,
    "mean": -1.4983654038259537
  },
  "spin_stiffness": {
    "variance": 0.0116201703372668,
    "error": 0.00010779689391288971,
    "mean": 0.6950910213074178
  },
  "sqr_energy": {
    "variance": 0.013166551092007954,
    "error": 0.0001147455929088693,
    "mean": 2.2465715845501224
  }
}
