{
  "energy": {
    "variance": 0.0028036302924660905,
    "error": 5.2949318149208405e-5,
    "mean": -1.3614444920220043
  },
  "spin_stiffness": {
    "variance": 0.11960020531393772,
    "error": 0.0003458326261559741,
    "mean": 0.5171387785800868
  },
  "sqr_energy": {
    "variance": 0.020614743322184485,
    "error": 0.00014357835255422206,
    "mean": 1.8563347323458899
  }
}
