{
  "energy": {
    "variance": 0.0010297663882691188,
    "error": 3.208997332920548e-5,
    "mean": -0.4968766235605879
  },
  "spin_stiffness": {
    "variance": 0.41613563813865745,
    "error": 0.0006450857602975417,
    "mean": 0.023961778234345574
  },
  "sqr_energy": {
    "variance": 0.0010190965349396001,
    "error": 3.192329141770316e-5,
    "mean": 0.24791614439947296
  }
}
