{
  "energy": {
    "variance": 0.000952216664364118,
    "error": 3.085800810752564e-5,
    "mean": -0.6279921311253863
  },
  "spin_stiffness": {
    "variance": 0.23802936430940902,
    "error": 0.0004878825312607626,
    "mean": 0.34789491310317083
  },
  "sqr_energy": {
    "variance": 0.0014911875715788684,
    "error": 3.8615897912373715e-5,
    "mean": 0.39532633246755194
  }
}
