{
  "energy": {
    "variance": 0.002828769423014331,
    "error": 5.318617699190581e-5,
    "mean": -1.3563284988842892
  },
  "spin_stiffness": {
    "variance": 0.11869184320825592,
    "error": 0.00034451682572590834,
    "mean": 0.5110997757829153
  },
  "sqr_energy": {
    "variance": 0.020656038027415266,
    "error": 0.00014372208608079437,
    "mean": 1.8424557634799545
  }
}
