{
  "energy": {
    "variance": 0.0008060084072045152,
    "error": 2.8390287198345056e-5,
    "mean": -0.6582557973754793
  },
  "spin_stiffness": {
    "variance": 0.1231809980140656,
    "error": 0.0003509715059859783,
    "mean": 0.4662324970379588
  },
  "sqr_energy": {
    "variance": 0.0013845042837732065,
    "error": 3.720892747410501e-5,
    "mean": 0.43410670237962423
  }
}
