{
  "energy": {
    "variance": 0.0013007031498185274,
    "error": 3.606526237002204e-5,
    "mean": -1.5232600945543673
  },
  "spin_stiffness": {
    "variance": 0.008679397374437535,
    "error": 9.316328340305282e-5,
    "mean": 0.7170218968325823
  },
  "sqr_energy": {
    "variance": 0.012021767375977481,
    "error": 0.00010964382050976462,
    "mean": 2.3216220175108955
  }
}
