{
  "energy": {
    "variance": 0.0003008630308114035,
    "error": 1.7345403737342167e-5,
    "mean": -1.7569044710521327
  },
  "spin_stiffness": {
    "variance": 0.00022833924104245112,
    "error": 1.5110898088546926e-5,
    "mean": 0.8721496537036408
  },
  "sqr_energy": {
    "variance": 0.0037096664024992704,
    "error": 6.0907030813357425e-5,
    "mean": 3.087014183132922
  }
}
