{
  "energy": {
    "variance": 0.00037000964482610427,
    "error": 1.923563476535423e-5,
    "mean": -0.7463583273223453
  },
  "spin_stiffness": {
    "variance": 0.010547936423064012,
    "error": 0.00010270314709425419,
    "mean": 0.6910688230131302
  },
  "sqr_energy": {
    "variance": 0.0008209849523808386,
    "error": 2.8652834979820735e-5,
    "mean": 0.5574207620382258
  }
}
