{
  "energy": {
    "variance": 0.0007793684405716497,
    "error": 2.7917171070358285e-5,
    "mean": -0.6609098647707413
  },
  "spin_stiffness": {
    "variance": 0.08745021953363875,
    "error": 0.0002957198328378378,
    "mean": 0.4850082688473537
  },
  "sqr_energy": {
    "variance": 0.0013498726881917206,
    "error": 3.674061360663048e-5,
    "mean": 0.43758121701248287
  }
}
