{
  "energy": {
    "variance": 0.0012627351368538872,
    "error": 3.5534984689090373e-5,
    "mean": -1.5285242577601896
  },
  "spin_stiffness": {
    "variance": 0.00768724174038993,
    "error": 8.767691680476641e-5,
    "mean": 0.7217633044637696
  },
  "sqr_energy": {
    "variance": 0.011751504164523655,
    "error": 0.00010840435491493714,
    "mean": 2.3376491404354582
  }
}
