{
  "energy": {
    "variance": 0.0019186678573573713,
    "error": 4.380260103415517e-5,
    "mean": -1.4449760025430374
  },
  "spin_stiffness": {
    "variance": 0.034723652936802955,
    "error": 0.00018634283709550778,
    "mean": 0.6381103686437555
  },
  "sqr_energy": {
    "variance": 0.015932945640163124,
    "error": 0.00012622577248788428,
    "mean": 2.0898743138639455
  }
}
