{
  "energy": {
    "variance": 0.00032319112795446816,
    "error": 1.797751729117422e-5,
    "mean": -0.7607230080832569
  },
  "spin_stiffness": {
    "variance": 0.03685762926397389,
    "error": 0.00019198340882475726,
    "mean": 0.7074688586913629
  },
  "sqr_energy": {
    "variance": 0.0007453421532578992,
    "error": 2.730095517116387e-5,
    "mean": 0.5790226858320024
  }
}
