{
  "energy": {
    "variance": 0.0002483277059193053,
    "error": 1.5758416986464893e-5,
    "mean": -0.7860761774594532
  },
  "spin_stiffness": {
    "variance": 0.0029754924545101493,
    "error": 5.4548074709472096e-5,
    "mean": 0.7566798582414775
  },
  "sqr_energy": {
    "variance": 0.0006118095788134874,
    "error": 2.473478479416159e-5,
    "mean": 0.6181640842268575
  }
}
