{
  "energy": {
    "variance": 0.003919388925498707,
    "error": 6.260502316506805e-5,
    "mean": -1.2693209716051972
  },
  "spin_stiffness": {
    "variance": 0.2946591510556648,
    "error": 0.0005428251569848848,
    "mean": 0.34574783017458816
  },
  "sqr_energy": {
    "variance": 0.025070441727652527,
    "error": 0.00015833648261740732,
    "mean": 1.6150951139628718
  }
}
