{
  "energy": {
    "variance": 0.0003521706059419654,
    "error": 1.8766209152142724e-5,
    "mean": -1.7373616509906407
  },
  "spin_stiffness": {
    "variance": 0.00029989066502529886,
    "error": 1.7317351559210746e-5,
    "mean": 0.8610790995845746
  },
  "sqr_energy": {
    "variance": 0.004245695165428794,
    "error": 6.515899911316006e-5,
    "mean": 3.018777676586696
  }
}
