{
  "energy": {
    "variance": 3.8083027528985454e-5,
    "error": 6.171144750286243e-6,
    "mean": -0.9128136019794563
  },
  "spin_stiffness": {
    "variance": 8.270543999892354e-5,
    "error": 9.09425313035235e-6,
    "mean": 0.9097312812942119
  },
  "sqr_energy": {
    "variance": 0.00012680687954053343,
    "error": 1.1260856074940902e-5,
    "mean": 0.8332667549481552
  }
}
