{
  "energy": {
    "variance": 9.178890774679862e-5,
    "error": 9.580652782916131e-6,
    "mean": -0.8651651204973048
  },
  "spin_stiffness": {
    "variance": 0.00032804278207271677,
    "error": 1.8111951360157655e-5,
    "mean": 0.8570069794433091
  },
  "sqr_energy": {
    "variance": 0.000274404563146117,
    "error": 1.656516112647616e-5,
    "mean": 0.7486024745410736
  }
}
