{
  "energy": {
    "variance": 0.0007274256633137817,
    "error": 2.6970829859568315e-5,
    "mean": -0.6736516637776433
  },
  "spin_stiffness": {
    "variance": 0.24549399335663882,
    "error": 0.0004954735041923421,
    "mean": 0.4839145409058435
  },
  "sqr_energy": {
    "variance": 0.0013086054872121391,
    "error": 3.617465255136723e-5,
    "mean": 0.4545339890462752
  }
}
