{
  "energy": {
    "variance": 0.002935006703386594,
    "error": 5.417570214945621e-5,
    "mean": -1.350003129978682
  },
  "spin_stiffness": {
    "variance": 0.14621122767291764,
    "error": 0.00038237576763298903,
    "mean": 0.49488196632965814
  },
  "sqr_energy": {
    "variance": 0.02122767312956674,
    "error": 0.00014569719671142178,
    "mean": 1.8254434547206182
  }
}
