{
  "energy": {
    "variance": 0.0005593533130942676,
    "error": 2.3650651430653397e-5,
    "mean": -0.7041039485057825
  },
  "spin_stiffness": {
    "variance": 0.03993842600411621,
    "error": 0.00019984600572469846,
    "mean": 0.6001420064287016
  },
  "sqr_energy": {
    "variance": 0.0011024067159078324,
    "error": 3.320251068681151e-5,
    "mean": 0.49632172305517447
  }
}
