{
  "energy": {
    "variance": 0.003398606452783853,
    "error": 5.8297568154974125e-5,
    "mean": -1.3124617466992052
  },
  "spin_stiffness": {
    "variance": 0.240127579931528,
    "error": 0.0004900281419791398,
    "mean": 0.4204161889014532
  },
  "sqr_energy": {
    "variance": 0.023207082429077656,
    "error": 0.00015233870955564004,
    "mean": 1.7259544396029058
  }
}
