{
  "energy": {
    "variance": 0.0012582517114237434,
    "error": 3.5471843924777066e-5,
    "mean": -1.5308926015746502
  },
  "spin_stiffness": {
    "variance": 0.007398641432840738,
    "error": 8.60153557967456e-5,
    "mean": 0.7233680392982947
  },
  "sqr_energy": {
    "variance": 0.01174922333551396,
    "error": 0.00010839383439805956,
    "mean": 2.3448904080091726
  }
}
