{
  "energy": {
    "variance": 0.0004450900101296287,
    "error": 2.1097156446536313e-5,
    "mean": -1.7057408550093076
  },
  "spin_stiffness": {
    "variance": 0.0004548459527406567,
    "error": 2.1327117778562034e-5,
    "mean": 0.842866530106087
  },
  "sqr_energy": {
    "variance": 0.005170750917394094,
    "error": 7.190793361927523e-5,
    "mean": 2.909996954012923
  }
}
