{
  "energy": {
    "variance": 0.000275811174415326,
    "error": 1.660756377122563e-5,
    "mean": -0.7763973246179009
  },
  "spin_stiffness": {
    "variance": 0.0049483000602713436,
    "error": 7.034415441436015e-5,
    "mean": 0.7407134526362762
  },
  "sqr_energy": {
    "variance": 0.0006627201270450232,
    "error": 2.574335112305745e-5,
    "mean": 0.6030686165724384
  }
}
