{
  "energy": {
    "variance": 0.002092297502569796,
    "error": 4.57416386082724e-5,
    "mean": -1.4250478453837836
  },
  "spin_stiffness": {
    "variance": 0.04923302785346742,
    "error": 0.0002218851681691848,
    "mean": 0.613611391982828
  },
  "sqr_energy": {
    "variance": 0.016892435621946,
    "error": 0.00012997090298195977,
    "mean": 2.0328536570432365
  }
}
