{
  "energy": {
    "variance": 0.0004815600072668743,
    "error": 2.1944475552331487e-5,
    "mean": -0.6858602095667948
  },
  "spin_stiffness": {
    "variance": 0.2253925376941817,
    "error": 0.0004747552397753833,
    "mean": 0.504322904511764
  },
  "sqr_energy": {
    "variance": 0.0009024221886450013,
    "error": 3.004034268521252e-5,
    "mean": 0.4708857865927144
  }
}
