{
  "energy": {
    "variance": 0.0017995647476701205,
    "error": 4.242127706316867e-5,
    "mean": -1.38152786826619
  },
  "spin_stiffness": {
    "variance": 0.08706729420248173,
    "error": 0.00029507167638131884,
    "mean": 0.5425556205479249
  },
  "sqr_energy": {
    "variance": 0.013662707537584801,
    "error": 0.00011688758504471208,
    "mean": 1.9104188137442288
  }
}
