{
  "energy": {
    "variance": 0.00030699980602102045,
    "error": 1.7521409932451794e-5,
    "mean": -0.7326575663465948
  },
  "spin_stiffness": {
    "variance": 0.019203126622814825,
    "error": 0.00013857534637450785,
    "mean": 0.6587463585078609
  },
  "sqr_energy": {
    "variance": 0.0006573004795787401,
    "error": 2.563787197835928e-5,
    "mean": 0.5370941090239363
  }
}
