{
  "energy": {
    "variance": 0.0012479008142897271,
    "error": 3.532563961614463e-5,
    "mean": -1.4585930045343982
  },
  "spin_stiffness": {
    "variance": 0.026717961043120634,
    "error": 0.00016345629704334012,
    "mean": 0.6509540049069077
  },
  "sqr_energy": {
    "variance": 0.010577664690342279,
    "error": 0.00010284777435774816,
    "mean": 2.1287414524430726
  }
}
