{
  "energy": {
    "variance": 0.0007567557300012335,
    "error": 2.7509193554178094e-5,
    "mean": -0.6158240023279672
  },
  "spin_stiffness": {
    "variance": 0.3105299075210102,
    "error": 0.0005572521040974276,
    "mean": 0.2720848341964159
  },
  "sqr_energy": {
    "variance": 0.001146800094972099,
    "error": 3.386443702428994e-5,
    "mean": 0.3799959568164815
  }
}
