{
  "energy": {
    "variance": 0.0005039278057146524,
    "error": 2.244833636852968e-5,
    "mean": -0.6797058877694852
  },
  "spin_stiffness": {
    "variance": 0.16320427094803752,
    "error": 0.0004039854835857812,
    "mean": 0.4835664393867506
  },
  "sqr_energy": {
    "variance": 0.0009272116816190167,
    "error": 3.0450150765127858e-5,
    "mean": 0.46250402117029066
  }
}
