{
  "energy": {
    "variance": 0.0006443280120686541,
    "error": 2.5383617001299364e-5,
    "mean": -0.6511948702793373
  },
  "spin_stiffness": {
    "variance": 0.36094000594666237,
    "error": 0.0006007828276063343,
    "mean": 0.35360957306618873
  },
  "sqr_energy": {
    "variance": 0.001086532398480914,
    "error": 3.2962590894541556e-5,
    "mean": 0.42469908644586357
  }
}
