{
  "energy": {
    "variance": 0.002265231419857155,
    "error": 4.759444736371203e-5,
    "mean": -1.3293171825044108
  },
  "spin_stiffness": {
    "variance": 0.20286190364589693,
    "error": 0.00045040193565958053,
    "mean": 0.43726662836362135
  },
  "sqr_energy": {
    "variance": 0.015909936773166704,
    "error": 0.0001261345978436,
    "mean": 1.769349400856091
  }
}
