{
  "energy": {
    "variance": 0.0016369218019273767,
    "error": 4.0458890270586714e-5,
    "mean": -1.4010957547734528
  },
  "spin_stiffness": {
    "variance": 0.06255653374637515,
    "error": 0.0002501130419357918,
    "mean": 0.5753681048285391
  },
  "sqr_energy": {
    "variance": 0.012790577700814938,
    "error": 0.00011309543625104835,
    "mean": 1.9647062342091968
  }
}
