{
  "energy": {
    "variance": 0.00020365975020434686,
    "error": 1.427094076101316e-5,
    "mean": -0.7725727846460186
  },
  "spin_stiffness": {
    "variance": 0.0037103703354351494,
    "error": 6.0912809288647566e-5,
    "mean": 0.7370555542334079
  },
  "sqr_energy": {
    "variance": 0.0004852342966509399,
    "error": 2.2028034334704943e-5,
    "mean": 0.5970723671222483
  }
}
