{
  "energy": {
    "variance": 0.0014692857590061549,
    "error": 3.8331263467385925e-5,
    "mean": -1.4234881026280701
  },
  "spin_stiffness": {
    "variance": 0.04245485522502608,
    "error": 0.00020604576002681074,
    "mean": 0.6074998113172789
  },
  "sqr_energy": {
    "variance": 0.011855675843176186,
    "error": 0.00010888377217554591,
    "mean": 2.0277876626133833
  }
}
