{
  "energy": {
    "variance": 0.0001967610122823282,
    "error": 1.4027152679083812e-5,
    "mean": -0.7760490762796546
  },
  "spin_stiffness": {
    "variance": 0.0032308440455390405,
    "error": 5.6840514120995076e-5,
    "mean": 0.7428132438178615
  },
  "sqr_energy": {
    "variance": 0.0004730863427133058,
    "error": 2.1750548101445764e-5,
    "mean": 0.6024489296100265
  }
}
