{
  "energy": {
    "variance": 0.00048289705073527165,
    "error": 2.197491867414466e-5,
    "mean": -0.6877697020303484
  },
  "spin_stiffness": {
    "variance": 0.10915079941527914,
    "error": 0.0003303797805787744,
    "mean": 0.5170161934821852
  },
  "sqr_energy": {
    "variance": 0.000909449771834478,
    "error": 3.0157084935956227e-5,
    "mean": 0.47351005959875236
  }
}
