{
  "energy": {
    "variance": 0.00294160258220285,
    "error": 5.423654286735881e-5,
    "mean": -1.2393364435629732
  },
  "spin_stiffness": {
    "variance": 0.4267022466947429,
    "error": 0.0006532244994599812,
    "mean": 0.23974502693303115
  },
  "sqr_energy": {
    "variance": 0.01800850423582979,
    "error": 0.00013419576832310993,
    "mean": 1.5388964199839188
  }
}
