{
  "energy": {
    "variance": 0.0029013142016200005,
    "error": 5.386384874496066e-5,
    "mean": -1.2480948917106292
  },
  "spin_stiffness": {
    "variance": 0.38971941201363336,
    "error": 0.0006242751092376128,
    "mean": 0.26179936776542073
  },
  "sqr_energy": {
    "variance": 0.01800513965550329,
    "error": 0.00013418323164800916,
    "mean": 1.5606421700144726
  }
}
