{
  "energy": {
    "variance": 0.00017748558084473864,
    "error": 1.3322371442229744e-5,
    "mean": -0.7855791962515755
  },
  "spin_stiffness": {
    "variance": 0.0025667725875189317,
    "error": 5.066332586318166e-5,
    "mean": 0.7562517827702376
  },
  "sqr_energy": {
    "variance": 0.0004373562176683213,
    "error": 2.0913063325785663e-5,
    "mean": 0.6173121589866305
  }
}
