{
  "energy": {
    "variance": 0.0002871534447750268,
    "error": 1.6945602520271354e-5,
    "mean": -0.7406404965141243
  },
  "spin_stiffness": {
    "variance": 0.023875992472505585,
    "error": 0.00015451858293585787,
    "mean": 0.6693310943740903
  },
  "sqr_energy": {
    "variance": 0.0006281636706952635,
    "error": 2.5063193545421613e-5,
    "mean": 0.5488354982343101
  }
}
