{
  "energy": {
    "variance": 0.0008190865742830566,
    "error": 2.8619688577674224e-5,
    "mean": -1.5425849606766338
  },
  "spin_stiffness": {
    "variance": 0.004935474832823825,
    "error": 7.025293469189614e-5,
    "mean": 0.7331780876607075
  },
  "sqr_energy": {
    "variance": 0.007774648993743915,
    "error": 8.817397004640266e-5,
    "mean": 2.380387446660929
  }
}
