{
  "energy": {
    "variance": 0.0007509917540193711,
    "error": 2.7404228761623106e-5,
    "mean": -0.6342326271425746
  },
  "spin_stiffness": {
    "variance": 0.993903637695964,
    "error": 0.0009969471589286788,
    "mean": 0.19846059810435193
  },
  "sqr_energy": {
    "variance": 0.00120302889123851,
    "error": 3.468470687837091e-5,
    "mean": 0.40300201633519966
  }
}
