{
  "energy": {
    "variance": 0.0002199164563542478,
    "error": 1.4829580451052815e-5,
    "mean": -1.7505541934150557
  },
  "spin_stiffness": {
    "variance": 0.00020006031226988986,
    "error": 1.4144267823747182e-5,
    "mean": 0.8685870488192471
  },
  "sqr_energy": {
    "variance": 0.002692899841863306,
    "error": 5.1893157948455075e-5,
    "mean": 3.0646599003194748
  }
}
