{
  "energy": {
    "variance": 0.0012646475118857714,
    "error": 3.5561882850683984e-5,
    "mean": -1.454923769195525
  },
  "spin_stiffness": {
    "variance": 0.024253916158629374,
    "error": 0.00015573668854393103,
    "mean": 0.648267545088756
  },
  "sqr_energy": {
    "variance": 0.010665857698315625,
    "error": 0.00010327563942341691,
    "mean": 2.1180678204173518
  }
}
