{
  "energy": {
    "variance": 0.0030929108831425607,
    "error": 5.56139450420716e-5,
    "mean": -1.213434823554161
  },
  "spin_stiffness": {
    "variance": 0.47440970746501976,
    "error": 0.000688774061260309,
    "mean": 0.1893798133112328
  },
  "sqr_energy": {
    "variance": 0.018177249014788645,
    "error": 0.0001348230285032518,
    "mean": 1.4755169788041491
  }
}
