{
  "energy": {
    "variance": 0.0014502094560650991,
    "error": 3.808161572287997e-5,
    "mean": -1.427702701625073
  },
  "spin_stiffness": {
    "variance": 0.046521599168631175,
    "error": 0.00021568866258714475,
    "mean": 0.611607167922791
  },
  "sqr_energy": {
    "variance": 0.011771076763462996,
    "error": 0.00010849459324529953,
    "mean": 2.039785212233387
  }
}
