{
  "energy": {
    "variance": 0.0008114859192632498,
    "error": 2.848659192081864e-5,
    "mean": -0.5845352747239776
  },
  "spin_stiffness": {
    "variance": 0.46413959620468037,
    "error": 0.0006812779140737504,
    "mean": 0.1268683500794949
  },
  "sqr_energy": {
    "variance": 0.0011119646407807943,
    "error": 3.334613382059147e-5,
    "mean": 0.34249297250441324
  }
}
