{
  "energy": {
    "variance": 0.0006905701884490725,
    "error": 2.627870218349971e-5,
    "mean": -0.6464577094477973
  },
  "spin_stiffness": {
    "variance": 0.5872977306827294,
    "error": 0.0007663535285250075,
    "mean": 0.29157020150768537
  },
  "sqr_energy": {
    "variance": 0.0011459517903177532,
    "error": 3.385190969971639e-5,
    "mean": 0.4185981396023716
  }
}
