{
  "energy": {
    "variance": 0.0005696292061310893,
    "error": 2.386690608627539e-5,
    "mean": -1.6092749920829346
  },
  "spin_stiffness": {
    "variance": 0.0016091911964219382,
    "error": 4.011472543121713e-5,
    "mean": 0.7824488918073297
  },
  "sqr_energy": {
    "variance": 0.005889723868289264,
    "error": 7.674453640676491e-5,
    "mean": 2.5903356287800308
  }
}
