{
  "energy": {
    "variance": 0.0006187951823115429,
    "error": 2.4875594109720135e-5,
    "mean": -0.6609630328408163
  },
  "spin_stiffness": {
    "variance": 0.613204956731707,
    "error": 0.0007830740429433905,
    "mean": 0.374607807301776
  },
  "sqr_energy": {
    "variance": 0.001073040495153764,
    "error": 3.275729682305553e-5,
    "mean": 0.43749092534564626
  }
}
