{
  "energy": {
    "variance": 0.0015270317798799964,
    "error": 3.90772539961548e-5,
    "mean": -1.4145384874862457
  },
  "spin_stiffness": {
    "variance": 0.060517504951449363,
    "error": 0.00024600305882539216,
    "mean": 0.5922554144800509
  },
  "sqr_energy": {
    "variance": 0.012169293882258339,
    "error": 0.00011031452253560425,
    "mean": 2.0024461628327233
  }
}
