{
  "energy": {
    "variance": 0.0007836697706704278,
    "error": 2.799410242659028e-5,
    "mean": -0.5386283911324914
  },
  "spin_stiffness": {
    "variance": 0.6006940342383054,
    "error": 0.0007750445369385591,
    "mean": -0.006785172735807421
  },
  "sqr_energy": {
    "variance": 0.0009143084293480869,
    "error": 3.0237533453443035e-5,
    "mean": 0.29090421272097666
  }
}
