{
  "energy": {
    "variance": 0.0009969421400603837,
    "error": 3.1574390573063854e-5,
    "mean": -1.50359923063524
  },
  "spin_stiffness": {
    "variance": 0.009732056107575424,
    "error": 9.865118401507111e-5,
    "mean": 0.6992990733331786
  },
  "sqr_energy": {
    "variance": 0.008988312388172307,
    "error": 9.480671067056543e-5,
    "mean": 2.261807587510004
  }
}
