{
  "energy": {
    "variance": 0.00022434516943289088,
    "error": 1.4978156409681764e-5,
    "mean": -0.7639914347131008
  },
  "spin_stiffness": {
    "variance": 0.006147025457460672,
    "error": 7.840296842250726e-5,
    "mean": 0.7216416775536706
  },
  "sqr_energy": {
    "variance": 0.000522573197961875,
    "error": 2.2859859972490537e-5,
    "mean": 0.58390725726007
  }
}
