{
  "energy": {
    "variance": 0.0002781521708526591,
    "error": 1.6677894676866714e-5,
    "mean": -0.7424664889592725
  },
  "spin_stiffness": {
    "variance": 0.013310561061527653,
    "error": 0.00011537140486935076,
    "mean": 0.6791923890465686
  },
  "sqr_energy": {
    "variance": 0.0006116579738758713,
    "error": 2.473171999428813e-5,
    "mean": 0.5515346391202101
  }
}
