{
  "energy": {
    "variance": 0.00027174934437338664,
    "error": 1.6484821636080465e-5,
    "mean": -0.7441459742165836
  },
  "spin_stiffness": {
    "variance": 0.010532045706447737,
    "error": 0.00010262575557065456,
    "mean": 0.6858166277826115
  },
  "sqr_energy": {
    "variance": 0.000600296403280245,
    "error": 2.4500946987417546e-5,
    "mean": 0.5540249800153724
  }
}
