{
  "energy": {
    "variance": 0.0010442857472081617,
    "error": 3.231541036731797e-5,
    "mean": -1.4944942701144381
  },
  "spin_stiffness": {
    "variance": 0.013920165015917037,
    "error": 0.00011798374894839135,
    "mean": 0.6895319975952897
  },
  "sqr_energy": {
    "variance": 0.00929847831765847,
    "error": 9.642861773176296e-5,
    "mean": 2.2345574081078103
  }
}
