{
  "energy": {
    "variance": 0.0007010890643708652,
    "error": 2.647808649375678e-5,
    "mean": -0.45273125881585835
  },
  "spin_stiffness": {
    "variance": 0.4160306078807854,
    "error": 0.0006450043471797576,
    "mean": 0.0018750605007836084
  },
  "sqr_energy": {
    "variance": 0.0005761001918269815,
    "error": 2.4002087238966978e-5,
    "mean": 0.20566668107227354
  }
}
