{
  "energy": {
    "variance": 0.0019365026385964699,
    "error": 4.4005711431545676e-5,
    "mean": -1.3650443893514084
  },
  "spin_stiffness": {
    "variance": 0.12718731220503735,
    "error": 0.00035663330215367906,
    "mean": 0.5090430693236362
  },
  "sqr_energy": {
    "variance": 0.01434827692844289,
    "error": 0.00011978429332947993,
    "mean": 1.8652826856018534
  }
}
