{
  "energy": {
    "variance": 0.00019511656534454725,
    "error": 1.396841312907616e-5,
    "mean": -0.7770670277556073
  },
  "spin_stiffness": {
    "variance": 0.0033432785971518743,
    "error": 5.782109128295552e-5,
    "mean": 0.743812617255182
  },
  "sqr_energy": {
    "variance": 0.0004703577620991931,
    "error": 2.1687732986626176e-5,
    "mean": 0.6040282819951617
  }
}
