{
  "energy": {
    "variance": 0.0007879938316852096,
    "error": 2.8071227826463335e-5,
    "mean": -1.54941845222115
  },
  "spin_stiffness": {
    "variance": 0.004261642376391076,
    "error": 6.528125593454125e-5,
    "mean": 0.738788538109717
  },
  "sqr_energy": {
    "variance": 0.007547052887467214,
    "error": 8.687377560269389e-5,
    "mean": 2.401485533127076
  }
}
