{
  "energy": {
    "variance": 0.00029178348034105734,
    "error": 1.7081670888442305e-5,
    "mean": -1.714086136197729
  },
  "spin_stiffness": {
    "variance": 0.0003408132898991876,
    "error": 1.846112916100171e-5,
    "mean": 0.8476356492577575
  },
  "sqr_energy": {
    "variance": 0.0034252684129336287,
    "error": 5.852579271512372e-5,
    "mean": 2.9383830654938166
  }
}
