{
  "energy": {
    "variance": 0.003106973632427864,
    "error": 5.57402335160866e-5,
    "mean": -1.2036544101314288
  },
  "spin_stiffness": {
    "variance": 0.4969987578697065,
    "error": 0.0007049813883144054,
    "mean": 0.1696247617765309
  },
  "sqr_energy": {
    "variance": 0.017987775827012418,
    "error": 0.0001341185141097694,
    "mean": 1.451890909554292
  }
}
