{
  "energy": {
    "variance": 0.001113823043836606,
    "error": 3.337398753275679e-5,
    "mean": -1.4824085012033121
  },
  "spin_stiffness": {
    "variance": 0.014364535875525797,
    "error": 0.00011985214172273185,
    "mean": 0.6782060580999801
  },
  "sqr_energy": {
    "variance": 0.009757558577349643,
    "error": 9.878035521979886e-5,
    "mean": 2.198648786369864
  }
}
