{
  "energy": {
    "variance": 0.00035385473591845054,
    "error": 1.8811026976708383e-5,
    "mean": -1.6863942271836962
  },
  "spin_stiffness": {
    "variance": 0.0005033429498752178,
    "error": 2.243530587879777e-5,
    "mean": 0.8313635619086223
  },
  "sqr_energy": {
    "variance": 0.004020199866366441,
    "error": 6.340504606390915e-5,
    "mean": 2.8442793438605607
  }
}
