{
  "energy": {
    "variance": 0.000737515006638526,
    "error": 2.7157227521205585e-5,
    "mean": -1.5626699576782068
  },
  "spin_stiffness": {
    "variance": 0.0035659424124148183,
    "error": 5.971551232648698e-5,
    "mean": 0.7490336522626874
  },
  "sqr_energy": {
    "variance": 0.007186256571377563,
    "error": 8.477179112993639e-5,
    "mean": 2.4426749108991315
  }
}
