{
  "energy": {
    "variance": 0.0011258828069389921,
    "error": 3.355417719061208e-5,
    "mean": -1.479042051845199
  },
  "spin_stiffness": {
    "variance": 0.017635486402291223,
    "error": 0.0001327986686766521,
    "mean": 0.6738589114319941
  },
  "sqr_energy": {
    "variance": 0.009817673533629032,
    "error": 9.908417398166587e-5,
    "mean": 2.1886912728075125
  }
}
