{
  "energy": {
    "variance": 0.00025876964461806444,
    "error": 1.6086318553916072e-5,
    "mean": -1.7298811929238118
  },
  "spin_stiffness": {
    "variance": 0.0002716887543174389,
    "error": 1.6482983780779465e-5,
    "mean": 0.856773025989536
  },
  "sqr_energy": {
    "variance": 0.003094045081618969,
    "error": 5.562414117646195e-5,
    "mean": 2.9927477110173593
  }
}
