{
  "energy": {
    "variance": 0.000930701363158232,
    "error": 3.050739849869589e-5,
    "mean": -1.5175825327237267
  },
  "spin_stiffness": {
    "variance": 0.007404132055894019,
    "error": 8.604726640570297e-5,
    "mean": 0.7124779449081285
  },
  "sqr_energy": {
    "variance": 0.008548856189043634,
    "error": 9.246002481636933e-5,
    "mean": 2.303987444060619
  }
}
