{
  "energy": {
    "variance": 0.0002109001842287466,
    "error": 1.4522402839363278e-5,
    "mean": -0.7702155785659971
  },
  "spin_stiffness": {
    "variance": 0.004689159914578519,
    "error": 6.84774409172723e-5,
    "mean": 0.7324742367086154
  },
  "sqr_energy": {
    "variance": 0.0004992840153104796,
    "error": 2.2344664135101238e-5,
    "mean": 0.5934429374390822
  }
}
