{
  "energy": {
    "variance": 0.0012818453943983523,
    "error": 3.580286852192646e-5,
    "mean": -1.4513407828829912
  },
  "spin_stiffness": {
    "variance": 0.025255285067192667,
    "error": 0.00015891911485781902,
    "mean": 0.6437541185660796
  },
  "sqr_energy": {
    "variance": 0.010760365227895195,
    "error": 0.0001037321802908586,
    "mean": 2.1076719121719663
  }
}
