{
  "energy": {
    "variance": 0.0007530690694126159,
    "error": 2.7442103953826425e-5,
    "mean": -1.558309459471598
  },
  "spin_stiffness": {
    "variance": 0.0037750515056539733,
    "error": 6.14414477828605e-5,
    "mean": 0.7456549586407752
  },
  "sqr_energy": {
    "variance": 0.00729679290240105,
    "error": 8.542126727227271e-5,
    "mean": 2.429081439795008
  }
}
