{
  "energy": {
    "variance": 0.00037658119938177267,
    "error": 1.9405700177570835e-5,
    "mean": -0.7097094905933229
  },
  "spin_stiffness": {
    "variance": 0.031632603376569576,
    "error": 0.00017785556886577822,
    "mean": 0.6086852134464984
  },
  "sqr_energy": {
    "variance": 0.0007559211417739174,
    "error": 2.749402010936046e-5,
    "mean": 0.5040641418610345
  }
}
