{
  "energy": {
    "variance": 0.0015646678905014764,
    "error": 3.955588313388384e-5,
    "mean": -1.4102473303736607
  },
  "spin_stiffness": {
    "variance": 0.057436299645239094,
    "error": 0.00023965871493696845,
    "mean": 0.5873174892104625
  },
  "sqr_energy": {
    "variance": 0.012389518441549525,
    "error": 0.00011130821372005538,
    "mean": 1.9903621991518703
  }
}
