{
  "energy": {
    "variance": 0.0007815000391427183,
    "error": 2.7955322197082944e-5,
    "mean": -1.551860611568255
  },
  "spin_stiffness": {
    "variance": 0.004501083212953298,
    "error": 6.70901126318424e-5,
    "mean": 0.7403061443710183
  },
  "sqr_energy": {
    "variance": 0.007510083476507089,
    "error": 8.666073780269291e-5,
    "mean": 2.409052856994641
  }
}
