{
  "energy": {
    "variance": 0.0005469806548794706,
    "error": 2.3387617554583678e-5,
    "mean": -0.671373120352189
  },
  "spin_stiffness": {
    "variance": 0.16564452286883583,
    "error": 0.00040699449980169985,
    "mean": 0.4800855208902682
  },
  "sqr_energy": {
    "variance": 0.0009819085655311797,
    "error": 3.133542030244975e-5,
    "mean": 0.4512888468393335
  }
}
