{
  "energy": {
    "variance": 0.0004764042388273991,
    "error": 2.1826686391374183e-5,
    "mean": -1.6390992492996888
  },
  "spin_stiffness": {
    "variance": 0.001001096599205141,
    "error": 3.1640110606714714e-5,
    "mean": 0.8021726350585363
  },
  "sqr_energy": {
    "variance": 0.00511129844222797,
    "error": 7.149334544017346e-5,
    "mean": 2.687122752817227
  }
}
