{
  "energy": {
    "variance": 0.0006113761632725968,
    "error": 2.4726021986413358e-5,
    "mean": -0.6588551526825638
  },
  "spin_stiffness": {
    "variance": 0.5628690740625385,
    "error": 0.0007502460090280644,
    "mean": 0.371420642637497
  },
  "sqr_energy": {
    "variance": 0.0010530540584569048,
    "error": 3.245079441950389e-5,
    "mean": 0.43470148776826095
  }
}
