{
  "energy": {
    "variance": 0.0009026419744923545,
    "error": 3.004400064059969e-5,
    "mean": -1.5226914793287631
  },
  "spin_stiffness": {
    "variance": 0.007607010886833324,
    "error": 8.721817979546079e-5,
    "mean": 0.7158892821685744
  },
  "sqr_energy": {
    "variance": 0.008348099942984112,
    "error": 9.136793717154892e-5,
    "mean": 2.3194919822922686
  }
}
