{
  "energy": {
    "variance": 0.0008625085295613749,
    "error": 2.93684955277143e-5,
    "mean": -1.5327358551215902
  },
  "spin_stiffness": {
    "variance": 0.006146195386083087,
    "error": 7.839767462165627e-5,
    "mean": 0.7249287525921494
  },
  "sqr_energy": {
    "variance": 0.00808365515556068,
    "error": 8.99091494541055e-5,
    "mean": 2.3501417092423655
  }
}
