{
  "energy": {
    "variance": 0.0002266748517600673,
    "error": 1.5055724883248474e-5,
    "mean": -0.7627429405020602
  },
  "spin_stiffness": {
    "variance": 0.006084940696175383,
    "error": 7.800602987061565e-5,
    "mean": 0.7197023305792128
  },
  "sqr_energy": {
    "variance": 0.0005262847570977154,
    "error": 2.294089704213232e-5,
    "mean": 0.5820034679108145
  }
}
