{
  "energy": {
    "variance": 0.003033306313114103,
    "error": 5.5075460171605496e-5,
    "mean": -1.222789646908929
  },
  "spin_stiffness": {
    "variance": 0.44751647855391113,
    "error": 0.0006689667245490699,
    "mean": 0.20922550557135078
  },
  "sqr_energy": {
    "variance": 0.018097602151724897,
    "error": 0.0001345273286426401,
    "mean": 1.4982478238674717
  }
}
