{
  "energy": {
    "variance": 0.0013924404536735323,
    "error": 3.731541844430439e-5,
    "mean": -1.4357401289577683
  },
  "spin_stiffness": {
    "variance": 0.03600426855394523,
    "error": 0.00018974790790400096,
    "mean": 0.6234405340893097
  },
  "sqr_energy": {
    "variance": 0.011430987988316722,
    "error": 0.0001069157985908384,
    "mean": 2.0627421569609017
  }
}
