{
  "energy": {
    "variance": 0.0003054860858522117,
    "error": 1.7478160253648314e-5,
    "mean": -0.7340236525671965
  },
  "spin_stiffness": {
    "variance": 0.025310974993452622,
    "error": 0.00015909423306158092,
    "mean": 0.6555060541756002
  },
  "sqr_energy": {
    "variance": 0.0006567313830355776,
    "error": 2.562677082731216e-5,
    "mean": 0.5390962083084546
  }
}
