{
  "energy": {
    "variance": 0.00025318269512136966,
    "error": 1.591171565612488e-5,
    "mean": -0.7518415717381545
  },
  "spin_stiffness": {
    "variance": 0.009047614385041695,
    "error": 9.511894861194426e-5,
    "mean": 0.6994826239873433
  },
  "sqr_energy": {
    "variance": 0.0005709251312447879,
    "error": 2.389403965939598e-5,
    "mean": 0.5655189314356373
  }
}
