{
  "energy": {
    "variance": 0.0008131413930631904,
    "error": 2.8515634186585968e-5,
    "mean": -0.6004809736846588
  },
  "spin_stiffness": {
    "variance": 0.4112715699281531,
    "error": 0.0006413045843654582,
    "mean": 0.20168281243892805
  },
  "sqr_energy": {
    "variance": 0.0011710608128790252,
    "error": 3.4220765813742764e-5,
    "mean": 0.36139054033719764
  }
}
