{
  "energy": {
    "variance": 0.00022950480276963,
    "error": 1.5149415921732099e-5,
    "mean": -0.7614390508095221
  },
  "spin_stiffness": {
    "variance": 0.006828940944956754,
    "error": 8.263740645105432e-5,
    "mean": 0.716510874784066
  },
  "sqr_energy": {
    "variance": 0.0005310648557329999,
    "error": 2.3044844450180173e-5,
    "mean": 0.5800189326709709
  }
}
