{
  "energy": {
    "variance": 0.0007247666100490937,
    "error": 2.6921489744237665e-5,
    "mean": -0.6318212135552397
  },
  "spin_stiffness": {
    "variance": 0.45301485175219697,
    "error": 0.0006730637798546264,
    "mean": 0.28752850140122665
  },
  "sqr_energy": {
    "variance": 0.0011539207790382223,
    "error": 3.396940945966271e-5,
    "mean": 0.3999228117836983
  }
}
