{
  "energy": {
    "variance": 0.00021797418753125518,
    "error": 1.4763948913866343e-5,
    "mean": -0.7664914533864025
  },
  "spin_stiffness": {
    "variance": 0.005820929302832482,
    "error": 7.629501492779513e-5,
    "mean": 0.7255250820136557
  },
  "sqr_energy": {
    "variance": 0.0005111303714812001,
    "error": 2.260819257440099e-5,
    "mean": 0.5877271220839568
  }
}
