{
  "energy": {
    "variance": 0.0010727505251310672,
    "error": 3.2752870486891175e-5,
    "mean": -1.4885275613444848
  },
  "spin_stiffness": {
    "variance": 0.01399407842531947,
    "error": 0.0001182965697952374,
    "mean": 0.68363820727412
  },
  "sqr_energy": {
    "variance": 0.009473736494932114,
    "error": 9.733312126368965e-5,
    "mean": 2.2167870503345393
  }
}
