{
  "energy": {
    "variance": 0.00021290372260891115,
    "error": 1.4591220737447267e-5,
    "mean": -0.7689831287467856
  },
  "spin_stiffness": {
    "variance": 0.004627106672951841,
    "error": 6.802283934791197e-5,
    "mean": 0.730384646091939
  },
  "sqr_energy": {
    "variance": 0.0005024190546918497,
    "error": 2.241470621471202e-5,
    "mean": 0.5915479558069006
  }
}
