{
  "energy": {
    "variance": 0.0029126096691651842,
    "error": 5.396859891793731e-5,
    "mean": -0.9914346192343365
  },
  "spin_stiffness": {
    "variance": 0.4919813207533616,
    "error": 0.0007014138013707469,
    "mean": 0.0037537858352497296
  },
  "sqr_energy": {
    "variance": 0.01148787280170805,
    "error": 0.00010718149467938974,
    "mean": 0.9858552109728895
  }
}
