{
  "energy": {
    "variance": 0.0008362799832664204,
    "error": 2.8918505896163106e-5,
    "mean": -1.537738811745518
  },
  "spin_stiffness": {
    "variance": 0.006408538931762727,
    "error": 8.005335053427012e-5,
    "mean": 0.7286335970079968
  },
  "sqr_energy": {
    "variance": 0.007889506326880466,
    "error": 8.882289303372451e-5,
    "mean": 2.365476932295504
  }
}
