{
  "energy": {
    "variance": 0.0003332697556749615,
    "error": 1.8255677354591955e-5,
    "mean": -0.7235247406636766
  },
  "spin_stiffness": {
    "variance": 0.02547650175338494,
    "error": 0.00015961360140472034,
    "mean": 0.6365785013329525
  },
  "sqr_energy": {
    "variance": 0.0006962956945253743,
    "error": 2.638741545747469e-5,
    "mean": 0.5238213197748456
  }
}
