{
  "energy": {
    "variance": 0.0002462372407019642,
    "error": 1.569194827616903e-5,
    "mean": -1.737159627953047
  },
  "spin_stiffness": {
    "variance": 0.00024678732412546057,
    "error": 1.5709466067484937e-5,
    "mean": 0.8609596920348115
  },
  "sqr_energy": {
    "variance": 0.002969132398910643,
    "error": 5.4489745814333204e-5,
    "mean": 3.0179698099844336
  }
}
