{
  "energy": {
    "variance": 0.0007720140914313344,
    "error": 2.7785141558598084e-5,
    "mean": -1.55398963641213
  },
  "spin_stiffness": {
    "variance": 0.004032246875769176,
    "error": 6.349997539975253e-5,
    "mean": 0.7423331288020001
  },
  "sqr_energy": {
    "variance": 0.0074385727661776275,
    "error": 8.624716091662164e-5,
    "mean": 2.415655803395721
  }
}
