{
  "energy": {
    "variance": 0.00019042625173962713,
    "error": 1.3799501865633669e-5,
    "mean": -0.7793025190515868
  },
  "spin_stiffness": {
    "variance": 0.003264666959050412,
    "error": 5.71372641894098e-5,
    "mean": 0.7468245394550544
  },
  "sqr_energy": {
    "variance": 0.00046171291424855536,
    "error": 2.148750600345595e-5,
    "mean": 0.607502842261462
  }
}
