{
  "energy": {
    "variance": 0.0004157124982149906,
    "error": 2.0389028868854702e-5,
    "mean": -0.7024827307188695
  },
  "spin_stiffness": {
    "variance": 0.06345893729458559,
    "error": 0.00025191057400312833,
    "mean": 0.5747635159857438
  },
  "sqr_energy": {
    "variance": 0.0008168329982369701,
    "error": 2.8580290380557196e-5,
    "mean": 0.4938976990407421
  }
}
