{
  "energy": {
    "variance": 0.00024592478132521445,
    "error": 1.568198907426014e-5,
    "mean": -0.7546916314765884
  },
  "spin_stiffness": {
    "variance": 0.01076484523847773,
    "error": 0.000103753772165053,
    "mean": 0.702342046039185
  },
  "sqr_energy": {
    "variance": 0.0005589017899567193,
    "error": 2.3641103822721968e-5,
    "mean": 0.569805383156195
  }
}
