{
  "energy": {
    "variance": 0.00018829739286126674,
    "error": 1.3722149717200536e-5,
    "mean": -0.7803985707708139
  },
  "spin_stiffness": {
    "variance": 0.003127527260779167,
    "error": 5.592429937673933e-5,
    "mean": 0.7486838984426526
  },
  "sqr_energy": {
    "variance": 0.00045782510394759844,
    "error": 2.1396847990944797e-5,
    "mean": 0.609210226465693
  }
}
