{
  "energy": {
    "variance": 0.0002553283131597447,
    "error": 1.597899599974118e-5,
    "mean": -0.7503891704196523
  },
  "spin_stiffness": {
    "variance": 0.009719666722096633,
    "error": 9.858837011583381e-5,
    "mean": 0.6964230275427259
  },
  "sqr_energy": {
    "variance": 0.0005737220344286788,
    "error": 2.395249536955761e-5,
    "mean": 0.5633392351409253
  }
}
