{
  "energy": {
    "variance": 0.0023461905701813793,
    "error": 4.843749136961347e-5,
    "mean": -1.3165100526206432
  },
  "spin_stiffness": {
    "variance": 0.22622818075793527,
    "error": 0.0004756345033299574,
    "mean": 0.4144802960665844
  },
  "sqr_energy": {
    "variance": 0.016168924712744573,
    "error": 0.00012715708675785465,
    "mean": 1.7355449068751994
  }
}
