{
  "energy": {
    "variance": 0.0026886461028394846,
    "error": 5.1852156202413455e-5,
    "mean": -0.829902085598439
  },
  "spin_stiffness": {
    "variance": 0.3424771476002094,
    "error": 0.0005852154710875384,
    "mean": 0.0011665081745770153
  },
  "sqr_energy": {
    "variance": 0.007436059547389074,
    "error": 8.623258982188274e-5,
    "mean": 0.6914261150948321
  }
}
