{
  "energy": {
    "variance": 0.0008273073854216935,
    "error": 2.8762951611781667e-5,
    "mean": -1.540159364166569
  },
  "spin_stiffness": {
    "variance": 0.006488110049576934,
    "error": 8.054880538888788e-5,
    "mean": 0.7306494700388525
  },
  "sqr_energy": {
    "variance": 0.007828226401928944,
    "error": 8.847726488725194e-5,
    "mean": 2.372918173588085
  }
}
