{
  "energy": {
    "variance": 0.0003294293739395573,
    "error": 1.8150189363738256e-5,
    "mean": -0.7254181957430481
  },
  "spin_stiffness": {
    "variance": 0.027878099154518124,
    "error": 0.0001669673595482606,
    "mean": 0.6413308143572435
  },
  "sqr_energy": {
    "variance": 0.0006916788133061352,
    "error": 2.629978732435179e-5,
    "mean": 0.5265609877596092
  }
}
