{
  "energy": {
    "variance": 2.7137188941487806e-5,
    "error": 5.20933670840039e-6,
    "mean": -0.9126903222269167
  },
  "spin_stiffness": {
    "variance": 6.25307573322327e-5,
    "error": 7.90763917564735e-6,
    "mean": 0.9097303752536589
  },
  "sqr_energy": {
    "variance": 9.036961314229098e-5,
    "error": 9.506293344005906e-6,
    "mean": 0.8330307614484774
  }
}
