{
  "energy": {
    "variance": 0.00028576809065038324,
    "error": 1.6904676591120674e-5,
    "mean": -0.7393030126681001
  },
  "spin_stiffness": {
    "variance": 0.020416301455169993,
    "error": 0.00014288562368261544,
    "mean": 0.6714607052686412
  },
  "sqr_energy": {
    "variance": 0.000623139690041256,
    "error": 2.4962766073519496e-5,
    "mean": 0.5468547123450112
  }
}
