{
  "energy": {
    "variance": 0.00032789802027586695,
    "error": 1.8107954613259525e-5,
    "mean": -0.7270594183840788
  },
  "spin_stiffness": {
    "variance": 0.0323700397082258,
    "error": 0.0001799167577193014,
    "mean": 0.6362467316689369
  },
  "sqr_energy": {
    "variance": 0.0006914225491414876,
    "error": 2.629491489131478e-5,
    "mean": 0.5289432955533729
  }
}
