{
  "energy": {
    "variance": 0.0001992930744681133,
    "error": 1.4117119906982207e-5,
    "mean": -0.7748872161331859
  },
  "spin_stiffness": {
    "variance": 0.003663782327794821,
    "error": 6.052918575195623e-5,
    "mean": 0.7404370717079343
  },
  "sqr_energy": {
    "variance": 0.0004776571070675039,
    "error": 2.185536792340737e-5,
    "mean": 0.6006494906018139
  }
}
