{
  "energy": {
    "variance": 0.0010986385987130918,
    "error": 3.31457176527088e-5,
    "mean": -1.4853638696952314
  },
  "spin_stiffness": {
    "variance": 0.014540413150559555,
    "error": 0.0001205836355006746,
    "mean": 0.6808951030420999
  },
  "sqr_energy": {
    "variance": 0.009663366544862254,
    "error": 9.830242390125613e-5,
    "mean": 2.207404462896066
  }
}
