{
  "energy": {
    "variance": 0.0013610838167579108,
    "error": 3.6892869456819304e-5,
    "mean": -1.4396214110172791
  },
  "spin_stiffness": {
    "variance": 0.03177439771127736,
    "error": 0.00017825374529382924,
    "mean": 0.629211448115113
  },
  "sqr_energy": {
    "variance": 0.011235524481468218,
    "error": 0.00010599775696432551,
    "mean": 2.0738708895150557
  }
}
