{
  "energy": {
    "variance": 0.0030700973903730455,
    "error": 5.540845955603752e-5,
    "mean": -1.0776600962362173
  },
  "spin_stiffness": {
    "variance": 0.5470484545102894,
    "error": 0.0007396272402435495,
    "mean": 0.031570197791435904
  },
  "sqr_energy": {
    "variance": 0.014305912342609512,
    "error": 0.00011960732562267879,
    "mean": 1.1644213773401288
  }
}
