{
  "energy": {
    "variance": 0.0007991059681735769,
    "error": 2.8268462430305207e-5,
    "mean": -1.5473387979055895
  },
  "spin_stiffness": {
    "variance": 0.004389165357890455,
    "error": 6.625077628141768e-5,
    "mean": 0.7371632554990254
  },
  "sqr_energy": {
    "variance": 0.007633497337876076,
    "error": 8.736988805003743e-5,
    "mean": 2.395056460672982
  }
}
