{
  "energy": {
    "variance": 0.0005477482369731702,
    "error": 2.3404021811927327e-5,
    "mean": -0.6662028549653088
  },
  "spin_stiffness": {
    "variance": 0.1816086733863109,
    "error": 0.00042615569148646943,
    "mean": 0.45463592843485495
  },
  "sqr_energy": {
    "variance": 0.0009666823687701388,
    "error": 3.1091516025599954e-5,
    "mean": 0.4443739916531531
  }
}
