{
  "energy": {
    "variance": 0.00029523429187626227,
    "error": 1.718238318383868e-5,
    "mean": -0.7359716946547038
  },
  "spin_stiffness": {
    "variance": 0.019329172118971078,
    "error": 0.00013902939300367776,
    "mean": 0.6631932031931647
  },
  "sqr_energy": {
    "variance": 0.0006379677781464359,
    "error": 2.525802403487723e-5,
    "mean": 0.5419495693295585
  }
}
