{
  "energy": {
    "variance": 0.0031295184643212624,
    "error": 5.594209921267937e-5,
    "mean": -1.186633716862937
  },
  "spin_stiffness": {
    "variance": 0.5070106267863451,
    "error": 0.0007120467869363256,
    "mean": 0.1443177084916834
  },
  "sqr_energy": {
    "variance": 0.0176215565100724,
    "error": 0.00013274621090664847,
    "mean": 1.4112290933307519
  }
}
