{
  "energy": {
    "variance": 0.0012098588777860477,
    "error": 3.478302571350065e-5,
    "mean": -1.4656842026770407
  },
  "spin_stiffness": {
    "variance": 0.02108171935629408,
    "error": 0.00014519545225761749,
    "mean": 0.6598199372444469
  },
  "sqr_energy": {
    "variance": 0.010358798948966299,
    "error": 0.00010177818503474257,
    "mean": 2.1494400396449596
  }
}
