{
  "energy": {
    "variance": 0.0008905789746907866,
    "error": 2.9842569840594938e-5,
    "mean": -1.5253071666306266
  },
  "spin_stiffness": {
    "variance": 0.008631718663154282,
    "error": 9.290704312997095e-5,
    "mean": 0.7176187243955724
  },
  "sqr_energy": {
    "variance": 0.008265909202188889,
    "error": 9.091704571854987e-5,
    "mean": 2.327452530658862
  }
}
