{
  "energy": {
    "variance": 0.0024213842682545847,
    "error": 4.920756312046538e-5,
    "mean": -1.3092248482035462
  },
  "spin_stiffness": {
    "variance": 0.2557530846330252,
    "error": 0.0005057203620905779,
    "mean": 0.3934259175079323
  },
  "sqr_energy": {
    "variance": 0.01650221116536049,
    "error": 0.00012846093244780877,
    "mean": 1.7164910850004687
  }
}
