{
  "energy": {
    "variance": 6.644790553435857e-5,
    "error": 8.15155847273137e-6,
    "mean": -0.847337747610396
  },
  "spin_stiffness": {
    "variance": 4.305041216803228,
    "error": 0.0020748593245816034,
    "mean": -55.169935754252016
  },
  "sqr_energy": {
    "variance": 0.0001906376346033781,
    "error": 1.3807158817199797e-5,
    "mean": 0.7180477063645456
  }
}
