{
  "energy": {
    "variance": 0.0006706582445295174,
    "error": 2.5897070192002753e-5,
    "mean": -0.4148562978545915
  },
  "spin_stiffness": {
    "variance": 0.34400499203178886,
    "error": 0.0005865193876009461,
    "mean": 0.0005365905528719923
  },
  "sqr_energy": {
    "variance": 0.0004628232458985254,
    "error": 2.151332716942048e-5,
    "mean": 0.1727764054434888
  }
}
