{
  "energy": {
    "variance": 0.001407472450972891,
    "error": 3.751629580559481e-5,
    "mean": -1.432069507177652
  },
  "spin_stiffness": {
    "variance": 0.0491104215121902,
    "error": 0.00022160871262698632,
    "mean": 0.6166577916903754
  },
  "sqr_energy": {
    "variance": 0.011496932899532894,
    "error": 0.0001072237515643474,
    "mean": 2.0522305444315436
  }
}
