{
  "energy": {
    "variance": 0.0002892182499910751,
    "error": 1.7006417905928192e-5,
    "mean": -0.7377513430234962
  },
  "spin_stiffness": {
    "variance": 0.019247304856440613,
    "error": 0.00013873465629193237,
    "mean": 0.6665809922560556
  },
  "sqr_energy": {
    "variance": 0.000628076552384203,
    "error": 2.506145551208475e-5,
    "mean": 0.5445662620937451
  }
}
