{
  "energy": {
    "variance": 0.0007286397642302437,
    "error": 2.699332814289938e-5,
    "mean": -0.626664099065671
  },
  "spin_stiffness": {
    "variance": 0.28531891689224065,
    "error": 0.0005341525221247586,
    "mean": 0.31887728842474833
  },
  "sqr_energy": {
    "variance": 0.0011401380484674384,
    "error": 3.376593029175175e-5,
    "mean": 0.39343653209337964
  }
}
