{
  "energy": {
    "variance": 0.0010117701886272511,
    "error": 3.180833520678583e-5,
    "mean": -1.5004000920889824
  },
  "spin_stiffness": {
    "variance": 0.012172515711078797,
    "error": 0.00011032912449158109,
    "mean": 0.6949587766057397
  },
  "sqr_energy": {
    "variance": 0.009082842141585624,
    "error": 9.530394609661042e-5,
    "mean": 2.252212205517484
  }
}
