{
  "energy": {
    "variance": 0.0006118294084974807,
    "error": 2.4735185637012726e-5,
    "mean": -0.3408579993689267
  },
  "spin_stiffness": {
    "variance": 0.2356024338381873,
    "error": 0.00048538895108787475,
    "mean": -0.002839863207754728
  },
  "sqr_energy": {
    "variance": 0.0002853823757216504,
    "error": 1.6893264211562262e-5,
    "mean": 0.11679600453045527
  }
}
