{
  "energy": {
    "variance": 0.0001321488497249532,
    "error": 1.14956013207206e-5,
    "mean": -0.8123243347968252
  },
  "spin_stiffness": {
    "variance": 0.0011653771196587434,
    "error": 3.413762029870775e-5,
    "mean": 0.7929265298194531
  },
  "sqr_energy": {
    "variance": 0.00034832754385993083,
    "error": 1.8663535138336758e-5,
    "mean": 0.6600029736206806
  }
}
