{
  "energy": {
    "variance": 0.0008185779912451544,
    "error": 2.8610802002830235e-5,
    "mean": -0.6256653714183757
  },
  "spin_stiffness": {
    "variance": 0.5994193723338105,
    "error": 0.0007742217849775415,
    "mean": 0.238237274236336
  },
  "sqr_energy": {
    "variance": 0.0012769634713623078,
    "error": 3.573462566422528e-5,
    "mean": 0.39227573416476114
  }
}
