{
  "energy": {
    "variance": 0.0006499898011395022,
    "error": 2.5494897551068963e-5,
    "mean": -0.37662882841512596
  },
  "spin_stiffness": {
    "variance": 0.2926313675546484,
    "error": 0.0005409541270335669,
    "mean": -0.00477013251609808
  },
  "sqr_energy": {
    "variance": 0.00037083351468116747,
    "error": 1.9257038055764637e-5,
    "mean": 0.1424992635445001
  }
}
