{
  "energy": {
    "variance": 0.00024950030606561794,
    "error": 1.5795578687266194e-5,
    "mean": -0.7533400736518427
  },
  "spin_stiffness": {
    "variance": 0.008685483636816845,
    "error": 9.319594216926424e-5,
    "mean": 0.702415197737344
  },
  "sqr_energy": {
    "variance": 0.0005649122206888103,
    "error": 2.376788212459853e-5,
    "mean": 0.5677707666263293
  }
}
