{
  "energy": {
    "variance": 0.00022162319244060092,
    "error": 1.4887014221817647e-5,
    "mean": -0.7652787020943302
  },
  "spin_stiffness": {
    "variance": 0.0062318498516125,
    "error": 7.894206642603487e-5,
    "mean": 0.7231967081467069
  },
  "sqr_energy": {
    "variance": 0.0005179331526503628,
    "error": 2.27581447541394e-5,
    "mean": 0.58587311485
  }
}
