{
  "energy": {
    "variance": 0.0001815347872945956,
    "error": 1.3473484601044957e-5,
    "mean": -0.7835271113622561
  },
  "spin_stiffness": {
    "variance": 0.0026403767350017104,
    "error": 5.1384596281392644e-5,
    "mean": 0.7535417942223256
  },
  "sqr_energy": {
    "variance": 0.0004449871658263336,
    "error": 2.109471890844563e-5,
    "mean": 0.6140962688454413
  }
}
