{
  "energy": {
    "variance": 0.00039245077221024933,
    "error": 1.9810370319866543e-5,
    "mean": -0.7071793607740496
  },
  "spin_stiffness": {
    "variance": 0.047702396017535564,
    "error": 0.00021840878191486615,
    "mean": 0.5932768356365155
  },
  "sqr_energy": {
    "variance": 0.0007825206509343267,
    "error": 2.797357057892908e-5,
    "mean": 0.500495098684553
  }
}
