{
  "energy": {
    "variance": 0.0003087689091848164,
    "error": 1.7571821453247707e-5,
    "mean": -1.7054580357229485
  },
  "spin_stiffness": {
    "variance": 0.0003869844886158985,
    "error": 1.9671921324972262e-5,
    "mean": 0.8426160149177752
  },
  "sqr_energy": {
    "variance": 0.003588118015497547,
    "error": 5.990090162508029e-5,
    "mean": 2.9088958802123943
  }
}
