{
  "energy": {
    "variance": 0.002018599574373154,
    "error": 4.492882787668908e-5,
    "mean": -1.3540281003177717
  },
  "spin_stiffness": {
    "variance": 0.14371685382740798,
    "error": 0.0003791000578045432,
    "mean": 0.4902467343385751
  },
  "sqr_energy": {
    "variance": 0.014713005718133535,
    "error": 0.00012129717934945369,
    "mean": 1.8354106940059267
  }
}
