{
  "energy": {
    "variance": 0.0024580978819638125,
    "error": 4.957920816192825e-5,
    "mean": -1.3027114426614175
  },
  "spin_stiffness": {
    "variance": 0.2516276806318768,
    "error": 0.000501625039877274,
    "mean": 0.3849935180394235
  },
  "sqr_energy": {
    "variance": 0.01658876306884308,
    "error": 0.0001287973721348502,
    "mean": 1.6995151982648573
  }
}
