{
  "energy": {
    "variance": 0.0026020509189722744,
    "error": 5.101030208665966e-5,
    "mean": -1.2882657170996983
  },
  "spin_stiffness": {
    "variance": 0.3091462242734082,
    "error": 0.0005560091944144523,
    "mean": 0.34848205104130187
  },
  "sqr_energy": {
    "variance": 0.017177067346753158,
    "error": 0.00013106131140330147,
    "mean": 1.6622306061713206
  }
}
