{
  "energy": {
    "variance": 0.0003759178726525963,
    "error": 1.938860161673854e-5,
    "mean": -0.7133176189188779
  },
  "spin_stiffness": {
    "variance": 0.05333184273048465,
    "error": 0.00023093688040346576,
    "mean": 0.6000661348446542
  },
  "sqr_energy": {
    "variance": 0.0007625718057120371,
    "error": 2.7614702709101127e-5,
    "mean": 0.5091979429568322
  }
}
