{
  "energy": {
    "variance": 0.0008842211835060732,
    "error": 2.9735856865173287e-5,
    "mean": -1.527820659453132
  },
  "spin_stiffness": {
    "variance": 0.0060701730244748404,
    "error": 7.791131512479326e-5,
    "mean": 0.7212515815544179
  },
  "sqr_energy": {
    "variance": 0.0082328325978104,
    "error": 9.073495796995997e-5,
    "mean": 2.3351201877510883
  }
}
