{
  "energy": {
    "variance": 0.00045439456185505434,
    "error": 2.1316532594562708e-5,
    "mean": -0.6909775449049285
  },
  "spin_stiffness": {
    "variance": 0.0968681892980194,
    "error": 0.00031123654878246446,
    "mean": 0.5393365458371844
  },
  "sqr_energy": {
    "variance": 0.0008643279547969882,
    "error": 2.9399455008502932e-5,
    "mean": 0.47790436167030304
  }
}
