{
  "energy": {
    "variance": 0.0005489313412885696,
    "error": 2.3429283840710317e-5,
    "mean": -0.6734011226178989
  },
  "spin_stiffness": {
    "variance": 0.14171884225100267,
    "error": 0.0003764556311851407,
    "mean": 0.4758675145213456
  },
  "sqr_energy": {
    "variance": 0.000988256963352723,
    "error": 3.1436554571910755e-5,
    "mean": 0.45401800273540366
  }
}
