{
  "energy": {
    "variance": 0.002665847043842406,
    "error": 5.163184137567055e-5,
    "mean": -1.279890513070635
  },
  "spin_stiffness": {
    "variance": 0.33300729523963146,
    "error": 0.0005770678428396711,
    "mean": 0.3284690049298048
  },
  "sqr_energy": {
    "variance": 0.01737438981860626,
    "error": 0.00013181194869436633,
    "mean": 1.6407855698262095
  }
}
