{
  "energy": {
    "variance": 0.0007230060028555066,
    "error": 2.6888770943565024e-5,
    "mean": -1.5668210087765404
  },
  "spin_stiffness": {
    "variance": 0.003313705541596697,
    "error": 5.7564794289536866e-5,
    "mean": 0.752091328961669
  },
  "sqr_energy": {
    "variance": 0.007082958928771563,
    "error": 8.416031682908259e-5,
    "mean": 2.455651078823385
  }
}
