{
  "energy": {
    "variance": 0.0003237760469647271,
    "error": 1.7993778006986945e-5,
    "mean": -0.7287211493962233
  },
  "spin_stiffness": {
    "variance": 0.02459853845866977,
    "error": 0.00015683921212078874,
    "mean": 0.6462847098853459
  },
  "sqr_energy": {
    "variance": 0.0006855569216804603,
    "error": 2.6183141936758855e-5,
    "mean": 0.5313582893005416
  }
}
