{
  "energy": {
    "variance": 0.0008525829054118515,
    "error": 2.919902233657578e-5,
    "mean": -1.5355495059927078
  },
  "spin_stiffness": {
    "variance": 0.005471663362008103,
    "error": 7.397069258840356e-5,
    "mean": 0.7276577235212682
  },
  "sqr_energy": {
    "variance": 0.008019218596188416,
    "error": 8.955008987258704e-5,
    "mean": 2.3587648674072774
  }
}
