{
  "energy": {
    "variance": 0.0009705440257284116,
    "error": 3.1153555587258604e-5,
    "mean": -1.5092408791244039
  },
  "spin_stiffness": {
    "variance": 0.010580064007277708,
    "error": 0.00010285943810500673,
    "mean": 0.7040068566083766
  },
  "sqr_energy": {
    "variance": 0.008814622740575088,
    "error": 9.38862223149653e-5,
    "mean": 2.278778574275388
  }
}
