{
  "energy": {
    "variance": 0.00014454120646647904,
    "error": 1.2022529121049324e-5,
    "mean": -0.8044845455802013
  },
  "spin_stiffness": {
    "variance": 0.0014444446190121519,
    "error": 3.8005849799894644e-5,
    "mean": 0.7826572642086888
  },
  "sqr_energy": {
    "variance": 0.0003736327779649489,
    "error": 1.9329582974419e-5,
    "mean": 0.6473399251393082
  }
}
