{
  "energy": {
    "variance": 0.0021932555383423914,
    "error": 4.683220620836041e-5,
    "mean": -1.3356853696644586
  },
  "spin_stiffness": {
    "variance": 0.169935057512173,
    "error": 0.00041223180070461935,
    "mean": 0.4555905470069983
  },
  "sqr_energy": {
    "variance": 0.015555079835065667,
    "error": 0.0001247200057531496,
    "mean": 1.786248660080768
  }
}
