{
  "energy": {
    "variance": 0.0004682499715236123,
    "error": 2.1639084350397368e-5,
    "mean": -0.6929918537406816
  },
  "spin_stiffness": {
    "variance": 0.08208483099537058,
    "error": 0.0002865045043195143,
    "mean": 0.5482341159241589
  },
  "sqr_energy": {
    "variance": 0.0008928006294622602,
    "error": 2.9879769568426396e-5,
    "mean": 0.48070595885422
  }
}
