{
  "energy": {
    "variance": 0.0031453458341373234,
    "error": 5.6083382869949305e-5,
    "mean": -1.1956647395230033
  },
  "spin_stiffness": {
    "variance": 0.5227512824475194,
    "error": 0.0007230154095505293,
    "mean": 0.1503183003812214
  },
  "sqr_energy": {
    "variance": 0.017967071352322058,
    "error": 0.00013404130465017886,
    "mean": 1.4327595120274026
  }
}
