{
  "energy": {
    "variance": 0.00205807249047639,
    "error": 4.536598384777289e-5,
    "mean": -1.348440886981839
  },
  "spin_stiffness": {
    "variance": 0.13649196887811602,
    "error": 0.0003694481951209344,
    "mean": 0.4833226326981577
  },
  "sqr_energy": {
    "variance": 0.01488333556505027,
    "error": 0.00012199727687555272,
    "mean": 1.8203508961167718
  }
}
