{
  "energy": {
    "variance": 0.00010655554155715466,
    "error": 1.0322574366753415e-5,
    "mean": -1.8254258894217994
  },
  "spin_stiffness": {
    "variance": 6.369320183284417e-5,
    "error": 7.980802079543394e-6,
    "mean": 0.9097071078151245
  },
  "sqr_energy": {
    "variance": 0.001419389795887091,
    "error": 3.767478992492315e-5,
    "mean": 3.332286233206369
  }
}
