{
  "energy": {
    "variance": 0.0007933328721490534,
    "error": 2.816616537885577e-5,
    "mean": -0.5897764151552028
  },
  "spin_stiffness": {
    "variance": 0.5337946829163984,
    "error": 0.0007306125395285783,
    "mean": 0.15325155826654058
  },
  "sqr_energy": {
    "variance": 0.0011044267055072671,
    "error": 3.323291599464704e-5,
    "mean": 0.3486295519521382
  }
}
