{
  "energy": {
    "variance": 0.00015844146645007225,
    "error": 1.2587353433111833e-5,
    "mean": -1.7880955510668353
  },
  "spin_stiffness": {
    "variance": 0.00011527514666060105,
    "error": 1.073662640965965e-5,
    "mean": 0.8894270047397772
  },
  "sqr_energy": {
    "variance": 0.0020246450541249648,
    "error": 4.499605598410782e-5,
    "mean": 3.1974441410530177
  }
}
