{
  "energy": {
    "variance": 0.0006592467961291186,
    "error": 2.5675801762147925e-5,
    "mean": -0.6533178943025709
  },
  "spin_stiffness": {
    "variance": 0.4863765258683461,
    "error": 0.0006974070015911412,
    "mean": 0.3414616225953408
  },
  "sqr_energy": {
    "variance": 0.0011183962404685982,
    "error": 3.3442431736771147e-5,
    "mean": 0.42748351715282745
  }
}
