{
  "energy": {
    "variance": 0.000627880903631536,
    "error": 2.505755182837174e-5,
    "mean": -1.5920651650939863
  },
  "spin_stiffness": {
    "variance": 0.002132180004985076,
    "error": 4.6175534701669413e-5,
    "mean": 0.7705552072013142
  },
  "sqr_energy": {
    "variance": 0.006353000668852587,
    "error": 7.970571289971998e-5,
    "mean": 2.5352993701814923
  }
}
