{
  "energy": {
    "variance": 0.0030332794383818064,
    "error": 5.507521619005963e-5,
    "mean": -1.2304837496356644
  },
  "spin_stiffness": {
    "variance": 0.44916792915350806,
    "error": 0.0006701999173034178,
    "mean": 0.22332251442445494
  },
  "sqr_energy": {
    "variance": 0.018315312465057524,
    "error": 0.00013533407724980996,
    "mean": 1.517123534522547
  }
}
