{
  "energy": {
    "variance": 0.0002143903866434077,
    "error": 1.4642075899386934e-5,
    "mean": -0.7677628993028436
  },
  "spin_stiffness": {
    "variance": 0.0045771683215055274,
    "error": 6.765477308738481e-5,
    "mean": 0.728927008903485
  },
  "sqr_energy": {
    "variance": 0.0005044377407082759,
    "error": 2.2459691465117592e-5,
    "mean": 0.5896742597181613
  }
}
