{
  "energy": {
    "variance": 0.0011606454624853678,
    "error": 3.406824712962743e-5,
    "mean": -1.4725009055412757
  },
  "spin_stiffness": {
    "variance": 0.017662410312333808,
    "error": 0.00013290000117507076,
    "mean": 0.6685194224207366
  },
  "sqr_energy": {
    "variance": 0.010029902365307269,
    "error": 0.0001001494002244011,
    "mean": 2.169419561121717
  }
}
