{
  "energy": {
    "variance": 0.0001842161093056681,
    "error": 1.35726235233159e-5,
    "mean": -0.7824704886900775
  },
  "spin_stiffness": {
    "variance": 0.0027459282291516485,
    "error": 5.240160521540966e-5,
    "mean": 0.7518913162133147
  },
  "sqr_energy": {
    "variance": 0.00045033529575874454,
    "error": 2.1221104960834263e-5,
    "mean": 0.6124442815959784
  }
}
