{
  "energy": {
    "variance": 0.0021335756365231636,
    "error": 4.619064446966684e-5,
    "mean": -1.3419485173876924
  },
  "spin_stiffness": {
    "variance": 0.19097982322959375,
    "error": 0.00043701238338243205,
    "mean": 0.4616865818011254
  },
  "sqr_energy": {
    "variance": 0.015274769855958614,
    "error": 0.00012359113987644345,
    "mean": 1.8029593968219737
  }
}
