{
  "energy": {
    "variance": 0.0018512037781592118,
    "error": 4.302561769642839e-5,
    "mean": -1.3762826435115796
  },
  "spin_stiffness": {
    "variance": 0.12455373174519646,
    "error": 0.0003529217076706907,
    "mean": 0.5310517634642611
  },
  "sqr_energy": {
    "variance": 0.013943945743162788,
    "error": 0.00011808448561586228,
    "mean": 1.896005116758177
  }
}
