{
  "energy": {
    "variance": 0.00027503782625068474,
    "error": 1.6584264416931028e-5,
    "mean": -1.7221852620446771
  },
  "spin_stiffness": {
    "variance": 0.0003035674626101174,
    "error": 1.7423187498564017e-5,
    "mean": 0.8523930867675414
  },
  "sqr_energy": {
    "variance": 0.0032595648462745595,
    "error": 5.7092598874762737e-5,
    "mean": 2.9661971143551065
  }
}
