{
  "energy": {
    "variance": 0.0006959903093328439,
    "error": 2.6381628254011237e-5,
    "mean": -1.5729476835606937
  },
  "spin_stiffness": {
    "variance": 0.0028754487367545984,
    "error": 5.362321080236242e-5,
    "mean": 0.7567772960360932
  },
  "sqr_energy": {
    "variance": 0.006872798599163906,
    "error": 8.290234374952197e-5,
    "mean": 2.4748604048322935
  }
}
