{
  "energy": {
    "variance": 0.0007869710894736003,
    "error": 2.8053004998994322e-5,
    "mean": -0.6114648852027015
  },
  "spin_stiffness": {
    "variance": 0.4743423349656437,
    "error": 0.0006887251519769288,
    "mean": 0.2182823613331528
  },
  "sqr_energy": {
    "variance": 0.0011746891113157507,
    "error": 3.4273737924477256e-5,
    "mean": 0.3746762761384553
  }
}
