{
  "energy": {
    "variance": 0.0007107146598645512,
    "error": 2.6659232169448377e-5,
    "mean": -1.5689183149475876
  },
  "spin_stiffness": {
    "variance": 0.0033840155007928423,
    "error": 5.8172291520902305e-5,
    "mean": 0.7536210153565635
  },
  "sqr_energy": {
    "variance": 0.006981187958305648,
    "error": 8.355350356691003e-5,
    "mean": 2.4622153929271278
  }
}
