{
  "energy": {
    "variance": 0.00020093085248704806,
    "error": 1.4175008024232228e-5,
    "mean": -0.7737676285039331
  },
  "spin_stiffness": {
    "variance": 0.0036340511275469185,
    "error": 6.028309155598209e-5,
    "mean": 0.7388433168839353
  },
  "sqr_energy": {
    "variance": 0.00048025411841775076,
    "error": 2.191470096573875e-5,
    "mean": 0.5989172735721567
  }
}
