{
  "energy": {
    "variance": 0.0007429797884777225,
    "error": 2.7257655593937685e-5,
    "mean": -1.5604472121734088
  },
  "spin_stiffness": {
    "variance": 0.003561889529204946,
    "error": 5.968156775089731e-5,
    "mean": 0.7474098051891693
  },
  "sqr_energy": {
    "variance": 0.00721868497694241,
    "error": 8.496284468485273e-5,
    "mean": 2.435738481025262
  }
}
