{
  "energy": {
    "variance": 0.00019248987137906545,
    "error": 1.3874071910548303e-5,
    "mean": -0.7781957111431343
  },
  "spin_stiffness": {
    "variance": 0.003221112816013909,
    "error": 5.675484839213219e-5,
    "mean": 0.7454673742267274
  },
  "sqr_energy": {
    "variance": 0.00046539875697351735,
    "error": 2.1573102627427456e-5,
    "mean": 0.6057810545204578
  }
}
