{
  "energy": {
    "variance": 0.0004274013331983121,
    "error": 2.0673686976403413e-5,
    "mean": -0.6999674738413
  },
  "spin_stiffness": {
    "variance": 0.0679337001652306,
    "error": 0.0002606409410764752,
    "mean": 0.5616785195093577
  },
  "sqr_energy": {
    "variance": 0.000834011578906372,
    "error": 2.88792586280599e-5,
    "mean": 0.4903818653415678
  }
}
