{
  "energy": {
    "variance": 0.0031743516887448244,
    "error": 5.6341385222097834e-5,
    "mean": -1.1771907120457437
  },
  "spin_stiffness": {
    "variance": 0.5224558093384685,
    "error": 0.0007228110467739604,
    "mean": 0.13084806724700018
  },
  "sqr_energy": {
    "variance": 0.017592778723249658,
    "error": 0.00013263777261115952,
    "mean": 1.3889523210411578
  }
}
