{
  "energy": {
    "variance": 0.002801132556769032,
    "error": 5.292572679490601e-5,
    "mean": -0.9087089196106712
  },
  "spin_stiffness": {
    "variance": 0.4152301884220846,
    "error": 0.0006443835724334417,
    "mean": -0.0002691936721982172
  },
  "sqr_energy": {
    "variance": 0.009280951904496586,
    "error": 9.633769721400126e-5,
    "mean": 0.8285530303356298
  }
}
