{
  "energy": {
    "variance": 0.0006993845293396265,
    "error": 2.6445879250643693e-5,
    "mean": -1.5709562057881727
  },
  "spin_stiffness": {
    "variance": 0.002958685285571189,
    "error": 5.439379822710664e-5,
    "mean": 0.755503261649707
  },
  "sqr_energy": {
    "variance": 0.006888644926023154,
    "error": 8.299786097257659e-5,
    "mean": 2.468602784334327
  }
}
