{
  "energy": {
    "variance": 0.0006633586641269813,
    "error": 2.575575011773063e-5,
    "mean": -0.6424986592514693
  },
  "spin_stiffness": {
    "variance": 0.2785744114332473,
    "error": 0.0005278014886614542,
    "mean": 0.3396385243403815
  },
  "sqr_energy": {
    "variance": 0.0010889067907727526,
    "error": 3.299858770876039e-5,
    "mean": 0.413467885140704
  }
}
