{
  "energy": {
    "variance": 0.00020610697773422047,
    "error": 1.4356426356660646e-5,
    "mean": -0.7714843167008683
  },
  "spin_stiffness": {
    "variance": 0.003912499047917336,
    "error": 6.254997240540827e-5,
    "mean": 0.7352755310948077
  },
  "sqr_energy": {
    "variance": 0.0004896427073844477,
    "error": 2.2127871731923243e-5,
    "mean": 0.595394157687033
  }
}
