{
  "energy": {
    "variance": 0.00023917322376165582,
    "error": 1.5465226275798742e-5,
    "mean": -0.7574587441464877
  },
  "spin_stiffness": {
    "variance": 0.009609902921026894,
    "error": 9.803011231773069e-5,
    "mean": 0.7075836141503995
  },
  "sqr_energy": {
    "variance": 0.0005475311717618901,
    "error": 2.3399384003898267e-5,
    "mean": 0.5739829220685626
  }
}
