{
  "energy": {
    "variance": 0.00033018400783770647,
    "error": 1.8170966067815616e-5,
    "mean": -1.6962541709749732
  },
  "spin_stiffness": {
    "variance": 0.000438541569918143,
    "error": 2.0941384145231255e-5,
    "mean": 0.8372304948856873
  },
  "sqr_energy": {
    "variance": 0.0037952158680202496,
    "error": 6.160532337404171e-5,
    "mean": 2.877608396227647
  }
}
