{
  "energy": {
    "variance": 0.0009608330895370645,
    "error": 3.0997307778854996e-5,
    "mean": -1.511853356694954
  },
  "spin_stiffness": {
    "variance": 0.00951066231134747,
    "error": 9.752262461268908e-5,
    "mean": 0.7062338484307114
  },
  "sqr_energy": {
    "variance": 0.008757601259696499,
    "error": 9.358205629123833e-5,
    "mean": 2.286661404278503
  }
}
