{
  "energy": {
    "variance": 0.0011847909601091493,
    "error": 3.442079255492455e-5,
    "mean": -1.4689761887711166
  },
  "spin_stiffness": {
    "variance": 0.02102190875577522,
    "error": 0.00014498934014531972,
    "mean": 0.663002567892144
  },
  "sqr_energy": {
    "variance": 0.010188793509366864,
    "error": 0.00010093955374067623,
    "mean": 2.1590758329518334
  }
}
