{
  "energy": {
    "variance": 0.0027652312867564046,
    "error": 5.258546649746872e-5,
    "mean": -1.2712958623127828
  },
  "spin_stiffness": {
    "variance": 0.3359814502875786,
    "error": 0.0005796390689796354,
    "mean": 0.3103137004432842
  },
  "sqr_energy": {
    "variance": 0.017782564074891732,
    "error": 0.00013335128073960046,
    "mean": 1.6189583980551272
  }
}
