{
  "energy": {
    "variance": 0.0011471851688213044,
    "error": 3.3870122066820254e-5,
    "mean": -1.4757539428041173
  },
  "spin_stiffness": {
    "variance": 0.029186136445713287,
    "error": 0.00017083950493288513,
    "mean": 0.6675627554647492
  },
  "sqr_energy": {
    "variance": 0.009955970962555233,
    "error": 9.977961195833162e-5,
    "mean": 2.178996883723534
  }
}
