{
  "energy": {
    "variance": 0.00035946036857845604,
    "error": 1.8959440091375485e-5,
    "mean": -0.7193932011717356
  },
  "spin_stiffness": {
    "variance": 0.043076322586998846,
    "error": 0.00020754836204364235,
    "mean": 0.6221789702883826
  },
  "sqr_energy": {
    "variance": 0.0007414462325709414,
    "error": 2.7229510325581353e-5,
    "mean": 0.5178860379012354
  }
}
