{
  "energy": {
    "variance": 0.0003137820736443777,
    "error": 1.7713894931504413e-5,
    "mean": -0.7307067815732192
  },
  "spin_stiffness": {
    "variance": 0.027356216965183543,
    "error": 0.00016539714920512852,
    "mean": 0.6505428457578536
  },
  "sqr_energy": {
    "variance": 0.0006682514021856648,
    "error": 2.585055903042843e-5,
    "mean": 0.5342461823969546
  }
}
