{
  "energy": {
    "variance": 0.0009806726533641624,
    "error": 3.1315693403853644e-5,
    "mean": -1.5065562700545798
  },
  "spin_stiffness": {
    "variance": 0.013001562197052749,
    "error": 0.00011402439299138036,
    "mean": 0.7008201980706377
  },
  "sqr_energy": {
    "variance": 0.008876335241827625,
    "error": 9.421430486835651e-5,
    "mean": 2.2706924665134594
  }
}
