{
  "energy": {
    "variance": 0.001315261661218596,
    "error": 3.6266536382988055e-5,
    "mean": -1.4474991387189653
  },
  "spin_stiffness": {
    "variance": 0.026583616753998007,
    "error": 0.00016304483050375444,
    "mean": 0.6396629918936815
  },
  "sqr_energy": {
    "variance": 0.010978847095029207,
    "error": 0.00010477999377280573,
    "mean": 2.0965690169381035
  }
}
