{
  "energy": {
    "variance": 0.0004195895345132334,
    "error": 2.0483884751512186e-5,
    "mean": -0.6986025392031199
  },
  "spin_stiffness": {
    "variance": 0.04834762670326955,
    "error": 0.00021988093756228515,
    "mean": 0.579719447700198
  },
  "sqr_energy": {
    "variance": 0.0008163130063913897,
    "error": 2.8571191896583345e-5,
    "mean": 0.4884650968959704
  }
}
