{
  "energy": {
    "variance": 0.0003573717289784489,
    "error": 1.8904278060228824e-5,
    "mean": -0.7158591799724151
  },
  "spin_stiffness": {
    "variance": 0.029160590131330807,
    "error": 0.00017076472156546507,
    "mean": 0.6225324100388026
  },
  "sqr_energy": {
    "variance": 0.0007305135828776588,
    "error": 2.7028014778700615e-5,
    "mean": 0.5128117369223854
  }
}
