{
  "energy": {
    "variance": 0.0004004974128997085,
    "error": 2.0012431458963413e-5,
    "mean": -0.7049571778479758
  },
  "spin_stiffness": {
    "variance": 0.10094423909066963,
    "error": 0.000317717231340495,
    "mean": 0.5715523347952473
  },
  "sqr_energy": {
    "variance": 0.0007933625373995571,
    "error": 2.8166691985385098e-5,
    "mean": 0.49736511961178503
  }
}
