{
  "energy": {
    "variance": 0.0012243678032857058,
    "error": 3.499096745283996e-5,
    "mean": -1.4622214984486295
  },
  "spin_stiffness": {
    "variance": 0.022222572886982345,
    "error": 0.0001490723746607075,
    "mean": 0.6558454197484616
  },
  "sqr_energy": {
    "variance": 0.010433967212714921,
    "error": 0.0001021467924739437,
    "mean": 2.139316077104273
  }
}
