{
  "energy": {
    "variance": 0.000913744212989809,
    "error": 3.0228202278498285e-5,
    "mean": -1.5202299632102667
  },
  "spin_stiffness": {
    "variance": 0.006741165270399268,
    "error": 8.210459956908181e-5,
    "mean": 0.7148791943294089
  },
  "sqr_energy": {
    "variance": 0.008421250487729643,
    "error": 9.17673715856003e-5,
    "mean": 2.312012884341535
  }
}
