{
  "energy": {
    "variance": 0.000808868725921978,
    "error": 2.844061753763406e-5,
    "mean": -1.544949098757654
  },
  "spin_stiffness": {
    "variance": 0.006643640772797648,
    "error": 8.150853190186686e-5,
    "mean": 0.7346340455276493
  },
  "sqr_energy": {
    "variance": 0.0077026891619105305,
    "error": 8.77649654583794e-5,
    "mean": 2.38767658566914
  }
}
