{
  "energy": {
    "variance": 0.0031640691616490555,
    "error": 5.6250059214627103e-5,
    "mean": -1.1677561626180397
  },
  "spin_stiffness": {
    "variance": 0.545384026414634,
    "error": 0.0007385012027171208,
    "mean": 0.10989201038201092
  },
  "sqr_energy": {
    "variance": 0.017275212504893254,
    "error": 0.00013143520268517583,
    "mean": 1.3668185213299895
  }
}
