{
  "energy": {
    "variance": 0.0005119373008194942,
    "error": 2.262603148631006e-5,
    "mean": -0.6780329065632325
  },
  "spin_stiffness": {
    "variance": 0.09789629086540635,
    "error": 0.0003128838296643122,
    "mean": 0.5089205458022565
  },
  "sqr_energy": {
    "variance": 0.0009369046658164209,
    "error": 3.060889847440481e-5,
    "mean": 0.46024055917146733
  }
}
