{
  "energy": {
    "variance": 0.00017926150486775004,
    "error": 1.338885748926136e-5,
    "mean": -0.7845648949485221
  },
  "spin_stiffness": {
    "variance": 0.002615363227490582,
    "error": 5.114062208744221e-5,
    "mean": 0.7548482482486552
  },
  "sqr_energy": {
    "variance": 0.0004406086880758634,
    "error": 2.0990680981708608e-5,
    "mean": 0.6157213357111916
  }
}
