{
  "energy": {
    "variance": 0.0002090205463892227,
    "error": 1.4457542889067379e-5,
    "mean": -1.7566652473544817
  },
  "spin_stiffness": {
    "variance": 0.00018409820582822865,
    "error": 1.3568279398222482e-5,
    "mean": 0.8719855716563979
  },
  "sqr_energy": {
    "variance": 0.002577575493253594,
    "error": 5.076982857222973e-5,
    "mean": 3.0860818116003506
  }
}
