{
  "energy": {
    "variance": 0.0003396113551163501,
    "error": 1.842854728719413e-5,
    "mean": -0.7217271899779433
  },
  "spin_stiffness": {
    "variance": 0.026394451306004398,
    "error": 0.00016246369227000966,
    "mean": 0.6326461346342034
  },
  "sqr_energy": {
    "variance": 0.0007058274871994629,
    "error": 2.6567414010389927e-5,
    "mean": 0.5212297477689632
  }
}
