{
  "energy": {
    "variance": 0.00035634641283038685,
    "error": 1.8877139953668482e-5,
    "mean": -0.7176977824432154
  },
  "spin_stiffness": {
    "variance": 0.029001409539692997,
    "error": 0.00017029800216001654,
    "mean": 0.6252945300657948
  },
  "sqr_energy": {
    "variance": 0.0007320775977976011,
    "error": 2.70569325274984e-5,
    "mean": 0.515446452980393
  }
}
