{
  "energy": {
    "variance": 0.0016021078775419666,
    "error": 4.002633979696328e-5,
    "mean": -1.4056662105355253
  },
  "spin_stiffness": {
    "variance": 0.07838067574265589,
    "error": 0.00027996549027095444,
    "mean": 0.5765914490507266
  },
  "sqr_energy": {
    "variance": 0.012601471796611342,
    "error": 0.00011225627731495171,
    "mean": 1.9774996017167377
  }
}
