{
  "energy": {
    "variance": 0.002537070590578054,
    "error": 5.036934177233264e-5,
    "mean": -1.2952218944086995
  },
  "spin_stiffness": {
    "variance": 0.29505182854141554,
    "error": 0.000543186734504273,
    "mean": 0.3607362220137377
  },
  "sqr_energy": {
    "variance": 0.016929607730182365,
    "error": 0.00013011382605312305,
    "mean": 1.6801368238091678
  }
}
