{
  "energy": {
    "variance": 0.00026021187110763204,
    "error": 1.6131084002869492e-5,
    "mean": -0.7485810920723914
  },
  "spin_stiffness": {
    "variance": 0.012194162505837464,
    "error": 0.00011042718191567448,
    "mean": 0.6906453042669769
  },
  "sqr_energy": {
    "variance": 0.0005817347835285682,
    "error": 2.411917874904882e-5,
    "mean": 0.56063386301919
  }
}
