{
  "energy": {
    "variance": 0.00023123007841831535,
    "error": 1.5206251294067033e-5,
    "mean": -1.7439330573683136
  },
  "spin_stiffness": {
    "variance": 0.00022199945176763056,
    "error": 1.4899646028266262e-5,
    "mean": 0.8648032656575536
  },
  "sqr_energy": {
    "variance": 0.002810146250380417,
    "error": 5.301081257989182e-5,
    "mean": 3.041533738429182
  }
}
