{
  "energy": {
    "variance": 0.0028142629674492094,
    "error": 5.304962740160584e-5,
    "mean": -1.2644185492301896
  },
  "spin_stiffness": {
    "variance": 0.3417901355615111,
    "error": 0.0005846282028447748,
    "mean": 0.3006982221059229
  },
  "sqr_energy": {
    "variance": 0.01790821611510983,
    "error": 0.00013382158314378825,
    "mean": 1.6015685277905636
  }
}
