{
  "energy": {
    "variance": 0.001668420886457977,
    "error": 4.084630811294917e-5,
    "mean": -1.3960910563184203
  },
  "spin_stiffness": {
    "variance": 0.07346318162727392,
    "error": 0.0002710409224218253,
    "mean": 0.5661336339039907
  },
  "sqr_energy": {
    "variance": 0.012945771206463457,
    "error": 0.00011377948499823444,
    "mean": 1.9507386567503207
  }
}
