{
  "energy": {
    "variance": 0.0004407681231092719,
    "error": 2.0994478395741864e-5,
    "mean": -1.6523982343015509
  },
  "spin_stiffness": {
    "variance": 0.0008274992087627003,
    "error": 2.8766285974430208e-5,
    "mean": 0.810546339961414
  },
  "sqr_energy": {
    "variance": 0.004805777681597435,
    "error": 6.932371658817374e-5,
    "mean": 2.730860692405225
  }
}
