{
  "energy": {
    "variance": 0.0007747745159896503,
    "error": 2.783477170715884e-5,
    "mean": -0.6076146728786905
  },
  "spin_stiffness": {
    "variance": 0.4378622816248348,
    "error": 0.0006617116302626354,
    "mean": 0.21763194398983626
  },
  "sqr_energy": {
    "variance": 0.001141396437892963,
    "error": 3.378455916380978e-5,
    "mean": 0.3699703644386931
  }
}
