{
  "energy": {
    "variance": 0.0015116896866272556,
    "error": 3.8880453786282585e-5,
    "mean": -1.419302152028716
  },
  "spin_stiffness": {
    "variance": 0.058867800045868036,
    "error": 0.00024262687412128945,
    "mean": 0.5978045504558536
  },
  "sqr_energy": {
    "variance": 0.01212439151028165,
    "error": 0.0001101108146835798,
    "mean": 2.0159302869282816
  }
}
