{
  "energy": {
    "variance": 0.00015896933764760501,
    "error": 1.2608304312936179e-5,
    "mean": -0.7958515187962301
  },
  "spin_stiffness": {
    "variance": 0.0019077993305945799,
    "error": 4.367836227005976e-5,
    "mean": 0.7706865641932389
  },
  "sqr_energy": {
    "variance": 0.0004021427714081681,
    "error": 2.0053497735012917e-5,
    "mean": 0.6335386091489444
  }
}
