{
  "energy": {
    "variance": 0.00023319073690602655,
    "error": 1.5270584039453977e-5,
    "mean": -0.7601261910394195
  },
  "spin_stiffness": {
    "variance": 0.007152241165551794,
    "error": 8.457092387784228e-5,
    "mean": 0.7146266129918082
  },
  "sqr_energy": {
    "variance": 0.000537595328799406,
    "error": 2.318610206135145e-5,
    "mean": 0.5780250168078114
  }
}
