{
  "energy": {
    "variance": 0.00047189244218626223,
    "error": 2.1723085466532196e-5,
    "mean": -0.69451336525314
  },
  "spin_stiffness": {
    "variance": 0.30964227431928687,
    "error": 0.000556455096408764,
    "mean": 0.47935152125084773
  },
  "sqr_energy": {
    "variance": 0.0009051364202866273,
    "error": 3.008548520942661e-5,
    "mean": 0.48282070648553516
  }
}
