{
  "energy": {
    "variance": 0.001878245706611913,
    "error": 4.333873217587143e-5,
    "mean": -1.370867158161397
  },
  "spin_stiffness": {
    "variance": 0.10743582403928283,
    "error": 0.00032777404418178515,
    "mean": 0.5223207778213614
  },
  "sqr_energy": {
    "variance": 0.01404421875694904,
    "error": 0.00011850830670020157,
    "mean": 1.881155009153871
  }
}
