{
  "energy": {
    "variance": 0.0010540057818894343,
    "error": 3.2465455208412436e-5,
    "mean": -1.4916990037934492
  },
  "spin_stiffness": {
    "variance": 0.012121405324749727,
    "error": 0.00011009725393827826,
    "mean": 0.6879440523800502
  },
  "sqr_energy": {
    "variance": 0.009351046787365338,
    "error": 9.670081068618472e-5,
    "mean": 2.2262199226462522
  }
}
