{
  "energy": {
    "variance": 0.00040642040657303495,
    "error": 2.0159871194356254e-5,
    "mean": -1.6644610005315439
  },
  "spin_stiffness": {
    "variance": 0.0006955859133948544,
    "error": 2.6373962792778306e-5,
    "mean": 0.8179787542390937
  },
  "sqr_energy": {
    "variance": 0.004496997119300008,
    "error": 6.705965343856177e-5,
    "mean": 2.770836842290621
  }
}
