{
  "energy": {
    "variance": 0.002816162825293873,
    "error": 5.306753080080015e-5,
    "mean": -1.2563405344063285
  },
  "spin_stiffness": {
    "variance": 0.3636013238438964,
    "error": 0.0006029936349945133,
    "mean": 0.283937184748834
  },
  "sqr_energy": {
    "variance": 0.01770511604445409,
    "error": 0.00013306057283979386,
    "mean": 1.5812076984015102
  }
}
