{
  "energy": {
    "variance": 0.0007617268519405319,
    "error": 2.7599399485143368e-5,
    "mean": -1.5561934325160163
  },
  "spin_stiffness": {
    "variance": 0.004102535494091914,
    "error": 6.405103819683109e-5,
    "mean": 0.7439619356431099
  },
  "sqr_energy": {
    "variance": 0.007362078736282182,
    "error": 8.58025567001484e-5,
    "mean": 2.422499725496195
  }
}
