{
  "energy": {
    "variance": 0.0006753459083300822,
    "error": 2.5987418269810535e-5,
    "mean": -0.6413855549504903
  },
  "spin_stiffness": {
    "variance": 0.38954483682099683,
    "error": 0.0006241352712521517,
    "mean": 0.3307504237506411
  },
  "sqr_energy": {
    "variance": 0.0011050133041904898,
    "error": 3.32417403905164e-5,
    "mean": 0.4120507753321327
  }
}
