{
  "energy": {
    "variance": 0.0007436859880074212,
    "error": 2.727060666738863e-5,
    "mean": -0.49449936286366614
  },
  "spin_stiffness": {
    "variance": 0.48776683342513455,
    "error": 0.0006984030594328282,
    "mean": 0.013904804557850781
  },
  "sqr_energy": {
    "variance": 0.0007293817000885723,
    "error": 2.700706759514206e-5,
    "mean": 0.24527330511689313
  }
}
