{
  "energy": {
    "variance": 0.0002579517706506531,
    "error": 1.606087701997164e-5,
    "mean": -0.7500778169938004
  },
  "spin_stiffness": {
    "variance": 0.013182807249620529,
    "error": 0.00011481640670923528,
    "mean": 0.6925121784477396
  },
  "sqr_energy": {
    "variance": 0.0005789354308583043,
    "error": 2.4061077092647044e-5,
    "mean": 0.5628746830588839
  }
}
