{
  "energy": {
    "variance": 0.0002653805999019558,
    "error": 1.6290506434790657e-5,
    "mean": -0.7471670825848572
  },
  "spin_stiffness": {
    "variance": 0.012382679794344873,
    "error": 0.00011127749006130967,
    "mean": 0.6886280656192019
  },
  "sqr_energy": {
    "variance": 0.000590812052251534,
    "error": 2.430662568625135e-5,
    "mean": 0.5585240296328882
  }
}
