{
  "energy": {
    "variance": 0.0008768485032671612,
    "error": 2.961162783886021e-5,
    "mean": -1.5302868674337968
  },
  "spin_stiffness": {
    "variance": 0.007880470611246972,
    "error": 8.877201479772199e-5,
    "mean": 0.7222461925207168
  },
  "sqr_energy": {
    "variance": 0.008189737083557695,
    "error": 9.049716616313295e-5,
    "mean": 2.3426547442667616
  }
}
