{
  "energy": {
    "variance": 0.001028505125175548,
    "error": 3.207031532703644e-5,
    "mean": -1.4978361833557954
  },
  "spin_stiffness": {
    "variance": 0.01177866428839414,
    "error": 0.0001085295549073806,
    "mean": 0.693669954660784
  },
  "sqr_energy": {
    "variance": 0.00920058067157616,
    "error": 9.591965737832971e-5,
    "mean": 2.2445417362665263
  }
}
