{
  "energy": {
    "variance": 0.0008077216035851951,
    "error": 2.842044340936987e-5,
    "mean": -0.6033685668512015
  },
  "spin_stiffness": {
    "variance": 0.3904407442177213,
    "error": 0.0006248525779875772,
    "mean": 0.2323633546602556
  },
  "sqr_energy": {
    "variance": 0.0011742039193942124,
    "error": 3.426665900542702e-5,
    "mean": 0.36486134825993655
  }
}
