{
  "energy": {
    "variance": 0.0009432460306003134,
    "error": 3.0712310733650657e-5,
    "mean": -1.5146878229148346
  },
  "spin_stiffness": {
    "variance": 0.009061335944164601,
    "error": 9.51910497061809e-5,
    "mean": 0.7087002999412736
  },
  "sqr_energy": {
    "variance": 0.008630993468957841,
    "error": 9.290314025348035e-5,
    "mean": 2.295222445973836
  }
}
