{
  "energy": {
    "variance": 0.00024424542264422623,
    "error": 1.5628353164816385e-5,
    "mean": -0.7560100258839664
  },
  "spin_stiffness": {
    "variance": 0.00811561960684126,
    "error": 9.008673380049506e-5,
    "mean": 0.7066819059455758
  },
  "sqr_energy": {
    "variance": 0.0005569006707664785,
    "error": 2.359874299123745e-5,
    "mean": 0.5717954044154743
  }
}
