{
  "energy": {
    "variance": 0.0017109736029526604,
    "error": 4.136391667809832e-5,
    "mean": -1.3916388061693743
  },
  "spin_stiffness": {
    "variance": 0.07929366256121737,
    "error": 0.0002815913041292599,
    "mean": 0.5585370110885808
  },
  "sqr_energy": {
    "variance": 0.013180736222620245,
    "error": 0.00011480738749148612,
    "mean": 1.9383695387285007
  }
}
