{
  "energy": {
    "variance": 0.0013377361431316922,
    "error": 3.657507543576215e-5,
    "mean": -1.4435213219410952
  },
  "spin_stiffness": {
    "variance": 0.030721511946680213,
    "error": 0.00017527553151161808,
    "mean": 0.6336167734039168
  },
  "sqr_energy": {
    "variance": 0.011105641180577117,
    "error": 0.00010538330598618132,
    "mean": 2.085091541703963
  }
}
