{
  "energy": {
    "variance": 0.0007278367262369863,
    "error": 2.697844929266666e-5,
    "mean": -1.5648720858672036
  },
  "spin_stiffness": {
    "variance": 0.0036842566278332527,
    "error": 6.069807762881171e-5,
    "mean": 0.7506677933141813
  },
  "sqr_energy": {
    "variance": 0.0071126886298953,
    "error": 8.433675728823879e-5,
    "mean": 2.4495524811247726
  }
}
