{
  "energy": {
    "variance": 0.0002683981239317526,
    "error": 1.6382860676077076e-5,
    "mean": -0.7456847239523384
  },
  "spin_stiffness": {
    "variance": 0.012452375693761439,
    "error": 0.00011159021325260311,
    "mean": 0.687311230604889
  },
  "sqr_energy": {
    "variance": 0.0005952604962953024,
    "error": 2.439796090445475e-5,
    "mean": 0.5563141053914089
  }
}
