{
  "energy": {
    "variance": 0.0003807708427827168,
    "error": 1.951335037308347e-5,
    "mean": -1.6758077234130002
  },
  "spin_stiffness": {
    "variance": 0.0005951618171500121,
    "error": 2.4395938538002838e-5,
    "mean": 0.8249708852361655
  },
  "sqr_energy": {
    "variance": 0.00427122589155746,
    "error": 6.535461645176612e-5,
    "mean": 2.808712296312674
  }
}
