{
  "energy": {
    "variance": 0.00038249070757350546,
    "error": 1.9557369648638988e-5,
    "mean": -0.7113904658098089
  },
  "spin_stiffness": {
    "variance": 0.07522299520273171,
    "error": 0.0002742681082494494,
    "mean": 0.5885503428840964
  },
  "sqr_energy": {
    "variance": 0.0007710248933805602,
    "error": 2.7767335006812598e-5,
    "mean": 0.5064588851701798
  }
}
