{
  "energy": {
    "variance": 0.0007975946711643209,
    "error": 2.8241718629791653e-5,
    "mean": -0.6204938199937636
  },
  "spin_stiffness": {
    "variance": 0.30509161448483474,
    "error": 0.0005523509884890537,
    "mean": 0.2948972621051789
  },
  "sqr_energy": {
    "variance": 0.0012234398063792314,
    "error": 3.49777044183753e-5,
    "mean": 0.3858101745240227
  }
}
