{
  "energy": {
    "variance": 0.0017492872414640248,
    "error": 4.182448136515293e-5,
    "mean": -1.3862037548966393
  },
  "spin_stiffness": {
    "variance": 0.13466350405520458,
    "error": 0.00036696526273641294,
    "mean": 0.5406350275531828
  },
  "sqr_energy": {
    "variance": 0.013373307637703676,
    "error": 0.00011564301811049241,
    "mean": 1.9233101355817193
  }
}
