{
  "energy": {
    "variance": 0.000546217282553486,
    "error": 2.3371291846055193e-5,
    "mean": -0.6682617666296399
  },
  "spin_stiffness": {
    "variance": 0.4333344306547729,
    "error": 0.0006582814220793209,
    "mean": 0.4224578976920217
  },
  "sqr_energy": {
    "variance": 0.0009714283395316852,
    "error": 3.116774517881724e-5,
    "mean": 0.4471200054753035
  }
}
