{
  "energy": {
    "variance": 0.00018664838777672225,
    "error": 1.3661932066026469e-5,
    "mean": -0.7814548252767028
  },
  "spin_stiffness": {
    "variance": 0.0030218187396495316,
    "error": 5.497107184373915e-5,
    "mean": 0.750040267058545
  },
  "sqr_energy": {
    "variance": 0.0004551077274735428,
    "error": 2.1333254029180426e-5,
    "mean": 0.6108582921493705
  }
}
