{
  "energy": {
    "variance": 0.0008199059780856129,
    "error": 2.863400038565364e-5,
    "mean": -0.5948436488079271
  },
  "spin_stiffness": {
    "variance": 0.38127708729839654,
    "error": 0.0006174763860249204,
    "mean": 0.20878014890153376
  },
  "sqr_energy": {
    "variance": 0.001159194518035963,
    "error": 3.404694579600295e-5,
    "mean": 0.3546588716853081
  }
}
