{
  "energy": {
    "variance": 0.000490142034530548,
    "error": 2.2139151621743504e-5,
    "mean": -0.6828885899226673
  },
  "spin_stiffness": {
    "variance": 0.10584103204447397,
    "error": 0.0003253321872248025,
    "mean": 0.5195649879660987
  },
  "sqr_energy": {
    "variance": 0.0009100666998064705,
    "error": 3.016731177626655e-5,
    "mean": 0.4668269677909575
  }
}
