{
  "energy": {
    "variance": 0.0002362932408686366,
    "error": 1.5371832710143466e-5,
    "mean": -0.7588074739502965
  },
  "spin_stiffness": {
    "variance": 0.007370905682399916,
    "error": 8.585397883849017e-5,
    "mean": 0.7118005770442244
  },
  "sqr_energy": {
    "variance": 0.0005429258716866814,
    "error": 2.3300769765968707e-5,
    "mean": 0.5760250755274051
  }
}
