{
  "energy": {
    "variance": 0.002297452858702546,
    "error": 4.7931752092976384e-5,
    "mean": -1.323565864277997
  },
  "spin_stiffness": {
    "variance": 0.19261323446448456,
    "error": 0.0004388772430469419,
    "mean": 0.43322622051047077
  },
  "sqr_energy": {
    "variance": 0.015995773154161886,
    "error": 0.00012647439722790493,
    "mean": 1.7541240476432107
  }
}
