{
  "energy": {
    "variance": 0.0005195404919589252,
    "error": 2.2793430894863657e-5,
    "mean": -1.6248757218951404
  },
  "spin_stiffness": {
    "variance": 0.0012587409310309725,
    "error": 3.5478739140941474e-5,
    "mean": 0.7929599156427144
  },
  "sqr_energy": {
    "variance": 0.005477335352256959,
    "error": 7.400902210039639e-5,
    "mean": 2.640740651576672
  }
}
