{
  "energy": {
    "variance": 0.001958161923832375,
    "error": 4.42511234188735e-5,
    "mean": -1.3595096922057661
  },
  "spin_stiffness": {
    "variance": 0.1350431642180157,
    "error": 0.0003674821957837083,
    "mean": 0.49940061544865644
  },
  "sqr_energy": {
    "variance": 0.01439009515047477,
    "error": 0.00011995872269441173,
    "mean": 1.8502247631670874
  }
}
