{
  "energy": {
    "variance": 0.00012662211228104252,
    "error": 1.1252649122808482e-5,
    "mean": -0.7737339490124113
  },
  "spin_stiffness": {
    "variance": 0.0036236066602433996,
    "error": 6.019640072498853e-5,
    "mean": 0.7375355181298459
  },
  "sqr_energy": {
    "variance": 0.0003027863980505423,
    "error": 1.740075854813641e-5,
    "mean": 0.5987908458399996
  }
}
