{
  "energy": {
    "variance": 0.00015733099092855195,
    "error": 1.2543165108079855e-5,
    "mean": -0.7519552544814239
  },
  "spin_stiffness": {
    "variance": 0.008444330555148075,
    "error": 9.189303866533131e-5,
    "mean": 0.6988241225363477
  },
  "sqr_energy": {
    "variance": 0.00035521681828808876,
    "error": 1.8847196563098945e-5,
    "mean": 0.5655940355758206
  }
}
