{
  "energy": {
    "variance": 0.00028112751836771344,
    "error": 1.676685773684841e-5,
    "mean": -0.6901286401934708
  },
  "spin_stiffness": {
    "variance": 0.08041010466465631,
    "error": 0.00028356675521763183,
    "mean": 0.535006151001102
  },
  "sqr_energy": {
    "variance": 0.0005336662802086317,
    "error": 2.3101218154214977e-5,
    "mean": 0.47655866725252916
  }
}
