{
  "energy": {
    "variance": 0.00026611393661990723,
    "error": 1.6312999007537125e-5,
    "mean": -0.6972799328378094
  },
  "spin_stiffness": {
    "variance": 0.07429015072006727,
    "error": 0.00027256219605819747,
    "mean": 0.549681898792704
  },
  "sqr_energy": {
    "variance": 0.0005158651930611323,
    "error": 2.271266591708539e-5,
    "mean": 0.4864654184088061
  }
}
