{
  "energy": {
    "variance": 0.0004236780231073703,
    "error": 2.0583440507052516e-5,
    "mean": -0.6377223324815524
  },
  "spin_stiffness": {
    "variance": 0.30059589896473843,
    "error": 0.0005482662664843957,
    "mean": 0.3033850832292641
  },
  "sqr_energy": {
    "variance": 0.0006864432844320905,
    "error": 2.620006267992675e-5,
    "mean": 0.407113450945141
  }
}
