{
  "energy": {
    "variance": 0.0004744314977891148,
    "error": 2.178144847775544e-5,
    "mean": -0.5825434586538248
  },
  "spin_stiffness": {
    "variance": 0.48956254626922974,
    "error": 0.0006996874632785911,
    "mean": 0.10820102595500665
  },
  "sqr_energy": {
    "variance": 0.0006457204904233181,
    "error": 2.541103088076747e-5,
    "mean": 0.3398313122437182
  }
}
