{
  "energy": {
    "variance": 0.00017247515654753254,
    "error": 1.3132979728436822e-5,
    "mean": -0.7427009316282814
  },
  "spin_stiffness": {
    "variance": 0.009752557033199587,
    "error": 9.87550354827519e-5,
    "mean": 0.6836119805430828
  },
  "sqr_energy": {
    "variance": 0.00037984471935181754,
    "error": 1.948960541806369e-5,
    "mean": 0.5517771488255896
  }
}
