{
  "energy": {
    "variance": 0.00016939280150320547,
    "error": 1.3015098981690669e-5,
    "mean": -0.7442473898325889
  },
  "spin_stiffness": {
    "variance": 0.012159983594524065,
    "error": 0.00011027231563055192,
    "mean": 0.6838520751460502
  },
  "sqr_energy": {
    "variance": 0.0003745857375779509,
    "error": 1.9354217565635427e-5,
    "mean": 0.5540735699047318
  }
}
