{
  "energy": {
    "variance": 0.0002941104488063513,
    "error": 1.7149648649647352e-5,
    "mean": -0.6801551169604731
  },
  "spin_stiffness": {
    "variance": 0.09016951420805755,
    "error": 0.0003002823907725152,
    "mean": 0.5092508601474748
  },
  "sqr_energy": {
    "variance": 0.0005428376041007418,
    "error": 2.329887559734894e-5,
    "mean": 0.4629050932822108
  }
}
