{
  "energy": {
    "variance": 0.00040749976214039184,
    "error": 2.0186623346671724e-5,
    "mean": -0.6484009904965607
  },
  "spin_stiffness": {
    "variance": 0.4801042015569027,
    "error": 0.0006928955199428718,
    "mean": 0.265899594104371
  },
  "sqr_energy": {
    "variance": 0.0006829283183332736,
    "error": 2.6132897243384123e-5,
    "mean": 0.42083134383156173
  }
}
