{
  "energy": {
    "variance": 8.333389566928404e-5,
    "error": 9.128740092109318e-6,
    "mean": -0.812280722296698
  },
  "spin_stiffness": {
    "variance": 0.0011209030135750067,
    "error": 3.3479889688811795e-5,
    "mean": 0.7924745334629801
  },
  "sqr_energy": {
    "variance": 0.00021969893569142882,
    "error": 1.482224462392349e-5,
    "mean": 0.6598833056271808
  }
}
