{
  "energy": {
    "variance": 0.0002820950179424712,
    "error": 1.679568450354052e-5,
    "mean": -0.6878693390278176
  },
  "spin_stiffness": {
    "variance": 0.10590923979926962,
    "error": 0.0003254369982028313,
    "mean": 0.5255601715744933
  },
  "sqr_energy": {
    "variance": 0.0005319394773592685,
    "error": 2.3063813157395903e-5,
    "mean": 0.4734463223104141
  }
}
