{
  "energy": {
    "variance": 0.0001552147957555553,
    "error": 1.2458523016616187e-5,
    "mean": -0.7533493718424323
  },
  "spin_stiffness": {
    "variance": 0.008619637137575402,
    "error": 9.284200093478921e-5,
    "mean": 0.7007590601998143
  },
  "sqr_energy": {
    "variance": 0.00035172791196515837,
    "error": 1.875441046701171e-5,
    "mean": 0.5676904906959283
  }
}
