{
  "energy": {
    "variance": 0.00019383317726777178,
    "error": 1.3922398402135021e-5,
    "mean": -0.7310218473103363
  },
  "spin_stiffness": {
    "variance": 0.016073622234932826,
    "error": 0.0001267817898396013,
    "mean": 0.657622525190647
  },
  "sqr_energy": {
    "variance": 0.00041342445640923513,
    "error": 2.0332841818330143e-5,
    "mean": 0.5345867742284514
  }
}
