{
  "energy": {
    "variance": 0.0004240251319335454,
    "error": 2.059187053022492e-5,
    "mean": -0.6344626195253456
  },
  "spin_stiffness": {
    "variance": 0.40833509349261,
    "error": 0.000639011027676839,
    "mean": 0.26124656354704334
  },
  "sqr_energy": {
    "variance": 0.0006812558761143607,
    "error": 2.6100878837969433e-5,
    "mean": 0.4029668402828716
  }
}
