{
  "energy": {
    "variance": 0.0004997614778746312,
    "error": 2.235534562190062e-5,
    "mean": -0.6029900605310388
  },
  "spin_stiffness": {
    "variance": 0.5046216355781327,
    "error": 0.00071036725401593,
    "mean": 0.12198903918777115
  },
  "sqr_energy": {
    "variance": 0.000726247764282759,
    "error": 2.694898447590853e-5,
    "mean": 0.3640967740773389
  }
}
