{
  "energy": {
    "variance": 0.00013922355992234604,
    "error": 1.179930336597657e-5,
    "mean": -0.7640395056727319
  },
  "spin_stiffness": {
    "variance": 0.008408367320493791,
    "error": 9.169715001293002e-5,
    "mean": 0.717908472175838
  },
  "sqr_energy": {
    "variance": 0.00032462411718745747,
    "error": 1.8017328247757975e-5,
    "mean": 0.5838955896493315
  }
}
