{
  "energy": {
    "variance": 0.0001354748781639015,
    "error": 1.1639367601545261e-5,
    "mean": -0.7666290012785599
  },
  "spin_stiffness": {
    "variance": 0.004680460342863977,
    "error": 6.841388998488521e-5,
    "mean": 0.7255705205717407
  },
  "sqr_energy": {
    "variance": 0.0003180273895448221,
    "error": 1.783332244829387e-5,
    "mean": 0.5878555003440514
  }
}
