{
  "energy": {
    "variance": 0.00041052336587056257,
    "error": 2.0261376208702176e-5,
    "mean": -0.37705911492395644
  },
  "spin_stiffness": {
    "variance": 0.27812704786947123,
    "error": 0.0005273775193061146,
    "mean": 0.0035768978654532003
  },
  "sqr_energy": {
    "variance": 0.00023387700514628028,
    "error": 1.5293037799805513e-5,
    "mean": 0.1425840991025846
  }
}
