{
  "energy": {
    "variance": 0.0004794400934123117,
    "error": 2.1896120510545053e-5,
    "mean": -0.45459149394801895
  },
  "spin_stiffness": {
    "variance": 0.3936698294755647,
    "error": 0.0006274311352455859,
    "mean": 0.009510531944922547
  },
  "sqr_energy": {
    "variance": 0.0003989098612236595,
    "error": 1.997272793645524e-5,
    "mean": 0.20713286598386396
  }
}
