{
  "energy": {
    "variance": 0.0001795905039250529,
    "error": 1.340113815782275e-5,
    "mean": -0.7393892701713949
  },
  "spin_stiffness": {
    "variance": 0.01574210950400161,
    "error": 0.00012546756355330093,
    "mean": 0.6724290359009862
  },
  "sqr_energy": {
    "variance": 0.00039183586039002744,
    "error": 1.979484428809753e-5,
    "mean": 0.5468760831689227
  }
}
