{
  "energy": {
    "variance": 0.000455313257546874,
    "error": 2.133807061444108e-5,
    "mean": -0.6125895454324701
  },
  "spin_stiffness": {
    "variance": 0.506530988061007,
    "error": 0.0007117099044280661,
    "mean": 0.17103756974122658
  },
  "sqr_energy": {
    "variance": 0.0006841587474118458,
    "error": 2.6156428414671714e-5,
    "mean": 0.37572126397539396
  }
}
