{
  "energy": {
    "variance": 0.0005062440631640343,
    "error": 2.249986806992508e-5,
    "mean": -0.5383613577571821
  },
  "spin_stiffness": {
    "variance": 0.6062182944380612,
    "error": 0.0007786002147688255,
    "mean": -0.010548398674202035
  },
  "sqr_energy": {
    "variance": 0.000587950086239215,
    "error": 2.4247682079720836e-5,
    "mean": 0.2903391950830766
  }
}
