{
  "energy": {
    "variance": 0.00025651420296237917,
    "error": 1.601606078167722e-5,
    "mean": -0.7023617382366832
  },
  "spin_stiffness": {
    "variance": 0.05258287759819741,
    "error": 0.00022930956717546132,
    "mean": 0.5742690199601637
  },
  "sqr_energy": {
    "variance": 0.00050421077839871,
    "error": 2.2454638237983482e-5,
    "mean": 0.4935685252853032
  }
}
