{
  "energy": {
    "variance": 0.000132252798903912,
    "error": 1.1500121690830581e-5,
    "mean": -0.7690479558666374
  },
  "spin_stiffness": {
    "variance": 0.004403974213610385,
    "error": 6.636244580792954e-5,
    "mean": 0.7296460705127668
  },
  "sqr_energy": {
    "variance": 0.00031243435488739134,
    "error": 1.7675812707974458e-5,
    "mean": 0.5915670110893044
  }
}
