{
  "energy": {
    "variance": 0.0001201727268448299,
    "error": 1.0962332180919801e-5,
    "mean": -0.7792797372982553
  },
  "spin_stiffness": {
    "variance": 0.003333817332320376,
    "error": 5.7739218321002373e-5,
    "mean": 0.7454005797214214
  },
  "sqr_energy": {
    "variance": 0.00029151063648150176,
    "error": 1.707368256942543e-5,
    "mean": 0.6073970815703098
  }
}
