{
  "energy": {
    "variance": 0.00021072130579671922,
    "error": 1.4516242826458891e-5,
    "mean": -0.7236263696447955
  },
  "spin_stiffness": {
    "variance": 0.020910159735845094,
    "error": 0.00014460345685994195,
    "mean": 0.64084361468832
  },
  "sqr_energy": {
    "variance": 0.0004400328430809986,
    "error": 2.0976959815020828e-5,
    "mean": 0.5238458439403818
  }
}
