{
  "energy": {
    "variance": 0.0001223445804677786,
    "error": 1.1060948443410204e-5,
    "mean": -0.7771384697957262
  },
  "spin_stiffness": {
    "variance": 0.003219374394133182,
    "error": 5.673953114128792e-5,
    "mean": 0.7429568539394377
  },
  "sqr_energy": {
    "variance": 0.00029516688104028237,
    "error": 1.7180421445362812e-5,
    "mean": 0.6040665456945659
  }
}
