{
  "energy": {
    "variance": 0.00018107232352445346,
    "error": 1.3456311661241109e-5,
    "mean": -0.7378391110496232
  },
  "spin_stiffness": {
    "variance": 0.012708189264213448,
    "error": 0.0001127306048250139,
    "mean": 0.6716257220189398
  },
  "sqr_energy": {
    "variance": 0.00039340814195758657,
    "error": 1.9834518949487698e-5,
    "mean": 0.5445876259369503
  }
}
