{
  "energy": {
    "variance": 0.0003934652089964722,
    "error": 1.98359574761712e-5,
    "mean": -0.655529401525391
  },
  "spin_stiffness": {
    "variance": 0.2864948630540955,
    "error": 0.000535252149042015,
    "mean": 0.34794985576543475
  },
  "sqr_energy": {
    "variance": 0.0006735138772326964,
    "error": 2.5952145908049614e-5,
    "mean": 0.4301122610797685
  }
}
