{
  "energy": {
    "variance": 0.00019595494471252644,
    "error": 1.3998390790106071e-5,
    "mean": -0.7293918839648498
  },
  "spin_stiffness": {
    "variance": 0.015285844900286014,
    "error": 0.00012363593692889626,
    "mean": 0.6555922654528732
  },
  "sqr_energy": {
    "variance": 0.00041612513930290346,
    "error": 2.0399145553255493e-5,
    "mean": 0.5322084751425504
  }
}
