{
  "energy": {
    "variance": 0.0002045346399076498,
    "error": 1.430156075075898e-5,
    "mean": -0.7255007000506564
  },
  "spin_stiffness": {
    "variance": 0.018677095079969626,
    "error": 0.00013666416896893505,
    "mean": 0.645158107782932
  },
  "sqr_energy": {
    "variance": 0.00042974317958065575,
    "error": 2.073024793823402e-5,
    "mean": 0.5265558002093653
  }
}
