{
  "energy": {
    "variance": 0.00046507740686170133,
    "error": 2.1565653406787872e-5,
    "mean": -0.6254950277019987
  },
  "spin_stiffness": {
    "variance": 0.562899011459882,
    "error": 0.0007502659604832688,
    "mean": 0.22390058722446643
  },
  "sqr_energy": {
    "variance": 0.0007253222535612061,
    "error": 2.6931807469258466e-5,
    "mean": 0.3917091066217085
  }
}
