{
  "energy": {
    "variance": 0.0004954295468023159,
    "error": 2.2258246714472276e-5,
    "mean": -0.5950059214586665
  },
  "spin_stiffness": {
    "variance": 0.5770812978815113,
    "error": 0.0007596586719583416,
    "mean": 0.09240951135158224
  },
  "sqr_energy": {
    "variance": 0.0007021406000428113,
    "error": 2.6497935769467238e-5,
    "mean": 0.3545274756222494
  }
}
