{
  "energy": {
    "variance": 0.00015244482956846747,
    "error": 1.2346855047681877e-5,
    "mean": -0.754767664189274
  },
  "spin_stiffness": {
    "variance": 0.007620663221144523,
    "error": 8.729641012747616e-5,
    "mean": 0.7041603053145835
  },
  "sqr_energy": {
    "variance": 0.0003467913042240241,
    "error": 1.8622333479562224e-5,
    "mean": 0.5698266715828564
  }
}
