{
  "energy": {
    "variance": 0.00015080804368617783,
    "error": 1.228039265195449e-5,
    "mean": -0.7561393971523729
  },
  "spin_stiffness": {
    "variance": 0.007398906900849151,
    "error": 8.601689892602006e-5,
    "mean": 0.706711446253312
  },
  "sqr_energy": {
    "variance": 0.00034430583473873966,
    "error": 1.8555479911302204e-5,
    "mean": 0.571897595818832
  }
}
