{
  "energy": {
    "variance": 0.0001311827804101115,
    "error": 1.1453505158252277e-5,
    "mean": -0.7702073431218212
  },
  "spin_stiffness": {
    "variance": 0.00447834436841048,
    "error": 6.692043311583152e-5,
    "mean": 0.730990283978475
  },
  "sqr_energy": {
    "variance": 0.0003108257576371138,
    "error": 1.763025120743076e-5,
    "mean": 0.5933505340480021
  }
}
