{
  "energy": {
    "variance": 0.00027554862730048887,
    "error": 1.6599657445275454e-5,
    "mean": -0.6924901659689043
  },
  "spin_stiffness": {
    "variance": 0.14161922399925705,
    "error": 0.0003763232971784461,
    "mean": 0.5219586488999617
  },
  "sqr_energy": {
    "variance": 0.0005265501612004242,
    "error": 2.2946680831885562e-5,
    "mean": 0.4798181783153927
  }
}
