{
  "energy": {
    "variance": 0.0001467220633425428,
    "error": 1.2112888315449079e-5,
    "mean": -0.7588208322900222
  },
  "spin_stiffness": {
    "variance": 0.006478237841647983,
    "error": 8.04875011517191e-5,
    "mean": 0.7115825423580132
  },
  "sqr_energy": {
    "variance": 0.00033740016934354165,
    "error": 1.8368455823599915e-5,
    "mean": 0.5759557774339423
  }
}
