{
  "energy": {
    "variance": 0.0004674969623158993,
    "error": 2.1621678064292308e-5,
    "mean": -0.49484893774834904
  },
  "spin_stiffness": {
    "variance": 0.4505455585106834,
    "error": 0.0006712269053834801,
    "mean": 0.021295418379593173
  },
  "sqr_energy": {
    "variance": 0.0004590341751385148,
    "error": 2.142508285021355e-5,
    "mean": 0.24534296768548836
  }
}
