{
  "energy": {
    "variance": 0.00012357473739519354,
    "error": 1.1116417471253655e-5,
    "mean": -0.7760025750388704
  },
  "spin_stiffness": {
    "variance": 0.0035040897815883797,
    "error": 5.9195352702626746e-5,
    "mean": 0.7408289117206773
  },
  "sqr_energy": {
    "variance": 0.00029726910192276343,
    "error": 1.724149361055368e-5,
    "mean": 0.602303571080778
  }
}
