{
  "energy": {
    "variance": 0.00022040961159762516,
    "error": 1.4846198557126507e-5,
    "mean": -0.7177969033932909
  },
  "spin_stiffness": {
    "variance": 0.02502631958362268,
    "error": 0.00015819709094551227,
    "mean": 0.6255481122216946
  },
  "sqr_energy": {
    "variance": 0.00045303970247901406,
    "error": 2.1284729325951365e-5,
    "mean": 0.5154528039121856
  }
}
