{
  "energy": {
    "variance": 0.00047204615844046664,
    "error": 2.172662326364745e-5,
    "mean": -0.590749002719006
  },
  "spin_stiffness": {
    "variance": 0.5248838050188561,
    "error": 0.0007244886507177708,
    "mean": 0.09103311346993034
  },
  "sqr_energy": {
    "variance": 0.0006603953546948757,
    "error": 2.5698158585682276e-5,
    "mean": 0.3494564298998944
  }
}
