{
  "energy": {
    "variance": 0.0002454862898372318,
    "error": 1.5668002101009298e-5,
    "mean": -0.7050238749813897
  },
  "spin_stiffness": {
    "variance": 0.040540777382721944,
    "error": 0.00020134740470818577,
    "mean": 0.5912283246809109
  },
  "sqr_energy": {
    "variance": 0.0004867667279407065,
    "error": 2.206279057464641e-5,
    "mean": 0.4973041503381252
  }
}
