{
  "energy": {
    "variance": 0.00014202880462297205,
    "error": 1.1917583841659016e-5,
    "mean": -0.7614779079278177
  },
  "spin_stiffness": {
    "variance": 0.006063504643795218,
    "error": 7.786850867838177e-5,
    "mean": 0.7162548949190976
  },
  "sqr_energy": {
    "variance": 0.0003289438973144952,
    "error": 1.813681056069383e-5,
    "mean": 0.5799906329247202
  }
}
