{
  "energy": {
    "variance": 0.0002946777699653687,
    "error": 1.7166180995357375e-5,
    "mean": -0.6828022249886863
  },
  "spin_stiffness": {
    "variance": 0.07874733598544882,
    "error": 0.00028061955738231935,
    "mean": 0.5195878007516056
  },
  "sqr_energy": {
    "variance": 0.0005472745884789607,
    "error": 2.3393900668314396e-5,
    "mean": 0.46651355592478816
  }
}
