{
  "energy": {
    "variance": 0.00016445783511373003,
    "error": 1.2824111474629735e-5,
    "mean": -0.747269560883539
  },
  "spin_stiffness": {
    "variance": 0.010751552626183698,
    "error": 0.00010368969392463119,
    "mean": 0.6889837913118086
  },
  "sqr_energy": {
    "variance": 0.0003666688364726625,
    "error": 1.9148598812254187e-5,
    "mean": 0.558576254293733
  }
}
