{
  "energy": {
    "variance": 9.130704519476298e-5,
    "error": 9.555472002719855e-6,
    "mean": -0.80444956289881
  },
  "spin_stiffness": {
    "variance": 0.0013674401085931997,
    "error": 3.6978914378239924e-5,
    "mean": 0.7822093613197431
  },
  "sqr_energy": {
    "variance": 0.00023609183377131765,
    "error": 1.5365280139695393e-5,
    "mean": 0.6472304062019743
  }
}
