{
  "energy": {
    "variance": 0.00024305148345799322,
    "error": 1.559010851334888e-5,
    "mean": -0.7092033157052693
  },
  "spin_stiffness": {
    "variance": 0.07435776294227994,
    "error": 0.0002726861986648388,
    "mean": 0.5879093665854642
  },
  "sqr_energy": {
    "variance": 0.0004875038050718125,
    "error": 2.2079488333560007e-5,
    "mean": 0.5032123942477544
  }
}
