{
  "energy": {
    "variance": 0.00010012537244599464,
    "error": 1.0006266658749139e-5,
    "mean": -0.7959197749816366
  },
  "spin_stiffness": {
    "variance": 0.0017788015114084434,
    "error": 4.217584037584128e-5,
    "mean": 0.7704096598514917
  },
  "sqr_energy": {
    "variance": 0.0002534134855779902,
    "error": 1.5918966222025545e-5,
    "mean": 0.6335884134791393
  }
}
