{
  "energy": {
    "variance": 0.00023238533821801275,
    "error": 1.524419031034488e-5,
    "mean": -0.7115715005294835
  },
  "spin_stiffness": {
    "variance": 0.03020035099838486,
    "error": 0.00017378248185126387,
    "mean": 0.6100125931146557
  },
  "sqr_energy": {
    "variance": 0.00046932849823655925,
    "error": 2.166399081971185e-5,
    "mean": 0.5065663854716134
  }
}
