{
  "energy": {
    "variance": 0.00014398613155398719,
    "error": 1.1999422134169095e-5,
    "mean": -0.7602045649613055
  },
  "spin_stiffness": {
    "variance": 0.005807471964973829,
    "error": 7.62067711228722e-5,
    "mean": 0.7146520839142874
  },
  "sqr_energy": {
    "variance": 0.00033233188273503275,
    "error": 1.82299720991293e-5,
    "mean": 0.5780549665755756
  }
}
