{
  "energy": {
    "variance": 0.00011815200544332749,
    "error": 1.0869774857067072e-5,
    "mean": -0.7803995731233069
  },
  "spin_stiffness": {
    "variance": 0.002997652046001676,
    "error": 5.4750817765597584e-5,
    "mean": 0.7477626038930427
  },
  "sqr_energy": {
    "variance": 0.00028747175420448356,
    "error": 1.6954992014285456e-5,
    "mean": 0.609141645618331
  }
}
