{
  "energy": {
    "variance": 0.00028391829414027277,
    "error": 1.6849875196578543e-5,
    "mean": -0.6851935720755251
  },
  "spin_stiffness": {
    "variance": 0.0699493087300018,
    "error": 0.0002644793162612188,
    "mean": 0.5229111389205415
  },
  "sqr_energy": {
    "variance": 0.0005315693506573618,
    "error": 2.305578779086418e-5,
    "mean": 0.46977414922383987
  }
}
