{
  "energy": {
    "variance": 0.00022500735476105053,
    "error": 1.500024515669829e-5,
    "mean": -0.7157386518323868
  },
  "spin_stiffness": {
    "variance": 0.024963445543454046,
    "error": 0.0001579982453809347,
    "mean": 0.6212470422872233
  },
  "sqr_energy": {
    "variance": 0.0004597680551759516,
    "error": 2.1442202666143036e-5,
    "mean": 0.5125068248565964
  }
}
