{
  "energy": {
    "variance": 0.00016049803767034072,
    "error": 1.2668782012109165e-5,
    "mean": -0.75048911211994
  },
  "spin_stiffness": {
    "variance": 0.009655752791386571,
    "error": 9.826369009652839e-5,
    "mean": 0.6950235495549543
  },
  "sqr_energy": {
    "variance": 0.00036095639722241284,
    "error": 1.8998852523834506e-5,
    "mean": 0.5633944052877481
  }
}
