{
  "energy": {
    "variance": 0.00024020626355739804,
    "error": 1.549858908279712e-5,
    "mean": -0.707255067109883
  },
  "spin_stiffness": {
    "variance": 0.04105050298078589,
    "error": 0.00020260923715562895,
    "mean": 0.5947243563684006
  },
  "sqr_energy": {
    "variance": 0.0004792013612580057,
    "error": 2.1890668360239842e-5,
    "mean": 0.5004499359759562
  }
}
