{
  "energy": {
    "variance": 0.00047838500442359203,
    "error": 2.187201418305118e-5,
    "mean": -0.6176026296917598
  },
  "spin_stiffness": {
    "variance": 0.4394746298223024,
    "error": 0.0006629288271166841,
    "mean": 0.20959815912035562
  },
  "sqr_energy": {
    "variance": 0.0007271883618838758,
    "error": 2.696643027699209e-5,
    "mean": 0.38191139272821556
  }
}
