{
  "energy": {
    "variance": 0.00021692654796067633,
    "error": 1.4728426526980956e-5,
    "mean": -0.7195875719052703
  },
  "spin_stiffness": {
    "variance": 0.031169791599411897,
    "error": 0.00017654968592272231,
    "mean": 0.6250703977945585
  },
  "sqr_energy": {
    "variance": 0.0004480289216538594,
    "error": 2.116669368734426e-5,
    "mean": 0.5180231999715568
  }
}
