{
  "energy": {
    "variance": 0.00019874782141350374,
    "error": 1.4097794913159425e-5,
    "mean": -0.7273876157209102
  },
  "spin_stiffness": {
    "variance": 0.017134560847109605,
    "error": 0.00013089904830482766,
    "mean": 0.6504219912430838
  },
  "sqr_energy": {
    "variance": 0.0004197028744077427,
    "error": 2.048665112720336e-5,
    "mean": 0.5292914911268162
  }
}
