{
  "energy": {
    "variance": 0.0001752578086831614,
    "error": 1.3238497221481047e-5,
    "mean": -0.7411564864609331
  },
  "spin_stiffness": {
    "variance": 0.010927441227223564,
    "error": 0.0001045344021230502,
    "mean": 0.679993686019561
  },
  "sqr_energy": {
    "variance": 0.0003842796416735446,
    "error": 1.9603051845912785e-5,
    "mean": 0.5494881950565407
  }
}
