{
  "energy": {
    "variance": 0.00040966645378301886,
    "error": 2.024021871875447e-5,
    "mean": -0.6535551236739839
  },
  "spin_stiffness": {
    "variance": 0.3248421658024344,
    "error": 0.0005699492659899076,
    "mean": 0.36724724608539616
  },
  "sqr_energy": {
    "variance": 0.0006950525220100923,
    "error": 2.6363848770809097e-5,
    "mean": 0.4275439657246331
  }
}
