{
  "energy": {
    "variance": 0.0003168891617618325,
    "error": 1.7801380894802303e-5,
    "mean": -0.6761617344855422
  },
  "spin_stiffness": {
    "variance": 0.2100256773865038,
    "error": 0.00045828558496477254,
    "mean": 0.4393716522592391
  },
  "sqr_energy": {
    "variance": 0.0005776542302064656,
    "error": 2.403443842086737e-5,
    "mean": 0.4575115800273694
  }
}
