{
  "energy": {
    "variance": 0.00011704396188069383,
    "error": 1.0818685774191513e-5,
    "mean": -0.7814398250848337
  },
  "spin_stiffness": {
    "variance": 0.002799610523994705,
    "error": 5.291134589097791e-5,
    "mean": 0.749407822580505
  },
  "sqr_energy": {
    "variance": 0.0002855080262546267,
    "error": 1.689698275594275e-5,
    "mean": 0.6107652440734522
  }
}
