{
  "energy": {
    "variance": 0.00018575378199920032,
    "error": 1.362915191782674e-5,
    "mean": -0.7345806733251491
  },
  "spin_stiffness": {
    "variance": 0.012312772004732056,
    "error": 0.00011096293076848708,
    "mean": 0.6676406346229711
  },
  "sqr_energy": {
    "variance": 0.0004000875139631183,
    "error": 2.0002187729423955e-5,
    "mean": 0.5397945192190748
  }
}
