{
  "energy": {
    "variance": 0.00012494613072886368,
    "error": 1.1177930520846142e-5,
    "mean": -0.7749146176471738
  },
  "spin_stiffness": {
    "variance": 0.0043658321341448385,
    "error": 6.607444388070806e-5,
    "mean": 0.7383525522390949
  },
  "sqr_energy": {
    "variance": 0.0002996854646329736,
    "error": 1.7311425840553216e-5,
    "mean": 0.6006176106490482
  }
}
