{
  "energy": {
    "variance": 0.00012116035972733994,
    "error": 1.1007286665084177e-5,
    "mean": -0.7782474617384482
  },
  "spin_stiffness": {
    "variance": 0.00314255990183285,
    "error": 5.6058539954522986e-5,
    "mean": 0.744551859777553
  },
  "sqr_energy": {
    "variance": 0.0002931364352700308,
    "error": 1.7121227621582242e-5,
    "mean": 0.6057902719409042
  }
}
