{
  "energy": {
    "variance": 0.00038067938525429725,
    "error": 1.951100677192997e-5,
    "mean": -0.6596595841242671
  },
  "spin_stiffness": {
    "variance": 0.338844698759353,
    "error": 0.0005821036838565385,
    "mean": 0.35205520407711144
  },
  "sqr_energy": {
    "variance": 0.0006593162301495051,
    "error": 2.5677153856093652e-5,
    "mean": 0.4355314459315759
  }
}
