{
  "energy": {
    "variance": 0.0001409012288210672,
    "error": 1.1870182341525642e-5,
    "mean": -0.7628154085792166
  },
  "spin_stiffness": {
    "variance": 0.0068220611472809825,
    "error": 8.259576954833088e-5,
    "mean": 0.7171072799771604
  },
  "sqr_energy": {
    "variance": 0.00032748442149726706,
    "error": 1.8096530648090174e-5,
    "mean": 0.582028248653797
  }
}
