{
  "energy": {
    "variance": 0.0001489861209102466,
    "error": 1.2205987092826479e-5,
    "mean": -0.7574706071468498
  },
  "spin_stiffness": {
    "variance": 0.007976243256918413,
    "error": 8.930981612856681e-5,
    "mean": 0.7079973929722821
  },
  "sqr_energy": {
    "variance": 0.0003413940108159768,
    "error": 1.847685067363962e-5,
    "mean": 0.5739107066633415
  }
}
