{
  "energy": {
    "variance": 0.0003612456806968581,
    "error": 1.900646418187397e-5,
    "mean": -0.6665871761682308
  },
  "spin_stiffness": {
    "variance": 0.16648190821238268,
    "error": 0.0004080219457484887,
    "mean": 0.43775770508794964
  },
  "sqr_energy": {
    "variance": 0.0006382370539913547,
    "error": 2.526335397351972e-5,
    "mean": 0.4446997087513872
  }
}
