{
  "energy": {
    "variance": 0.00031868466047599905,
    "error": 1.7851741104889434e-5,
    "mean": -0.6716246420501608
  },
  "spin_stiffness": {
    "variance": 0.10983463227174957,
    "error": 0.00033141308403825814,
    "mean": 0.4836185416547013
  },
  "sqr_energy": {
    "variance": 0.0005731635543791964,
    "error": 2.39408344545297e-5,
    "mean": 0.45139834415079794
  }
}
