{
  "energy": {
    "variance": 0.0003431667862190776,
    "error": 1.8524761434876228e-5,
    "mean": -0.6725214896820064
  },
  "spin_stiffness": {
    "variance": 0.1547785741449877,
    "error": 0.00039341908208040405,
    "mean": 0.4584602576698259
  },
  "sqr_energy": {
    "variance": 0.0006179092621038288,
    "error": 2.4857780715579353e-5,
    "mean": 0.45262832052715746
  }
}
