{
  "energy": {
    "variance": 0.00013390774558725175,
    "error": 1.157185143299255e-5,
    "mean": -0.7678517105060191
  },
  "spin_stiffness": {
    "variance": 0.004954542866334005,
    "error": 7.038851373863497e-5,
    "mean": 0.7272641152752083
  },
  "sqr_energy": {
    "variance": 0.0003153919188493853,
    "error": 1.775927697991631e-5,
    "mean": 0.5897301569386988
  }
}
