{
  "energy": {
    "variance": 0.00043810864232973534,
    "error": 2.0931044941180917e-5,
    "mean": -0.628497156545243
  },
  "spin_stiffness": {
    "variance": 0.40299769962524346,
    "error": 0.0006348209980972931,
    "mean": 0.22703898931287578
  },
  "sqr_energy": {
    "variance": 0.0006900649514198037,
    "error": 2.626908737318074e-5,
    "mean": 0.3954467839896767
  }
}
