{
  "energy": {
    "variance": 0.0004140687797224085,
    "error": 2.0348680048652013e-5,
    "mean": -0.6459094838762082
  },
  "spin_stiffness": {
    "variance": 0.3971533656978338,
    "error": 0.0006302010518063532,
    "mean": 0.313295497421543
  },
  "sqr_energy": {
    "variance": 0.0006878650764081643,
    "error": 2.6227182014241717e-5,
    "mean": 0.41761312972688325
  }
}
