{
  "energy": {
    "variance": 0.00045105567011145353,
    "error": 2.12380712427342e-5,
    "mean": -0.6229545170575177
  },
  "spin_stiffness": {
    "variance": 0.3482238571667616,
    "error": 0.0005901049543655446,
    "mean": 0.2372055272323776
  },
  "sqr_energy": {
    "variance": 0.000697115141618512,
    "error": 2.640293812473362e-5,
    "mean": 0.3885233855414208
  }
}
