{
  "energy": {
    "variance": 0.00044017302113717494,
    "error": 2.0980300787576306e-5,
    "mean": -0.6403655714652562
  },
  "spin_stiffness": {
    "variance": 0.38002838644939524,
    "error": 0.0006164644243177341,
    "mean": 0.28232036747837835
  },
  "sqr_energy": {
    "variance": 0.000718499391649127,
    "error": 2.6804838959582035e-5,
    "mean": 0.4105082376989883
  }
}
