{
  "energy": {
    "variance": 0.0004979540395138198,
    "error": 2.2314883811344836e-5,
    "mean": -0.6006191846168065
  },
  "spin_stiffness": {
    "variance": 0.7404901117863111,
    "error": 0.0008605173512407005,
    "mean": 0.11537837314123721
  },
  "sqr_energy": {
    "variance": 0.0007182040955176064,
    "error": 2.6799330131882147e-5,
    "mean": 0.3612413584713174
  }
}
