{
  "energy": {
    "variance": 0.00018978894924709597,
    "error": 1.3776391009516825e-5,
    "mean": -0.7327500280310281
  },
  "spin_stiffness": {
    "variance": 0.014754074722856848,
    "error": 0.0001214663522250374,
    "mean": 0.6611931439117796
  },
  "sqr_energy": {
    "variance": 0.00040683390103032083,
    "error": 2.0170123971615066e-5,
    "mean": 0.5371123923389306
  }
}
