{
  "energy": {
    "variance": 0.00011635492995840326,
    "error": 1.0786794239179834e-5,
    "mean": -0.7824858416998629
  },
  "spin_stiffness": {
    "variance": 0.003000890522735543,
    "error": 5.4780384470497676e-5,
    "mean": 0.75021977670495
  },
  "sqr_energy": {
    "variance": 0.00028458713511167265,
    "error": 1.6869710581740063e-5,
    "mean": 0.6124004472743465
  }
}
