{
  "energy": {
    "variance": 0.00027899800857721096,
    "error": 1.6703233476701777e-5,
    "mean": -0.6947543647365547
  },
  "spin_stiffness": {
    "variance": 0.07984802099928313,
    "error": 0.00028257392130075123,
    "mean": 0.5414165091740536
  },
  "sqr_energy": {
    "variance": 0.0005364384719056775,
    "error": 2.3161141420613915e-5,
    "mean": 0.48296262505007287
  }
}
