{
  "energy": {
    "variance": 0.00012978322596654882,
    "error": 1.1392244114596071e-5,
    "mean": -0.7714642272906126
  },
  "spin_stiffness": {
    "variance": 0.004131258922249278,
    "error": 6.427487006792995e-5,
    "mean": 0.7332971970069275
  },
  "sqr_energy": {
    "variance": 0.0003085298352658808,
    "error": 1.7565017371636182e-5,
    "mean": 0.5952868370852854
  }
}
