{
  "energy": {
    "variance": 0.00035933772466406773,
    "error": 1.8956205439487822e-5,
    "mean": -0.6627577284472858
  },
  "spin_stiffness": {
    "variance": 0.18400305822203558,
    "error": 0.0004289557765341733,
    "mean": 0.41839604106715506
  },
  "sqr_energy": {
    "variance": 0.0006288897525546438,
    "error": 2.507767438489151e-5,
    "mean": 0.4396071439819325
  }
}
