{
  "energy": {
    "variance": 0.00038738715450516414,
    "error": 1.9682153197888795e-5,
    "mean": -0.3412866183171399
  },
  "spin_stiffness": {
    "variance": 0.24053119572929268,
    "error": 0.0004904397982722168,
    "mean": -0.007713142144727368
  },
  "sqr_energy": {
    "variance": 0.000180686710159244,
    "error": 1.344197567916428e-5,
    "mean": 0.1168639426094671
  }
}
