{
  "energy": {
    "variance": 0.00016666512897081515,
    "error": 1.2909884932516445e-5,
    "mean": -0.7458306401503921
  },
  "spin_stiffness": {
    "variance": 0.010795502280129246,
    "error": 0.00010390140653585612,
    "mean": 0.6871691109932766
  },
  "sqr_energy": {
    "variance": 0.0003701428924734149,
    "error": 1.9239098016108108e-5,
    "mean": 0.5564300087494491
  }
}
