{
  "energy": {
    "variance": 0.00011339945141035138,
    "error": 1.0648917851610622e-5,
    "mean": -0.7845811558413932
  },
  "spin_stiffness": {
    "variance": 0.0025487367803050556,
    "error": 5.048501540363294e-5,
    "mean": 0.7540202734233169
  },
  "sqr_energy": {
    "variance": 0.0002788504564551386,
    "error": 1.6698816019560746e-5,
    "mean": 0.6156809894394273
  }
}
