{
  "energy": {
    "variance": 0.00018302745188543944,
    "error": 1.3528763871301748e-5,
    "mean": -0.7362294597979495
  },
  "spin_stiffness": {
    "variance": 0.013570719135485406,
    "error": 0.00011649342958075106,
    "mean": 0.6679999279715533
  },
  "sqr_energy": {
    "variance": 0.00039608555550478867,
    "error": 1.9901898288977075e-5,
    "mean": 0.5422168447432387
  }
}
