{
  "energy": {
    "variance": 0.0002253341229276683,
    "error": 1.5011133299243875e-5,
    "mean": -0.7136827501586679
  },
  "spin_stiffness": {
    "variance": 0.03075600275252075,
    "error": 0.0001753738941590816,
    "mean": 0.6142144735771649
  },
  "sqr_energy": {
    "variance": 0.00045800378499052913,
    "error": 2.1401022989346308e-5,
    "mean": 0.5095684017716331
  }
}
