{
  "energy": {
    "variance": 0.0004703504737172884,
    "error": 2.16875649559209e-5,
    "mean": -0.6089647201683067
  },
  "spin_stiffness": {
    "variance": 0.6344377108184738,
    "error": 0.0007965159827765378,
    "mean": 0.10980302518114372
  },
  "sqr_energy": {
    "variance": 0.0006968184531509416,
    "error": 2.639731905233828e-5,
    "mean": 0.371308380413031
  }
}
