{
  "energy": {
    "variance": 4.150768271009693e-5,
    "error": 6.442645629715865e-6,
    "mean": -0.8649100974812931
  },
  "spin_stiffness": {
    "variance": 0.00022555469919633236,
    "error": 1.5018478591266572e-5,
    "mean": 0.8567116745523491
  },
  "sqr_energy": {
    "variance": 0.00012411645955709332,
    "error": 1.1140756686917335e-5,
    "mean": 0.7481109843663025
  }
}
