{
  "energy": {
    "variance": 1.7131332726529728e-5,
    "error": 4.1390014165894804e-6,
    "mean": -0.9126605750980777
  },
  "spin_stiffness": {
    "variance": 4.7128474523963024e-5,
    "error": 6.8650181736076285e-6,
    "mean": 0.909665774729456
  },
  "sqr_energy": {
    "variance": 5.7055548588081274e-5,
    "error": 7.5535123345422085e-6,
    "mean": 0.8329664566539491
  }
}
