{
  "energy": {
    "variance": 0.00011252803686236951,
    "error": 1.0607923305829918e-5,
    "mean": -0.7855469590880723
  },
  "spin_stiffness": {
    "variance": 0.0026461160697588285,
    "error": 5.1440412807041394e-5,
    "mean": 0.7549901858072696
  },
  "sqr_energy": {
    "variance": 0.00027738743649247436,
    "error": 1.6654952311323932e-5,
    "mean": 0.6171965528568518
  }
}
