{
  "energy": {
    "variance": 0.0001279735288064221,
    "error": 1.1312538565963967e-5,
    "mean": -0.772604964371909
  },
  "spin_stiffness": {
    "variance": 0.004359304681935466,
    "error": 6.602503072271505e-5,
    "mean": 0.7346241931198368
  },
  "sqr_energy": {
    "variance": 0.0003051298878803375,
    "error": 1.7467967479942748e-5,
    "mean": 0.5970464043729515
  }
}
