{
  "energy": {
    "variance": 0.0004946888049757558,
    "error": 2.2241600773679844e-5,
    "mean": -0.5871226789927458
  },
  "spin_stiffness": {
    "variance": 0.5739939328368271,
    "error": 0.0007576238729322268,
    "mean": 0.06324299182647726
  },
  "sqr_energy": {
    "variance": 0.0006819458507739868,
    "error": 2.6114092953307545e-5,
    "mean": 0.34520772849790576
  }
}
