{
  "energy": {
    "variance": 0.00013701018438103856,
    "error": 1.1705134957831052e-5,
    "mean": -0.7653537561373145
  },
  "spin_stiffness": {
    "variance": 0.004747612345222855,
    "error": 6.890291971479042e-5,
    "mean": 0.7238132370385781
  },
  "sqr_energy": {
    "variance": 0.0003205987770506924,
    "error": 1.7905272325510506e-5,
    "mean": 0.5859033820808668
  }
}
