{
  "energy": {
    "variance": 0.0004464743420076379,
    "error": 2.1129939470041977e-5,
    "mean": -0.4152386839326992
  },
  "spin_stiffness": {
    "variance": 0.34324100605346786,
    "error": 0.0005858677376793058,
    "mean": -0.0019262826371040846
  },
  "sqr_energy": {
    "variance": 0.000308716653240419,
    "error": 1.7570334465809665e-5,
    "mean": 0.17286963852969336
  }
}
