{
  "energy": {
    "variance": 0.00021104859691125917,
    "error": 1.4527511724698733e-5,
    "mean": -0.7218501444582737
  },
  "spin_stiffness": {
    "variance": 0.01924618880524306,
    "error": 0.00013873063398270427,
    "mean": 0.6381524066683948
  },
  "sqr_energy": {
    "variance": 0.0004387914779070685,
    "error": 2.0947350140460928e-5,
    "mean": 0.5212786794402932
  }
}
