{
  "energy": {
    "variance": 0.00025885574175157683,
    "error": 1.608899442947187e-5,
    "mean": -0.6999468528889926
  },
  "spin_stiffness": {
    "variance": 0.07901483509932673,
    "error": 0.00028109577566965804,
    "mean": 0.5604871048090432
  },
  "sqr_energy": {
    "variance": 0.0005056247430543532,
    "error": 2.248610110833697e-5,
    "mean": 0.49018445235210084
  }
}
