{
  "energy": {
    "variance": 0.0001623930872837956,
    "error": 1.2743354632269934e-5,
    "mean": -0.7487465397858899
  },
  "spin_stiffness": {
    "variance": 0.00938636492537915,
    "error": 9.688325410193006e-5,
    "mean": 0.6933473632776921
  },
  "sqr_energy": {
    "variance": 0.0003634961979706432,
    "error": 1.9065576255928986e-5,
    "mean": 0.560783773766234
  }
}
