{
  "energy": {
    "variance": 0.00011484542386542983,
    "error": 1.0716595721843287e-5,
    "mean": -0.7835214348622328
  },
  "spin_stiffness": {
    "variance": 0.0028554948186635403,
    "error": 5.343683017043152e-5,
    "mean": 0.7520040265185075
  },
  "sqr_energy": {
    "variance": 0.0002816546106722342,
    "error": 1.678256865537079e-5,
    "mean": 0.614020684197592
  }
}
