{
  "energy": {
    "variance": 0.01639165092687423,
    "error": 0.00012802988294485874,
    "mean": -0.6778785504447
  },
  "spin_stiffness": {
    "variance": 0.08450993231301844,
    "error": 0.0002907059206707329,
    "mean": 0.6106141456006203
  },
  "sqr_energy": {
    "variance": 0.026217621749750872,
    "error": 0.00016191856517938538,
    "mean": 0.475910963688231
  }
}
