{
  "energy": {
    "variance": 0.011903275574902124,
    "error": 0.00010910213368629471,
    "mean": -0.7232574172030429
  },
  "spin_stiffness": {
    "variance": 0.05984491806555884,
    "error": 0.0002446322097875888,
    "mean": 0.6756299084038134
  },
  "sqr_energy": {
    "variance": 0.022029083553013015,
    "error": 0.0001484219779985869,
    "mean": 0.535004555210843
  }
}
