{
  "energy": {
    "variance": 0.007567781363924091,
    "error": 8.699299606246523e-5,
    "mean": -0.7719001551841593
  },
  "spin_stiffness": {
    "variance": 0.02308523115350281,
    "error": 0.00015193824782951397,
    "mean": 0.746157592311659
  },
  "sqr_energy": {
    "variance": 0.016520453883186764,
    "error": 0.0001285319177604799,
    "mean": 0.6033976233694719
  }
}
