{
  "energy": {
    "variance": 0.007287427731566386,
    "error": 8.536643211219727e-5,
    "mean": -0.7756638472656908
  },
  "spin_stiffness": {
    "variance": 0.021813152147690675,
    "error": 0.0001476927626787808,
    "mean": 0.7510814031066972
  },
  "sqr_energy": {
    "variance": 0.016098451080611927,
    "error": 0.00012687967166024637,
    "mean": 0.6089418243991516
  }
}
