{
  "energy": {
    "variance": 0.004991932108153561,
    "error": 7.06536064766234e-5,
    "mean": -0.8115091491965121
  },
  "spin_stiffness": {
    "variance": 0.012468776120822924,
    "error": 0.00011166367413274078,
    "mean": 0.7961328066300816
  },
  "sqr_energy": {
    "variance": 0.012315130432179754,
    "error": 0.00011097355735570413,
    "mean": 0.6635390263458685
  }
}
