{
  "energy": {
    "variance": 0.0008938531136155135,
    "error": 2.989737636675689e-5,
    "mean": -0.9183694062803179
  },
  "spin_stiffness": {
    "variance": 0.0015150910856486515,
    "error": 3.89241709693174e-5,
    "mean": 0.915758194225662
  },
  "sqr_energy": {
    "variance": 0.0029441836169395753,
    "error": 5.4260331891166824e-5,
    "mean": 0.8442962186114262
  }
}
