{
  "energy": {
    "variance": 0.008347929741292146,
    "error": 9.136700575860054e-5,
    "mean": -0.7626223564431683
  },
  "spin_stiffness": {
    "variance": 0.03386871133628326,
    "error": 0.00018403453843309755,
    "mean": 0.73222511367683
  },
  "sqr_energy": {
    "variance": 0.01762996064253797,
    "error": 0.0001327778620197583,
    "mean": 0.5899407799402934
  }
}
