{
  "energy": {
    "variance": 0.0056053542924730144,
    "error": 7.486891405966173e-5,
    "mean": -0.8006584643538748
  },
  "spin_stiffness": {
    "variance": 0.014208791715643819,
    "error": 0.00011920063638942462,
    "mean": 0.7830754526668063
  },
  "sqr_energy": {
    "variance": 0.013392556435608785,
    "error": 0.00011572621326047433,
    "mean": 0.6466593252286237
  }
}
