{
  "energy": {
    "variance": 0.007115197202788531,
    "error": 8.43516283351337e-5,
    "mean": -0.7779646082974019
  },
  "spin_stiffness": {
    "variance": 0.02140917880580045,
    "error": 0.00014631875753231521,
    "mean": 0.7538019890006967
  },
  "sqr_energy": {
    "variance": 0.01584573280147047,
    "error": 0.00012587983476899893,
    "mean": 0.6123441218509215
  }
}
