{
  "energy": {
    "variance": 0.010750022587523129,
    "error": 0.00010368231569329038,
    "mean": -0.7361694494439394
  },
  "spin_stiffness": {
    "variance": 0.04875823960009166,
    "error": 0.0002208126798897465,
    "mean": 0.6948820113440632
  },
  "sqr_energy": {
    "variance": 0.02071030997324716,
    "error": 0.00014391077087295154,
    "mean": 0.5526954701320934
  }
}
