{
  "energy": {
    "variance": 0.005731420776742227,
    "error": 7.570614754920652e-5,
    "mean": -0.7987411216250723
  },
  "spin_stiffness": {
    "variance": 0.01484868002939549,
    "error": 0.00012185516004419136,
    "mean": 0.780593342382906
  },
  "sqr_energy": {
    "variance": 0.013611587079668351,
    "error": 0.00011666870651407922,
    "mean": 0.6437187944202
  }
}
