{
  "energy": {
    "variance": 0.0157778687598226,
    "error": 0.00012560998670417333,
    "mean": -0.6844862870168166
  },
  "spin_stiffness": {
    "variance": 0.08495475505149752,
    "error": 0.0002914699899672306,
    "mean": 0.6195061225762023
  },
  "sqr_energy": {
    "variance": 0.02578842422154105,
    "error": 0.00016058774617492161,
    "mean": 0.48429933009602166
  }
}
