{
  "energy": {
    "variance": 0.008740649020078107,
    "error": 9.349143821804276e-5,
    "mean": -0.7572663337399822
  },
  "spin_stiffness": {
    "variance": 0.0339954801859894,
    "error": 0.00018437863267198125,
    "mean": 0.7256467538627241
  },
  "sqr_energy": {
    "variance": 0.018170636040479034,
    "error": 0.0001347985016254967,
    "mean": 0.5821929404954234
  }
}
