{
  "energy": {
    "variance": 0.01050144235396784,
    "error": 0.00010247654538462857,
    "mean": -0.7381622444202914
  },
  "spin_stiffness": {
    "variance": 0.044287716226144545,
    "error": 0.00021044646878991472,
    "mean": 0.6984974678920477
  },
  "sqr_energy": {
    "variance": 0.02041145018030605,
    "error": 0.00014286864659646654,
    "mean": 0.5553849309401278
  }
}
