{
  "energy": {
    "variance": 0.006692540237394128,
    "error": 8.180794727527471e-5,
    "mean": -0.7846128414398723
  },
  "spin_stiffness": {
    "variance": 0.01911470378674783,
    "error": 0.00013825593581017718,
    "mean": 0.7624785785942401
  },
  "sqr_energy": {
    "variance": 0.015188826318768448,
    "error": 0.00012324295646716873,
    "mean": 0.6223098444972038
  }
}
