{
  "energy": {
    "variance": 0.012932612804713733,
    "error": 0.00011372164615724542,
    "mean": -0.7131064066106565
  },
  "spin_stiffness": {
    "variance": 0.0754603112179316,
    "error": 0.0002747004026533846,
    "mean": 0.6592725755185304
  },
  "sqr_energy": {
    "variance": 0.023104903757345124,
    "error": 0.00015200297285693175,
    "mean": 0.5214533470212639
  }
}
