{
  "energy": {
    "variance": 0.006914357400359286,
    "error": 8.31526151143744e-5,
    "mean": -0.7812817570393665
  },
  "spin_stiffness": {
    "variance": 0.020158663481294473,
    "error": 0.00014198120819775578,
    "mean": 0.7581694610867092
  },
  "sqr_energy": {
    "variance": 0.015528913660912073,
    "error": 0.00012461506193439087,
    "mean": 0.6173155343685216
  }
}
