{
  "energy": {
    "variance": 0.005666151953597223,
    "error": 7.527384641160051e-5,
    "mean": -0.7997503751229159
  },
  "spin_stiffness": {
    "variance": 0.014491196186021328,
    "error": 0.00012037938438960937,
    "mean": 0.7818606010575447
  },
  "sqr_energy": {
    "variance": 0.013496396872142324,
    "error": 0.00011617399395795225,
    "mean": 0.6452668087966901
  }
}
