{
  "energy": {
    "variance": 0.0062368937728545645,
    "error": 7.89740069444027e-5,
    "mean": -0.7909495414680905
  },
  "spin_stiffness": {
    "variance": 0.01709348029145077,
    "error": 0.00013074203720093538,
    "mean": 0.770631402319713
  },
  "sqr_energy": {
    "variance": 0.014449831454504666,
    "error": 0.00012020745174282943,
    "mean": 0.6318380646845433
  }
}
