{
  "energy": {
    "variance": 0.011828655908972122,
    "error": 0.00010875962444295273,
    "mean": -0.7250587467315702
  },
  "spin_stiffness": {
    "variance": 0.057436748157377294,
    "error": 0.00023965965066605872,
    "mean": 0.6788841865793781
  },
  "sqr_energy": {
    "variance": 0.021937412711243796,
    "error": 0.00014811283776649408,
    "mean": 0.5375388302922715
  }
}
