{
  "energy": {
    "variance": 0.013225925463831393,
    "error": 0.00011500402368539716,
    "mean": -0.7095868905035023
  },
  "spin_stiffness": {
    "variance": 0.06961479447736535,
    "error": 0.00026384615683645147,
    "mean": 0.6558566667538571
  },
  "sqr_energy": {
    "variance": 0.023408295409394084,
    "error": 0.00015299769739899382,
    "mean": 0.5167394674123352
  }
}
