{
  "energy": {
    "variance": 0.013962414130688688,
    "error": 0.00011816265962937991,
    "mean": -0.7026949611384886
  },
  "spin_stiffness": {
    "variance": 0.07405619378059033,
    "error": 0.00027213267679679766,
    "mean": 0.6456401827542027
  },
  "sqr_energy": {
    "variance": 0.024172586316712166,
    "error": 0.0001554753559787279,
    "mean": 0.5077426085776966
  }
}
