{
  "energy": {
    "variance": 0.017953451771874438,
    "error": 0.00013399049134873132,
    "mean": -0.6619324173612078
  },
  "spin_stiffness": {
    "variance": 0.09791471922263835,
    "error": 0.00031291327747898196,
    "mean": 0.5864850352402576
  },
  "sqr_energy": {
    "variance": 0.027393939979747275,
    "error": 0.00016551114759963233,
    "mean": 0.4561079589720748
  }
}
