{
  "energy": {
    "variance": 0.009151682876284697,
    "error": 9.566442847937104e-5,
    "mean": -0.7527086853003659
  },
  "spin_stiffness": {
    "variance": 0.03660536820092629,
    "error": 0.00019132529420054812,
    "mean": 0.7194390699428147
  },
  "sqr_energy": {
    "variance": 0.01872482770936338,
    "error": 0.00013683869229630697,
    "mean": 0.5757220386512071
  }
}
