{
  "energy": {
    "variance": 0.006536830454153579,
    "error": 8.085066761724098e-5,
    "mean": -0.7867141862417769
  },
  "spin_stiffness": {
    "variance": 0.018541293895567447,
    "error": 0.00013616641985294113,
    "mean": 0.765074210446762
  },
  "sqr_energy": {
    "variance": 0.014934165932702175,
    "error": 0.0001222054251361296,
    "mean": 0.6254560347513843
  }
}
