{
  "energy": {
    "variance": 0.007953436554992348,
    "error": 8.918204166194195e-5,
    "mean": -0.7666905364287393
  },
  "spin_stiffness": {
    "variance": 0.026467078930292383,
    "error": 0.00016268705827536615,
    "mean": 0.7388165191912414
  },
  "sqr_energy": {
    "variance": 0.0170744222066679,
    "error": 0.00013066913257027424,
    "mean": 0.5957678072509437
  }
}
