{
  "energy": {
    "variance": 0.03066304369213411,
    "error": 0.00017510866252739784,
    "mean": -0.39704140719423114
  },
  "spin_stiffness": {
    "variance": 0.2088885284215056,
    "error": 0.00045704324567977765,
    "mean": 0.2103298125602867
  },
  "sqr_energy": {
    "variance": 0.02185519165599037,
    "error": 0.00014783501498626898,
    "mean": 0.18830489205586573
  }
}
