{
  "energy": {
    "variance": 0.006742807027524623,
    "error": 8.211459692116027e-5,
    "mean": -0.7835087627919101
  },
  "spin_stiffness": {
    "variance": 0.019185458182106905,
    "error": 0.00013851158140064281,
    "mean": 0.7610581444883412
  },
  "sqr_energy": {
    "variance": 0.015268519658101594,
    "error": 0.000123565851504781,
    "mean": 0.6206287816564274
  }
}
