{
  "energy": {
    "variance": 0.02446080111856059,
    "error": 0.00015639949206618475,
    "mean": -0.5889691306398727
  },
  "spin_stiffness": {
    "variance": 0.16012736678357178,
    "error": 0.0004001591768078945,
    "mean": 0.47294662191679265
  },
  "sqr_energy": {
    "variance": 0.030370609865205248,
    "error": 0.00017427165536944107,
    "mean": 0.37134541350444683
  }
}
