{
  "energy": {
    "variance": 0.01576290927764366,
    "error": 0.00012555042523880062,
    "mean": -0.6861000345032646
  },
  "spin_stiffness": {
    "variance": 0.08344831312292396,
    "error": 0.00028887421678461364,
    "mean": 0.6212052862874731
  },
  "sqr_energy": {
    "variance": 0.02581337634238571,
    "error": 0.00016066541738154393,
    "mean": 0.48649615086011516
  }
}
