{
  "energy": {
    "variance": 0.010789302637176106,
    "error": 0.00010387156799228605,
    "mean": -0.735015320138267
  },
  "spin_stiffness": {
    "variance": 0.04826474644007209,
    "error": 0.00021969239049196058,
    "mean": 0.693600186383529
  },
  "sqr_energy": {
    "variance": 0.02076396453611684,
    "error": 0.00014409706636887804,
    "mean": 0.5510368126858326
  }
}
