{
  "energy": {
    "variance": 0.00955934720899767,
    "error": 9.777191421363125e-5,
    "mean": -0.7480925216265037
  },
  "spin_stiffness": {
    "variance": 0.03650304062381883,
    "error": 0.00019105768925593868,
    "mean": 0.7131200740587765
  },
  "sqr_energy": {
    "variance": 0.019278617364300386,
    "error": 0.0001388474607772875,
    "mean": 0.5692017585631516
  }
}
