{
  "energy": {
    "variance": 0.014473316118788344,
    "error": 0.00012030509598013021,
    "mean": -0.6966275996968379
  },
  "spin_stiffness": {
    "variance": 0.076802853518371,
    "error": 0.00027713327753694795,
    "mean": 0.6374481262304132
  },
  "sqr_energy": {
    "variance": 0.02458865332539432,
    "error": 0.00015680769536408065,
    "mean": 0.49976331430485005
  }
}
