{
  "energy": {
    "variance": 0.012615088892028151,
    "error": 0.00011231691276040377,
    "mean": -0.7156693510762315
  },
  "spin_stiffness": {
    "variance": 0.06484888336406208,
    "error": 0.00025465443912106085,
    "mean": 0.665615642641654
  },
  "sqr_energy": {
    "variance": 0.02278886652301202,
    "error": 0.00015095981757743356,
    "mean": 0.5247976963468137
  }
}
