{
  "energy": {
    "variance": 0.03126753162839783,
    "error": 0.00017682627527717092,
    "mean": -0.4478781274538169
  },
  "spin_stiffness": {
    "variance": 0.21146511337137638,
    "error": 0.00045985336072641285,
    "mean": 0.275792139644791
  },
  "sqr_energy": {
    "variance": 0.026259152914662236,
    "error": 0.0001620467615062462,
    "mean": 0.23186231741240368
  }
}
