{
  "energy": {
    "variance": 0.03046524654150254,
    "error": 0.00017454296474364854,
    "mean": -0.49584531967876394
  },
  "spin_stiffness": {
    "variance": 0.20238578754305017,
    "error": 0.00044987307937133795,
    "mean": 0.34157205241721345
  },
  "sqr_energy": {
    "variance": 0.029197111652880695,
    "error": 0.00017087162331083736,
    "mean": 0.27632779712359157
  }
}
