{
  "energy": {
    "variance": 0.007873111040627647,
    "error": 8.873055302784745e-5,
    "mean": -0.7679313748393741
  },
  "spin_stiffness": {
    "variance": 0.02579205946861084,
    "error": 0.00016059906434537794,
    "mean": 0.7406364398628809
  },
  "sqr_energy": {
    "variance": 0.016961634167634253,
    "error": 0.00013023683875015645,
    "mean": 0.5975916996302081
  }
}
