{
  "energy": {
    "variance": 0.01418409204644339,
    "error": 0.00011909698588311709,
    "mean": -0.7008554525975274
  },
  "spin_stiffness": {
    "variance": 0.07457378638150645,
    "error": 0.0002730820140205255,
    "mean": 0.6438903403153536
  },
  "sqr_energy": {
    "variance": 0.024333597044989417,
    "error": 0.00015599229803099068,
    "mean": 0.505382443298036
  }
}
