{
  "energy": {
    "variance": 0.011382896405141086,
    "error": 0.00010669065753448652,
    "mean": -0.7292442280322493
  },
  "spin_stiffness": {
    "variance": 0.055706627103539144,
    "error": 0.00023602251397597464,
    "mean": 0.684642565174763
  },
  "sqr_energy": {
    "variance": 0.021463069757147075,
    "error": 0.00014650279777924746,
    "mean": 0.543180029140596
  }
}
