{
  "energy": {
    "variance": 0.004196318513788777,
    "error": 6.477899747440353e-5,
    "mean": -0.8264017900128073
  },
  "spin_stiffness": {
    "variance": 0.009697469112067543,
    "error": 9.847572854296404e-5,
    "mean": 0.8139213559962571
  },
  "sqr_energy": {
    "variance": 0.010809201490591587,
    "error": 0.00010396730972085209,
    "mean": 0.6871362328538424
  }
}
