{
  "energy": {
    "variance": 0.016584704739001633,
    "error": 0.00012878161646369266,
    "mean": -0.6754998942561986
  },
  "spin_stiffness": {
    "variance": 0.09075574713200252,
    "error": 0.0003012569453672438,
    "mean": 0.6061716044374902
  },
  "sqr_energy": {
    "variance": 0.02637858074052781,
    "error": 0.00016241484150325612,
    "mean": 0.47288479529443245
  }
}
