{
  "energy": {
    "variance": 0.013419715776917435,
    "error": 0.00011584349691250448,
    "mean": -0.7074388694305656
  },
  "spin_stiffness": {
    "variance": 0.07103579001449668,
    "error": 0.0002665254021936684,
    "mean": 0.6536677892987696
  },
  "sqr_energy": {
    "variance": 0.023591267657899682,
    "error": 0.00015359449097509872,
    "mean": 0.5138894563383984
  }
}
