{
  "energy": {
    "variance": 0.0045676158140490215,
    "error": 6.758413877567e-5,
    "mean": -0.8192646496626774
  },
  "spin_stiffness": {
    "variance": 0.010989906049357857,
    "error": 0.00010483275275102653,
    "mean": 0.8055437193367815
  },
  "sqr_energy": {
    "variance": 0.01152503478927703,
    "error": 0.00010735471479761395,
    "mean": 0.6757621774333428
  }
}
