{
  "energy": {
    "variance": 0.011102671011837342,
    "error": 0.0001053692128272644,
    "mean": -0.7313383407677452
  },
  "spin_stiffness": {
    "variance": 0.05033379342825419,
    "error": 0.00022435194099506737,
    "mean": 0.688581256629114
  },
  "sqr_energy": {
    "variance": 0.021115718414700373,
    "error": 0.0001453124854054199,
    "mean": 0.5459584285860849
  }
}
