{
  "energy": {
    "variance": 0.009696946372934495,
    "error": 9.847307435504639e-5,
    "mean": -0.7464489476017524
  },
  "spin_stiffness": {
    "variance": 0.036282194371440576,
    "error": 0.00019047885544448383,
    "mean": 0.7108437211865477
  },
  "sqr_energy": {
    "variance": 0.019429916905356812,
    "error": 0.00013939123683129011,
    "mean": 0.5668829680517519
  }
}
