{
  "energy": {
    "variance": 0.006033719421045962,
    "error": 7.767701990322468e-5,
    "mean": -0.7940127644421878
  },
  "spin_stiffness": {
    "variance": 0.016190370880903707,
    "error": 0.00012724138823866905,
    "mean": 0.7745329567127526
  },
  "sqr_energy": {
    "variance": 0.014121118792993577,
    "error": 0.00011883231375763739,
    "mean": 0.6364899834844516
  }
}
