{
  "energy": {
    "variance": 0.009444211271915578,
    "error": 9.71813319105865e-5,
    "mean": -0.7495599609441516
  },
  "spin_stiffness": {
    "variance": 0.03505443312014896,
    "error": 0.0001872282914523042,
    "mean": 0.7155596098618875
  },
  "sqr_energy": {
    "variance": 0.0191200642567596,
    "error": 0.00013827532049053292,
    "mean": 0.5712843368783022
  }
}
