{
  "energy": {
    "variance": 0.013164013594704307,
    "error": 0.00011473453531829161,
    "mean": -0.7112222589032138
  },
  "spin_stiffness": {
    "variance": 0.07262303884021071,
    "error": 0.0002694866208927833,
    "mean": 0.6575444451318812
  },
  "sqr_energy": {
    "variance": 0.023348054358637488,
    "error": 0.00015280070143372211,
    "mean": 0.5190011019900809
  }
}
