{
  "energy": {
    "variance": 0.007630379077653934,
    "error": 8.735204106175159e-5,
    "mean": -0.7715064105862337
  },
  "spin_stiffness": {
    "variance": 0.026086554185119414,
    "error": 0.00016151332510080837,
    "mean": 0.7447074641260817
  },
  "sqr_energy": {
    "variance": 0.01660206843960822,
    "error": 0.00012884901411965952,
    "mean": 0.602852513022929
  }
}
