{
  "energy": {
    "variance": 0.005983928536463572,
    "error": 7.735585651043863e-5,
    "mean": -0.7948777784800358
  },
  "spin_stiffness": {
    "variance": 0.015882520674710566,
    "error": 0.00012602587303689098,
    "mean": 0.7756593039632967
  },
  "sqr_energy": {
    "variance": 0.01403676387654279,
    "error": 0.00011847684953839206,
    "mean": 0.6378146052738919
  }
}
