{
  "energy": {
    "variance": 0.013643591012203277,
    "error": 0.00011680578329947227,
    "mean": -0.7053371267113461
  },
  "spin_stiffness": {
    "variance": 0.07350853177951056,
    "error": 0.0002711245687493307,
    "mean": 0.6494399970934476
  },
  "sqr_energy": {
    "variance": 0.023829272667747665,
    "error": 0.00015436733031230302,
    "mean": 0.5111440396860297
  }
}
