{
  "energy": {
    "variance": 0.00556629322937108,
    "error": 7.460759498449928e-5,
    "mean": -0.8014845699407682
  },
  "spin_stiffness": {
    "variance": 0.014119558724248284,
    "error": 0.00011882574941589169,
    "mean": 0.7841594694649935
  },
  "sqr_energy": {
    "variance": 0.013328875060238138,
    "error": 0.00011545074733512182,
    "mean": 0.6479438035162162
  }
}
