{
  "energy": {
    "variance": 0.021108879281056432,
    "error": 0.00014528895099441124,
    "mean": -0.6264494320551777
  },
  "spin_stiffness": {
    "variance": 0.12417397366280586,
    "error": 0.00035238327665030564,
    "mean": 0.5324103542051852
  },
  "sqr_energy": {
    "variance": 0.02923390604497078,
    "error": 0.00017097925618323053,
    "mean": 0.4135477490944317
  }
}
