{
  "energy": {
    "variance": 0.015803913434814482,
    "error": 0.00012571361674382963,
    "mean": -0.6877107641712029
  },
  "spin_stiffness": {
    "variance": 0.08908525433021927,
    "error": 0.0002984715301837334,
    "mean": 0.6228072394825747
  },
  "sqr_energy": {
    "variance": 0.025892961544205017,
    "error": 0.0001609129004903119,
    "mean": 0.48874999278784104
  }
}
