{
  "energy": {
    "variance": 0.007626943184461057,
    "error": 8.733237191592278e-5,
    "mean": -0.7706231464497096
  },
  "spin_stiffness": {
    "variance": 0.024035630784594454,
    "error": 0.00015503428906082182,
    "mean": 0.7440977411078828
  },
  "sqr_energy": {
    "variance": 0.016610411741003344,
    "error": 0.00012888138632480387,
    "mean": 0.6014869694015685
  }
}
