{
  "energy": {
    "variance": 0.008214060605845246,
    "error": 9.063145483685697e-5,
    "mean": -0.7639949985065183
  },
  "spin_stiffness": {
    "variance": 0.029620855808750794,
    "error": 0.0001721071056312051,
    "mean": 0.7348097594886457
  },
  "sqr_energy": {
    "variance": 0.017446173294251514,
    "error": 0.00013208396304719021,
    "mean": 0.5919024101347596
  }
}
