{
  "energy": {
    "variance": 0.007767089241965672,
    "error": 8.81310912332627e-5,
    "mean": -0.7694406632477753
  },
  "spin_stiffness": {
    "variance": 0.02565392378296321,
    "error": 0.0001601684231768647,
    "mean": 0.7424092817577841
  },
  "sqr_energy": {
    "variance": 0.016814639878257112,
    "error": 0.0001296712762266845,
    "mean": 0.5998060157340529
  }
}
