{
  "energy": {
    "variance": 0.00867301195156244,
    "error": 9.312900703627436e-5,
    "mean": -0.7586878780795904
  },
  "spin_stiffness": {
    "variance": 0.03318332027763442,
    "error": 0.00018216289489804015,
    "mean": 0.7274632140523398
  },
  "sqr_energy": {
    "variance": 0.01805558448186721,
    "error": 0.00013437107010762103,
    "mean": 0.5842802996234618
  }
}
