{
  "energy": {
    "variance": 0.016475310940719114,
    "error": 0.00012835618777729072,
    "mean": -0.6790242215649631
  },
  "spin_stiffness": {
    "variance": 0.08617707413120967,
    "error": 0.0002935593196122543,
    "mean": 0.6112463169634487
  },
  "sqr_energy": {
    "variance": 0.02639898872494048,
    "error": 0.00016247765607904516,
    "mean": 0.4775491879373122
  }
}
