{
  "energy": {
    "variance": 0.0064725061195625355,
    "error": 8.045188698571672e-5,
    "mean": -0.787819651338664
  },
  "spin_stiffness": {
    "variance": 0.01805649498544098,
    "error": 0.00013437445808426907,
    "mean": 0.766553659082481
  },
  "sqr_energy": {
    "variance": 0.014833232378526087,
    "error": 0.00012179175825369337,
    "mean": 0.6271323026824305
  }
}
