{
  "energy": {
    "variance": 0.007185111242854774,
    "error": 8.476503549727785e-5,
    "mean": -0.7768707182363493
  },
  "spin_stiffness": {
    "variance": 0.021837199930498437,
    "error": 0.0001477741517671424,
    "mean": 0.7524107074185842
  },
  "sqr_energy": {
    "variance": 0.015952942088363828,
    "error": 0.00012630495670544296,
    "mean": 0.6107132169108047
  }
}
