{
  "energy": {
    "variance": 0.006625915252942504,
    "error": 8.139972514046043e-5,
    "mean": -0.7856778910044067
  },
  "spin_stiffness": {
    "variance": 0.018646812900560812,
    "error": 0.0001365533335388075,
    "mean": 0.7639459222672754
  },
  "sqr_energy": {
    "variance": 0.015076263737921015,
    "error": 0.0001227854378088909,
    "mean": 0.6239156570401596
  }
}
