{
  "energy": {
    "variance": 0.009302226611436898,
    "error": 9.644805136153296e-5,
    "mean": -0.7511476672219359
  },
  "spin_stiffness": {
    "variance": 0.03627063987504449,
    "error": 0.00019044852290066332,
    "mean": 0.7170480500160162
  },
  "sqr_energy": {
    "variance": 0.018938860682824445,
    "error": 0.00013761853320982766,
    "mean": 0.5735250352821666
  }
}
