{
  "energy": {
    "variance": 0.011129722164799018,
    "error": 0.00010549749838171054,
    "mean": -0.7326308413246959
  },
  "spin_stiffness": {
    "variance": 0.05185119684883327,
    "error": 0.0002277085787774217,
    "mean": 0.6897879367984955
  },
  "sqr_energy": {
    "variance": 0.021165626701974298,
    "error": 0.00014548411151041305,
    "mean": 0.5478776606952087
  }
}
