{
  "energy": {
    "variance": 0.005842684525561143,
    "error": 7.643745499139242e-5,
    "mean": -0.7969177219620073
  },
  "spin_stiffness": {
    "variance": 0.015234189551163981,
    "error": 0.00012342685911568836,
    "mean": 0.7783730543809747
  },
  "sqr_energy": {
    "variance": 0.01379088703404491,
    "error": 0.00011743460748026925,
    "mean": 0.6409205342599917
  }
}
