{
  "energy": {
    "variance": 0.006342350983115262,
    "error": 7.963887859026685e-5,
    "mean": -0.7890270643148852
  },
  "spin_stiffness": {
    "variance": 0.017447375886948394,
    "error": 0.00013208851534841473,
    "mean": 0.768271061318143
  },
  "sqr_energy": {
    "variance": 0.014619029274653073,
    "error": 0.00012090917779330513,
    "mean": 0.6289060528621301
  }
}
