{
  "energy": {
    "variance": 0.017099469965093157,
    "error": 0.0001307649416513966,
    "mean": -0.6719427772496027
  },
  "spin_stiffness": {
    "variance": 0.08903437240318707,
    "error": 0.00029838628052105055,
    "mean": 0.6027670487609953
  },
  "sqr_energy": {
    "variance": 0.02681144792074272,
    "error": 0.00016374201635726462,
    "mean": 0.4686065487635324
  }
}
