{
  "energy": {
    "variance": 0.008550569577476509,
    "error": 9.246928991549848e-5,
    "mean": -0.7600413171397983
  },
  "spin_stiffness": {
    "variance": 0.03432300242348174,
    "error": 0.00018526468207265447,
    "mean": 0.7289543776495678
  },
  "sqr_energy": {
    "variance": 0.01790087332441612,
    "error": 0.0001337941453293683,
    "mean": 0.5862133647865063
  }
}
