{
  "energy": {
    "variance": 0.002156647564302773,
    "error": 4.6439719683723044e-5,
    "mean": -0.8742707861109543
  },
  "spin_stiffness": {
    "variance": 0.004115633374635754,
    "error": 6.415320237241283e-5,
    "mean": 0.8685522317459933
  },
  "sqr_energy": {
    "variance": 0.006337829231193723,
    "error": 7.961048443009075e-5,
    "mean": 0.7665060528547214
  }
}
