{
  "energy": {
    "variance": 0.0060899486365767145,
    "error": 7.803812296933284e-5,
    "mean": -0.7930786710447894
  },
  "spin_stiffness": {
    "variance": 0.016278187252440214,
    "error": 0.00012758599943739994,
    "mean": 0.77350237623211
  },
  "sqr_energy": {
    "variance": 0.01420378851177658,
    "error": 0.00011917964806029837,
    "mean": 0.6350637210127973
  }
}
