{
  "energy": {
    "variance": 0.017106757131879907,
    "error": 0.00013079280229385677,
    "mean": -0.669903875039715
  },
  "spin_stiffness": {
    "variance": 0.09377654676807558,
    "error": 0.0003062295654702132,
    "mean": 0.5982693648240603
  },
  "sqr_energy": {
    "variance": 0.026810671888388215,
    "error": 0.0001637396466601422,
    "mean": 0.46587794181834896
  }
}
