{
  "energy": {
    "variance": 0.012504473947172974,
    "error": 0.00011182340518501918,
    "mean": -0.7174267551583089
  },
  "spin_stiffness": {
    "variance": 0.06832997751068927,
    "error": 0.0002614000334940477,
    "mean": 0.6671231482614226
  },
  "sqr_energy": {
    "variance": 0.02267779516275749,
    "error": 0.00015059148436335132,
    "mean": 0.5272056104596791
  }
}
