{
  "energy": {
    "variance": 0.007077026298582945,
    "error": 8.412506343880488e-5,
    "mean": -0.7790089727625611
  },
  "spin_stiffness": {
    "variance": 0.021080003471069766,
    "error": 0.00014518954325663322,
    "mean": 0.7552427553893422
  },
  "sqr_energy": {
    "variance": 0.015777768508952635,
    "error": 0.00012560958764741103,
    "mean": 0.6139319988661373
  }
}
