{
  "energy": {
    "variance": 0.009786056824724606,
    "error": 9.892450062913943e-5,
    "mean": -0.7451028129821615
  },
  "spin_stiffness": {
    "variance": 0.03932942225509202,
    "error": 0.00019831646995419218,
    "mean": 0.7088037847885469
  },
  "sqr_energy": {
    "variance": 0.01955105682711547,
    "error": 0.00013982509369607257,
    "mean": 0.5649642489525976
  }
}
