{
  "energy": {
    "variance": 0.018854844601098816,
    "error": 0.0001373129440406068,
    "mean": -0.6553116687650367
  },
  "spin_stiffness": {
    "variance": 0.12762725133625413,
    "error": 0.0003572495645011399,
    "mean": 0.5719035030442111
  },
  "sqr_energy": {
    "variance": 0.02813046609250354,
    "error": 0.0001677213942599558,
    "mean": 0.4482882089658711
  }
}
