{
  "energy": {
    "variance": 0.01513899752821854,
    "error": 0.00012304063364685074,
    "mean": -0.69127106475927
  },
  "spin_stiffness": {
    "variance": 0.08144519779502561,
    "error": 0.00028538605045626465,
    "mean": 0.62895339956175
  },
  "sqr_energy": {
    "variance": 0.02522484104133657,
    "error": 0.00015882330131733368,
    "mean": 0.4929946673626361
  }
}
