{
  "energy": {
    "variance": 0.009028348523753667,
    "error": 9.501762217480328e-5,
    "mean": -0.7541509773159613
  },
  "spin_stiffness": {
    "variance": 0.0344166488019966,
    "error": 0.00018551724664299165,
    "mean": 0.7212281108740457
  },
  "sqr_energy": {
    "variance": 0.018573869323094332,
    "error": 0.00013628598359000213,
    "mean": 0.5777720360820247
  }
}
