{
  "energy": {
    "variance": 0.006178923857608298,
    "error": 7.860613117059188e-5,
    "mean": -0.7918792841112775
  },
  "spin_stiffness": {
    "variance": 0.016673226186932393,
    "error": 0.00012912484728716,
    "mean": 0.7719996697970664
  },
  "sqr_energy": {
    "variance": 0.014355957629480673,
    "error": 0.00011981634959170086,
    "mean": 0.6332517182832738
  }
}
