{
  "energy": {
    "variance": 0.012301349458728955,
    "error": 0.00011091144872703159,
    "mean": -0.7194082770268274
  },
  "spin_stiffness": {
    "variance": 0.06131317319874044,
    "error": 0.00024761496965801654,
    "mean": 0.6706885351925514
  },
  "sqr_energy": {
    "variance": 0.02245659829947802,
    "error": 0.00014985525783060808,
    "mean": 0.529849606212088
  }
}
