{
  "energy": {
    "variance": 0.005802576397528401,
    "error": 7.61746440590857e-5,
    "mean": -0.7978746649749013
  },
  "spin_stiffness": {
    "variance": 0.015149540037715679,
    "error": 0.0001230834677676725,
    "mean": 0.7795312546205769
  },
  "sqr_energy": {
    "variance": 0.013727514651601836,
    "error": 0.00011716447691856878,
    "mean": 0.6424065516037631
  }
}
