{
  "energy": {
    "variance": 0.011489573689943454,
    "error": 0.00010718942900278671,
    "mean": -0.7276436836266853
  },
  "spin_stiffness": {
    "variance": 0.057415190808529346,
    "error": 0.000239614671521861,
    "mean": 0.6826188569043875
  },
  "sqr_energy": {
    "variance": 0.02156313794340952,
    "error": 0.00014684392375379214,
    "mean": 0.5409548925221814
  }
}
