{
  "energy": {
    "variance": 0.0280546855655967,
    "error": 0.0001674953299814556,
    "mean": -0.5426737241468609
  },
  "spin_stiffness": {
    "variance": 0.193213952661409,
    "error": 0.0004395610909320899,
    "mean": 0.40250227228910207
  },
  "sqr_energy": {
    "variance": 0.030541401888250597,
    "error": 0.00017476098502884046,
    "mean": 0.32254942839033446
  }
}
