{
  "energy": {
    "variance": 0.006851524296003666,
    "error": 8.27739348829308e-5,
    "mean": -0.782462346452279
  },
  "spin_stiffness": {
    "variance": 0.02008559064167385,
    "error": 0.00014172364178807238,
    "mean": 0.7595059904215787
  },
  "sqr_energy": {
    "variance": 0.015433434521808367,
    "error": 0.00012423137494935958,
    "mean": 0.6190988410600856
  }
}
