{
  "energy": {
    "variance": 0.018608573010470277,
    "error": 0.0001364132435303489,
    "mean": -0.6578588868866225
  },
  "spin_stiffness": {
    "variance": 0.12798789920948972,
    "error": 0.0003577539646314066,
    "mean": 0.5745496347140061
  },
  "sqr_energy": {
    "variance": 0.02794548082000576,
    "error": 0.00016716901872059238,
    "mean": 0.4513868694576033
  }
}
