{
  "energy": {
    "variance": 0.012139792829341585,
    "error": 0.000110180728030548,
    "mean": -0.7213885757094174
  },
  "spin_stiffness": {
    "variance": 0.06518828692790364,
    "error": 0.0002553199697005772,
    "mean": 0.672956663298157
  },
  "sqr_energy": {
    "variance": 0.022262759482230363,
    "error": 0.0001492071026534272,
    "mean": 0.5325412578536104
  }
}
