{
  "energy": {
    "variance": 0.00839456729947551,
    "error": 9.162187129433404e-5,
    "mean": -0.7615192048804513
  },
  "spin_stiffness": {
    "variance": 0.03043045048778484,
    "error": 0.00017444325864814854,
    "mean": 0.7313712405517198
  },
  "sqr_energy": {
    "variance": 0.01769230871894443,
    "error": 0.000133012438211411,
    "mean": 0.5883060583066628
  }
}
