{
  "energy": {
    "variance": 0.014491288569009301,
    "error": 0.00012037976810498224,
    "mean": -0.6984480565680647
  },
  "spin_stiffness": {
    "variance": 0.0798981336934693,
    "error": 0.00028266257922383235,
    "mean": 0.6390889856047348
  },
  "sqr_energy": {
    "variance": 0.024624417783696066,
    "error": 0.00015692169315839052,
    "mean": 0.5023209618014272
  }
}
