{
  "energy": {
    "variance": 0.007371879783176341,
    "error": 8.585965165999884e-5,
    "mean": -0.7744973353606572
  },
  "spin_stiffness": {
    "variance": 0.022534451895800164,
    "error": 0.00015011479572580498,
    "mean": 0.749530379915939
  },
  "sqr_energy": {
    "variance": 0.01622310775967284,
    "error": 0.00012736996411899016,
    "mean": 0.607217994892055
  }
}
