{
  "energy": {
    "variance": 0.015106980563537814,
    "error": 0.00012291045750276018,
    "mean": -0.6933142866104931
  },
  "spin_stiffness": {
    "variance": 0.0764324851107868,
    "error": 0.00027646425647954347,
    "mean": 0.6336560462237738
  },
  "sqr_energy": {
    "variance": 0.025237182851496155,
    "error": 0.0001588621504685624,
    "mean": 0.4957916654747742
  }
}
