{
  "energy": {
    "variance": 0.006339443158536209,
    "error": 7.962062018432291e-5,
    "mean": -0.7897948407089751
  },
  "spin_stiffness": {
    "variance": 0.017417822658767828,
    "error": 0.0001319765989058963,
    "mean": 0.7691138352598278
  },
  "sqr_energy": {
    "variance": 0.014612613245817854,
    "error": 0.00012088264245051004,
    "mean": 0.6301153272296083
  }
}
