{
  "energy": {
    "variance": 0.017614018274402864,
    "error": 0.00013271781445760346,
    "mean": -0.6645537710101325
  },
  "spin_stiffness": {
    "variance": 0.09780360458732451,
    "error": 0.0003127356784687742,
    "mean": 0.5891866759807244
  },
  "sqr_energy": {
    "variance": 0.027162836065634053,
    "error": 0.0001648115167870075,
    "mean": 0.45924571522417224
  }
}
