{
  "energy": {
    "variance": 0.005914508965642429,
    "error": 7.690584480806662e-5,
    "mean": -0.7958380138043726
  },
  "spin_stiffness": {
    "variance": 0.015723029787416763,
    "error": 0.00012539150604174419,
    "mean": 0.7768095171373023
  },
  "sqr_energy": {
    "variance": 0.0139196738035604,
    "error": 0.00011798166723504291,
    "mean": 0.6392726472672225
  }
}
