{
  "energy": {
    "variance": 0.010206372351108219,
    "error": 0.00010102659229682162,
    "mean": -0.7402241935686795
  },
  "spin_stiffness": {
    "variance": 0.04149326881823666,
    "error": 0.00020369896616879686,
    "mean": 0.7017689956314096
  },
  "sqr_energy": {
    "variance": 0.020071641693519587,
    "error": 0.00014167442145115536,
    "mean": 0.5581382188891378
  }
}
