{
  "energy": {
    "variance": 0.016090587622488453,
    "error": 0.00012684868001870754,
    "mean": -0.6820375123551141
  },
  "spin_stiffness": {
    "variance": 0.0855337274921064,
    "error": 0.00029246149745241063,
    "mean": 0.61627447812748
  },
  "sqr_energy": {
    "variance": 0.02604683670899181,
    "error": 0.0001613903240872631,
    "mean": 0.4812657397914534
  }
}
