{
  "energy": {
    "variance": 0.010073508540175628,
    "error": 0.00010036686973386999,
    "mean": -0.7431193080761663
  },
  "spin_stiffness": {
    "variance": 0.03785716969984039,
    "error": 0.00019456919000664105,
    "mean": 0.7061518843092227
  },
  "sqr_energy": {
    "variance": 0.019910393311070328,
    "error": 0.00014110419310236791,
    "mean": 0.5622998045022672
  }
}
