{
  "energy": {
    "variance": 0.017310609196706885,
    "error": 0.00013156978831292115,
    "mean": -0.6677798240358392
  },
  "spin_stiffness": {
    "variance": 0.09477267919479403,
    "error": 0.00030785171624467847,
    "mean": 0.5951600925556575
  },
  "sqr_energy": {
    "variance": 0.0269213380642119,
    "error": 0.00016407723201045262,
    "mean": 0.46324048527543416
  }
}
