{
  "energy": {
    "variance": 0.010187443213623474,
    "error": 0.00010093286488366153,
    "mean": -0.7414244088967713
  },
  "spin_stiffness": {
    "variance": 0.041191912797495116,
    "error": 0.000202957908930633,
    "mean": 0.7034930969309485
  },
  "sqr_energy": {
    "variance": 0.020049139485600106,
    "error": 0.00014159498397047865,
    "mean": 0.559897587134107
  }
}
