{
  "energy": {
    "variance": 0.008125773876039704,
    "error": 9.014307447629965e-5,
    "mean": -0.7651740856285242
  },
  "spin_stiffness": {
    "variance": 0.029743382547267536,
    "error": 0.00017246269900261777,
    "mean": 0.7359044876771592
  },
  "sqr_energy": {
    "variance": 0.017310742576414576,
    "error": 0.0001315702951901172,
    "mean": 0.5936171470677141
  }
}
