{
  "energy": {
    "variance": 0.008977113837986647,
    "error": 9.474763236084925e-5,
    "mean": -0.7555475490518103
  },
  "spin_stiffness": {
    "variance": 0.0341762113725886,
    "error": 0.00018486809181843304,
    "mean": 0.7232145690677847
  },
  "sqr_energy": {
    "variance": 0.018487834952036188,
    "error": 0.00013596997812765946,
    "mean": 0.5798292037390705
  }
}
