{
  "energy": {
    "variance": 0.006977401585083821,
    "error": 8.353084211884747e-5,
    "mean": -0.7802573062860017
  },
  "spin_stiffness": {
    "variance": 0.0203815468714372,
    "error": 0.0001427639550847384,
    "mean": 0.7569030890165968
  },
  "sqr_energy": {
    "variance": 0.015633526885504057,
    "error": 0.0001250341028899878,
    "mean": 0.6157788586203697
  }
}
