{
  "energy": {
    "variance": 0.007472326329194335,
    "error": 8.64426187085649e-5,
    "mean": -0.773270196213325
  },
  "spin_stiffness": {
    "variance": 0.023566928459710288,
    "error": 0.00015351523852605084,
    "mean": 0.7474782328512125
  },
  "sqr_energy": {
    "variance": 0.016376026239297407,
    "error": 0.00012796884870661844,
    "mean": 0.6054191152086622
  }
}
