{
  "energy": {
    "variance": 0.0055124534860866775,
    "error": 7.424589878294072e-5,
    "mean": -0.8023543672524702
  },
  "spin_stiffness": {
    "variance": 0.01408329573408294,
    "error": 0.0001186730623776219,
    "mean": 0.785079055111485
  },
  "sqr_energy": {
    "variance": 0.013234880004151009,
    "error": 0.00011504294851989413,
    "mean": 0.649284978622745
  }
}
