{
  "energy": {
    "variance": 0.0041733941157896404,
    "error": 6.460181201630215e-5,
    "mean": -0.6811168279546252
  },
  "spin_stiffness": {
    "variance": 0.13322254040159912,
    "error": 0.0003649966306715709,
    "mean": 0.5598353960033992
  },
  "sqr_energy": {
    "variance": 0.007448850450585141,
    "error": 8.630672309029663e-5,
    "mean": 0.4680935232653662
  }
}
