{
  "energy": {
    "variance": 0.0018430775648732556,
    "error": 4.2931079241887865e-5,
    "mean": -0.7722050023877239
  },
  "spin_stiffness": {
    "variance": 0.010979931982506935,
    "error": 0.00010478517062307498,
    "mean": 0.7388528830748374
  },
  "sqr_energy": {
    "variance": 0.0042954597209466285,
    "error": 6.553975679651724e-5,
    "mean": 0.5981436414344203
  }
}
