{
  "energy": {
    "variance": 0.005983658508743776,
    "error": 7.735411113020286e-5,
    "mean": -0.622798306370877
  },
  "spin_stiffness": {
    "variance": 0.2771100176831061,
    "error": 0.000526412402668389,
    "mean": 0.42381533000808136
  },
  "sqr_energy": {
    "variance": 0.008932686958098837,
    "error": 9.451289307866327e-5,
    "mean": 0.3938613829435179
  }
}
