{
  "energy": {
    "variance": 0.002064420123544622,
    "error": 4.5435890258083664e-5,
    "mean": -0.7618849531201708
  },
  "spin_stiffness": {
    "variance": 0.047513180934459734,
    "error": 0.00021797518421705654,
    "mean": 0.7170728755339298
  },
  "sqr_energy": {
    "variance": 0.004666556544521402,
    "error": 6.831219909007031e-5,
    "mean": 0.5825330998500493
  }
}
