{
  "energy": {
    "variance": 0.0019527497423657545,
    "error": 4.4189928064727085e-5,
    "mean": -0.7660505344611664
  },
  "spin_stiffness": {
    "variance": 0.012327799321553957,
    "error": 0.00011103062335028998,
    "mean": 0.7295240881058364
  },
  "sqr_energy": {
    "variance": 0.004476122238625115,
    "error": 6.69038282807876e-5,
    "mean": 0.588786169137855
  }
}
