{
  "energy": {
    "variance": 0.003507278729540757,
    "error": 5.922228237361979e-5,
    "mean": -0.7011298142637807
  },
  "spin_stiffness": {
    "variance": 0.0750693701049159,
    "error": 0.00027398790138419597,
    "mean": 0.6100119850114805
  },
  "sqr_energy": {
    "variance": 0.006671689801787422,
    "error": 8.168041259559983e-5,
    "mean": 0.49509029167182567
  }
}
