{
  "energy": {
    "variance": 0.0019307032573344079,
    "error": 4.39397685170781e-5,
    "mean": -0.7672476961535213
  },
  "spin_stiffness": {
    "variance": 0.012509110249334003,
    "error": 0.00011184413372785363,
    "mean": 0.7312969184480467
  },
  "sqr_energy": {
    "variance": 0.004441059825714004,
    "error": 6.66412771914975e-5,
    "mean": 0.5905997285795173
  }
}
