{
  "energy": {
    "variance": 0.003294515341432153,
    "error": 5.73978687882412e-5,
    "mean": -0.7099061300928476
  },
  "spin_stiffness": {
    "variance": 0.06967063910915573,
    "error": 0.00026395196363951476,
    "mean": 0.6267670805287983
  },
  "sqr_energy": {
    "variance": 0.0064249050161146615,
    "error": 8.015550521401923e-5,
    "mean": 0.5072612255903198
  }
}
