{
  "energy": {
    "variance": 0.002808369954713466,
    "error": 5.2994055843211946e-5,
    "mean": -0.7280299575088366
  },
  "spin_stiffness": {
    "variance": 0.037086764025333695,
    "error": 0.00019257924089925604,
    "mean": 0.6659921255666577
  },
  "sqr_energy": {
    "variance": 0.005773622981504997,
    "error": 7.598436011117681e-5,
    "mean": 0.532835986176662
  }
}
