{
  "energy": {
    "variance": 0.0016386233003080858,
    "error": 4.047991230608196e-5,
    "mean": -0.7831695350919591
  },
  "spin_stiffness": {
    "variance": 0.00822887025878505,
    "error": 9.071312065398836e-5,
    "mean": 0.7547108728605612
  },
  "sqr_energy": {
    "variance": 0.003938195308503909,
    "error": 6.275504209626435e-5,
    "mean": 0.6149931423578401
  }
}
