{
  "energy": {
    "variance": 0.0017538740603719584,
    "error": 4.1879279606649855e-5,
    "mean": -0.7766889786704863
  },
  "spin_stiffness": {
    "variance": 0.009757551145049429,
    "error": 9.878031759945616e-5,
    "mean": 0.7453578383044664
  },
  "sqr_energy": {
    "variance": 0.004141165476094242,
    "error": 6.435188789844663e-5,
    "mean": 0.6049996418947007
  }
}
