{
  "energy": {
    "variance": 0.0070312067869808675,
    "error": 8.38522914831841e-5,
    "mean": -0.42371639290667884
  },
  "spin_stiffness": {
    "variance": 0.33158638245441446,
    "error": 0.0005758353779114432,
    "mean": 0.06728636465583754
  },
  "sqr_energy": {
    "variance": 0.0053288769470971895,
    "error": 7.299915716703302e-5,
    "mean": 0.18656678137362115
  }
}
