{
  "energy": {
    "variance": 0.0038478919761132414,
    "error": 6.203137896349912e-5,
    "mean": -0.6912117290570617
  },
  "spin_stiffness": {
    "variance": 0.11119432499950155,
    "error": 0.0003334581308043059,
    "mean": 0.5835287660514852
  },
  "sqr_energy": {
    "variance": 0.007091123613881402,
    "error": 8.420880959781703e-5,
    "mean": 0.4816215425142741
  }
}
