{
  "energy": {
    "variance": 0.0036743688685207504,
    "error": 6.061657255669237e-5,
    "mean": -0.6985318429769561
  },
  "spin_stiffness": {
    "variance": 0.09678856904403856,
    "error": 0.0003111086129377304,
    "mean": 0.6007678177316352
  },
  "sqr_energy": {
    "variance": 0.006900541595105056,
    "error": 8.306949858464932e-5,
    "mean": 0.49162110084693483
  }
}
