{
  "energy": {
    "variance": 0.00547054000621107,
    "error": 7.396309894948338e-5,
    "mean": -0.6368916743441132
  },
  "spin_stiffness": {
    "variance": 0.2760592574758335,
    "error": 0.0005254134157745056,
    "mean": 0.4553305809005016
  },
  "sqr_energy": {
    "variance": 0.00854651419002154,
    "error": 9.244735902134544e-5,
    "mean": 0.4111015393845191
  }
}
