{
  "energy": {
    "variance": 0.002313505545770834,
    "error": 4.809891418494636e-5,
    "mean": -0.7491755191541228
  },
  "spin_stiffness": {
    "variance": 0.021568463916457517,
    "error": 0.00014686205744322635,
    "mean": 0.7019910221477956
  },
  "sqr_energy": {
    "variance": 0.005056959626928191,
    "error": 7.111230292240711e-5,
    "mean": 0.5635774617321149
  }
}
