{
  "energy": {
    "variance": 0.006184039872509392,
    "error": 7.863866652296052e-5,
    "mean": -0.6143642164771378
  },
  "spin_stiffness": {
    "variance": 0.29214045445166875,
    "error": 0.0005405001891319454,
    "mean": 0.4018221716422199
  },
  "sqr_energy": {
    "variance": 0.008977286869841195,
    "error": 9.474854547612429e-5,
    "mean": 0.38362742417603696
  }
}
