{
  "energy": {
    "variance": 0.0027636672098137758,
    "error": 5.2570592633275265e-5,
    "mean": -0.7309468986358016
  },
  "spin_stiffness": {
    "variance": 0.05377137635156188,
    "error": 0.0002318865592300724,
    "mean": 0.6654855378060568
  },
  "sqr_energy": {
    "variance": 0.005721802382718681,
    "error": 7.564259635098917e-5,
    "mean": 0.5370470330714435
  }
}
