{
  "energy": {
    "variance": 0.0015941582149395994,
    "error": 3.992691091155938e-5,
    "mean": -0.7861925637075193
  },
  "spin_stiffness": {
    "variance": 0.00814061514283232,
    "error": 9.022535753784697e-5,
    "mean": 0.7586416131112054
  },
  "sqr_energy": {
    "variance": 0.0038599373536262168,
    "error": 6.21283941014591e-5,
    "mean": 0.6196929038497833
  }
}
