{
  "energy": {
    "variance": 0.00442028494490034,
    "error": 6.648522350793701e-5,
    "mean": -0.6708025589486617
  },
  "spin_stiffness": {
    "variance": 0.11591929087674872,
    "error": 0.0003404692216291345,
    "mean": 0.5459954497301522
  },
  "sqr_energy": {
    "variance": 0.007646896625517814,
    "error": 8.744653581199094e-5,
    "mean": 0.4543963536166881
  }
}
