{
  "energy": {
    "variance": 0.005067419382138152,
    "error": 7.118580885357806e-5,
    "mean": -0.6544606634439445
  },
  "spin_stiffness": {
    "variance": 0.22123089285013356,
    "error": 0.000470351881945989,
    "mean": 0.4922298122918992
  },
  "sqr_energy": {
    "variance": 0.008334828776131373,
    "error": 9.129528342763043e-5,
    "mean": 0.4333861743102067
  }
}
