{
  "energy": {
    "variance": 0.0019942029534578314,
    "error": 4.4656499565660446e-5,
    "mean": -0.7634110413245047
  },
  "spin_stiffness": {
    "variance": 0.013101331929711186,
    "error": 0.00011446104983666359,
    "mean": 0.7254058719359606
  },
  "sqr_energy": {
    "variance": 0.004540403685913867,
    "error": 6.738251765787522e-5,
    "mean": 0.5847906189754194
  }
}
