{
  "energy": {
    "variance": 0.00238656831090598,
    "error": 4.885251591173151e-5,
    "mean": -0.7460157188757001
  },
  "spin_stiffness": {
    "variance": 0.030142049102134576,
    "error": 0.00017361465693349333,
    "mean": 0.6949041543758644
  },
  "sqr_energy": {
    "variance": 0.005165089899096811,
    "error": 7.186855987910716e-5,
    "mean": 0.558926018733965
  }
}
