{
  "energy": {
    "variance": 0.00023787462092330386,
    "error": 1.5423184526008366e-5,
    "mean": -0.9137845181802817
  },
  "spin_stiffness": {
    "variance": 0.00042393993146280784,
    "error": 2.058980163728655e-5,
    "mean": 0.9108449833933229
  },
  "sqr_energy": {
    "variance": 0.0007896139315256294,
    "error": 2.8100069955884972e-5,
    "mean": 0.8352400200490183
  }
}
