{
  "energy": {
    "variance": 0.004652398606637632,
    "error": 6.820849365465883e-5,
    "mean": -0.6629852711866715
  },
  "spin_stiffness": {
    "variance": 0.18539024703794005,
    "error": 0.0004305696773321828,
    "mean": 0.5223029189112203
  },
  "sqr_energy": {
    "variance": 0.007870468700504653,
    "error": 8.871566209246624e-5,
    "mean": 0.4442018637647032
  }
}
