{
  "energy": {
    "variance": 0.0016053405206294456,
    "error": 4.006670089525023e-5,
    "mean": -0.7852857781550211
  },
  "spin_stiffness": {
    "variance": 0.008077301306194492,
    "error": 8.987380767606596e-5,
    "mean": 0.7576923498595869
  },
  "sqr_energy": {
    "variance": 0.0038792405055378,
    "error": 6.228354923683941e-5,
    "mean": 0.6182790922878258
  }
}
