{
  "energy": {
    "variance": 0.003259412714436311,
    "error": 5.709126653382557e-5,
    "mean": -0.7118665166686072
  },
  "spin_stiffness": {
    "variance": 0.07973333911537527,
    "error": 0.00028237092469901223,
    "mean": 0.6281902530935618
  },
  "sqr_energy": {
    "variance": 0.006388761812646246,
    "error": 7.992973046774426e-5,
    "mean": 0.5100133470089201
  }
}
