{
  "energy": {
    "variance": 0.005112683966440287,
    "error": 7.150303466595168e-5,
    "mean": -0.6524674685629164
  },
  "spin_stiffness": {
    "variance": 0.272609989219316,
    "error": 0.0005221206653823578,
    "mean": 0.48203715194230445
  },
  "sqr_energy": {
    "variance": 0.008344884408846445,
    "error": 9.135033885457921e-5,
    "mean": 0.4308264763866565
  }
}
