{
  "energy": {
    "variance": 0.0013858508213671146,
    "error": 3.722701735792319e-5,
    "mean": -0.7992899589567767
  },
  "spin_stiffness": {
    "variance": 0.006434897516415147,
    "error": 8.021781296205443e-5,
    "mean": 0.7763165201321877
  },
  "sqr_energy": {
    "variance": 0.0034753492787706762,
    "error": 5.895209308218561e-5,
    "mean": 0.640250287924642
  }
}
