{
  "energy": {
    "variance": 0.0022301335874676423,
    "error": 4.722429022725108e-5,
    "mean": -0.7534848615966333
  },
  "spin_stiffness": {
    "variance": 0.0316139699954772,
    "error": 0.00017780317768666904,
    "mean": 0.7056596225587293
  },
  "sqr_energy": {
    "variance": 0.004927201909142675,
    "error": 7.019403043808409e-5,
    "mean": 0.5699695680126318
  }
}
