{
  "energy": {
    "variance": 0.00177574116432754,
    "error": 4.213954395016087e-5,
    "mean": -0.7754732010689055
  },
  "spin_stiffness": {
    "variance": 0.00993114133664201,
    "error": 9.965511194435542e-5,
    "mean": 0.7437323637784428
  },
  "sqr_energy": {
    "variance": 0.0041782952764265,
    "error": 6.463973450151617e-5,
    "mean": 0.6031344249646415
  }
}
