{
  "energy": {
    "variance": 0.005779923316599798,
    "error": 7.602580691186249e-5,
    "mean": -0.6300894035910951
  },
  "spin_stiffness": {
    "variance": 0.2883422918112751,
    "error": 0.0005369751314644608,
    "mean": 0.4328625190307108
  },
  "sqr_energy": {
    "variance": 0.008801167157126713,
    "error": 9.381453595859606e-5,
    "mean": 0.4027925740544585
  }
}
