{
  "energy": {
    "variance": 0.002677280750482233,
    "error": 5.174244631327585e-5,
    "mean": -0.733239414993374
  },
  "spin_stiffness": {
    "variance": 0.03038472942902665,
    "error": 0.0001743121608753292,
    "mean": 0.676107935620883
  },
  "sqr_energy": {
    "variance": 0.0055846036983394805,
    "error": 7.473020606380984e-5,
    "mean": 0.5403173177730268
  }
}
