{
  "energy": {
    "variance": 0.001824885001914368,
    "error": 4.271867275459723e-5,
    "mean": -0.7732109988208327
  },
  "spin_stiffness": {
    "variance": 0.010931537317673016,
    "error": 0.00010455399235645196,
    "mean": 0.7399618162526002
  },
  "sqr_energy": {
    "variance": 0.004265485034847239,
    "error": 6.531068086344865e-5,
    "mean": 0.5996801318745392
  }
}
