{
  "energy": {
    "variance": 0.0017228502789038067,
    "error": 4.1507231645868734e-5,
    "mean": -0.7787959967767827
  },
  "spin_stiffness": {
    "variance": 0.009772233033736751,
    "error": 9.885460552618047e-5,
    "mean": 0.7482150386852267
  },
  "sqr_energy": {
    "variance": 0.004088717278585413,
    "error": 6.39430784259361e-5,
    "mean": 0.6082460531515962
  }
}
