{
  "energy": {
    "variance": 0.00542376618514089,
    "error": 7.36462231559833e-5,
    "mean": -0.6394924857641996
  },
  "spin_stiffness": {
    "variance": 0.18452799131499772,
    "error": 0.00042956721396656626,
    "mean": 0.4688502476870204
  },
  "sqr_energy": {
    "variance": 0.008519049660486507,
    "error": 9.229869804329044e-5,
    "mean": 0.41437440011024984
  }
}
