{
  "energy": {
    "variance": 0.002264509923726801,
    "error": 4.758686713502793e-5,
    "mean": -0.7520352578267797
  },
  "spin_stiffness": {
    "variance": 0.022113646801754552,
    "error": 0.00014870657955098877,
    "mean": 0.7064744094153984
  },
  "sqr_energy": {
    "variance": 0.004983799531744529,
    "error": 7.059603056648816e-5,
    "mean": 0.5678215366738079
  }
}
