{
  "energy": {
    "variance": 0.004552268364397879,
    "error": 6.7470499956632e-5,
    "mean": -0.6678915924267286
  },
  "spin_stiffness": {
    "variance": 0.13343311233794752,
    "error": 0.00036528497414751066,
    "mean": 0.5373108675336177
  },
  "sqr_energy": {
    "variance": 0.007807251563853251,
    "error": 8.835865302194942e-5,
    "mean": 0.4506314430464408
  }
}
