{
  "energy": {
    "variance": 0.003760517828539391,
    "error": 6.132306114782097e-5,
    "mean": -0.6960766356888297
  },
  "spin_stiffness": {
    "variance": 0.0861472126531502,
    "error": 0.0002935084541425514,
    "mean": 0.5971570561083618
  },
  "sqr_energy": {
    "variance": 0.007013852620046418,
    "error": 8.37487469759782e-5,
    "mean": 0.4882831968199012
  }
}
