{
  "energy": {
    "variance": 0.005446957580138587,
    "error": 7.380350655719949e-5,
    "mean": -0.645362547060301
  },
  "spin_stiffness": {
    "variance": 0.25882693292812314,
    "error": 0.0005087503640569933,
    "mean": 0.4690458848936902
  },
  "sqr_energy": {
    "variance": 0.0086610833965809,
    "error": 9.306494182333593e-5,
    "mean": 0.4219397692813403
  }
}
