{
  "energy": {
    "variance": 0.002845047458793087,
    "error": 5.333898629326477e-5,
    "mean": -0.726218980145406
  },
  "spin_stiffness": {
    "variance": 0.04219278148580571,
    "error": 0.0002054088155016861,
    "mean": 0.6611191339312553
  },
  "sqr_energy": {
    "variance": 0.0058209479039944756,
    "error": 7.629513683056396e-5,
    "mean": 0.5302390517371791
  }
}
