{
  "energy": {
    "variance": 0.002502239114131241,
    "error": 5.002238612992428e-5,
    "mean": -0.7413127108488888
  },
  "spin_stiffness": {
    "variance": 0.03243433424258823,
    "error": 0.00018009534764282012,
    "mean": 0.6873831320637853
  },
  "sqr_energy": {
    "variance": 0.005340781903749122,
    "error": 7.3080653416271e-5,
    "mean": 0.5520467718780205
  }
}
