{
  "energy": {
    "variance": 0.0017940537221269287,
    "error": 4.235627134353222e-5,
    "mean": -0.7744484475134025
  },
  "spin_stiffness": {
    "variance": 0.010068908145989656,
    "error": 0.00010034394922460275,
    "mean": 0.742304439396028
  },
  "sqr_energy": {
    "variance": 0.0042091513731236825,
    "error": 6.487797294246856e-5,
    "mean": 0.6015644497839925
  }
}
