{
  "energy": {
    "variance": 0.001677179761918722,
    "error": 4.0953385231488764e-5,
    "mean": -0.781097543257824
  },
  "spin_stiffness": {
    "variance": 0.008475686064824387,
    "error": 9.206348931484395e-5,
    "mean": 0.7519857836792777
  },
  "sqr_energy": {
    "variance": 0.004007349389455426,
    "error": 6.33036285646836e-5,
    "mean": 0.6117905501681473
  }
}
