{
  "energy": {
    "variance": 0.002451570018296063,
    "error": 4.9513331722840696e-5,
    "mean": -0.7429442287212357
  },
  "spin_stiffness": {
    "variance": 0.029118556449667616,
    "error": 0.00017064160234147948,
    "mean": 0.6913134217684569
  },
  "sqr_energy": {
    "variance": 0.005259809478654888,
    "error": 7.252454397412567e-5,
    "mean": 0.5544176945569178
  }
}
