{
  "energy": {
    "variance": 0.002643056125441702,
    "error": 5.1410661593114146e-5,
    "mean": -0.7348842599069514
  },
  "spin_stiffness": {
    "variance": 0.029381987299291347,
    "error": 0.00017141174784503934,
    "mean": 0.6791861760351192
  },
  "sqr_energy": {
    "variance": 0.005542806033533893,
    "error": 7.445002373091558e-5,
    "mean": 0.542697928941373
  }
}
