{
  "energy": {
    "variance": 0.006421540275013746,
    "error": 8.01345136318537e-5,
    "mean": -0.38256725846105
  },
  "spin_stiffness": {
    "variance": 0.29202459412682846,
    "error": 0.00054039299970191,
    "mean": 0.03145296392104168
  },
  "sqr_energy": {
    "variance": 0.003974896845338763,
    "error": 6.304678298960831e-5,
    "mean": 0.15277924109987728
  }
}
