{
  "energy": {
    "variance": 0.0029006286767420688,
    "error": 5.385748487204048e-5,
    "mean": -0.7242250324639299
  },
  "spin_stiffness": {
    "variance": 0.039361858336324135,
    "error": 0.00019839823168648488,
    "mean": 0.6587398979993365
  },
  "sqr_energy": {
    "variance": 0.005900374781779589,
    "error": 7.68138970615317e-5,
    "mean": 0.5274025234234936
  }
}
