{
  "energy": {
    "variance": 0.001738473045694431,
    "error": 4.1695000248164424e-5,
    "mean": -0.7778125327814345
  },
  "spin_stiffness": {
    "variance": 0.009582521531871814,
    "error": 9.789035464166944e-5,
    "mean": 0.7471316965135061
  },
  "sqr_energy": {
    "variance": 0.004115698219742511,
    "error": 6.41537077630164e-5,
    "mean": 0.6067308074590912
  }
}
