{
  "energy": {
    "variance": 0.002140765455256529,
    "error": 4.6268406664337694e-5,
    "mean": -0.7566701801971828
  },
  "spin_stiffness": {
    "variance": 0.01594499612843304,
    "error": 0.0001262734973319146,
    "mean": 0.7148012682144558
  },
  "sqr_energy": {
    "variance": 0.00477963853589448,
    "error": 6.913492992615586e-5,
    "mean": 0.574690524914128
  }
}
