{
  "energy": {
    "variance": 0.0033245499931173657,
    "error": 5.7658910786775754e-5,
    "mean": -0.7081645856539632
  },
  "spin_stiffness": {
    "variance": 0.06488660509059176,
    "error": 0.00025472849289114036,
    "mean": 0.6250419153686321
  },
  "sqr_energy": {
    "variance": 0.006450807357524495,
    "error": 8.031691825216213e-5,
    "mean": 0.5048216270430167
  }
}
