{
  "energy": {
    "variance": 0.0018483484378895069,
    "error": 4.299242302882575e-5,
    "mean": -0.7710002367205568
  },
  "spin_stiffness": {
    "variance": 0.011295993361299873,
    "error": 0.00010628261081333989,
    "mean": 0.7369102653929912
  },
  "sqr_energy": {
    "variance": 0.004296815398898925,
    "error": 6.555009838969675e-5,
    "mean": 0.5962897116126956
  }
}
