{
  "energy": {
    "variance": 0.0026069941624593815,
    "error": 5.105873247995275e-5,
    "mean": -0.7364913450444759
  },
  "spin_stiffness": {
    "variance": 0.029070252055017776,
    "error": 0.000170500006026445,
    "mean": 0.6819559555478393
  },
  "sqr_energy": {
    "variance": 0.005489655561224518,
    "error": 7.409220985518327e-5,
    "mean": 0.5450264928808864
  }
}
