{
  "energy": {
    "variance": 0.005194512276483975,
    "error": 7.207296494861285e-5,
    "mean": -0.6497451873171939
  },
  "spin_stiffness": {
    "variance": 0.21184337228402816,
    "error": 0.0004602644590711172,
    "mean": 0.48943157895634515
  },
  "sqr_energy": {
    "variance": 0.00840349658924384,
    "error": 9.167058737263463e-5,
    "mean": 0.4273633155238271
  }
}
