{
  "energy": {
    "variance": 0.006232742350172429,
    "error": 7.894771909417288e-5,
    "mean": -0.6184225629540635
  },
  "spin_stiffness": {
    "variance": 0.2547955453450553,
    "error": 0.000504772766049294,
    "mean": 0.4145313378573722
  },
  "sqr_energy": {
    "variance": 0.00914578573103398,
    "error": 9.563360147476398e-5,
    "mean": 0.38867920248810284
  }
}
