{
  "energy": {
    "variance": 0.004031678941052312,
    "error": 6.349550331363876e-5,
    "mean": -0.6837747787634013
  },
  "spin_stiffness": {
    "variance": 0.10439534853227586,
    "error": 0.00032310269038229297,
    "mean": 0.572038572951378
  },
  "sqr_energy": {
    "variance": 0.007271709138137696,
    "error": 8.527431699015652e-5,
    "mean": 0.471579622982312
  }
}
