{
  "energy": {
    "variance": 0.003128312616040001,
    "error": 5.593132052830508e-5,
    "mean": -0.7146370977676598
  },
  "spin_stiffness": {
    "variance": 0.050666265579870584,
    "error": 0.00022509168260926609,
    "mean": 0.6408430013952428
  },
  "sqr_energy": {
    "variance": 0.00619502899041074,
    "error": 7.870850646792087e-5,
    "mean": 0.5138344909935111
  }
}
