{
  "energy": {
    "variance": 0.0020528388034050586,
    "error": 4.530826418441848e-5,
    "mean": -0.7608574775018787
  },
  "spin_stiffness": {
    "variance": 0.014736245672044759,
    "error": 0.00012139293913586885,
    "mean": 0.7212801357631409
  },
  "sqr_energy": {
    "variance": 0.004637309185667483,
    "error": 6.809779134206544e-5,
    "mean": 0.5809569378210883
  }
}
