{
  "energy": {
    "variance": 0.001540517280690769,
    "error": 3.924942395361707e-5,
    "mean": -0.7892999988697575
  },
  "spin_stiffness": {
    "variance": 0.007538230678177884,
    "error": 8.682298473433105e-5,
    "mean": 0.7632868187275675
  },
  "sqr_energy": {
    "variance": 0.0037622573888350243,
    "error": 6.133724308146743e-5,
    "mean": 0.6245350039559726
  }
}
