{
  "energy": {
    "variance": 0.005400294598034796,
    "error": 7.348669674189197e-5,
    "mean": -0.6432801582079734
  },
  "spin_stiffness": {
    "variance": 0.1823500008314476,
    "error": 0.00042702459042945947,
    "mean": 0.478765264047044
  },
  "sqr_energy": {
    "variance": 0.008541676684372234,
    "error": 9.242119174936144e-5,
    "mean": 0.4192096511418154
  }
}
