{
  "energy": {
    "variance": 0.000578518824029448,
    "error": 2.4052418257411205e-5,
    "mean": -0.8669098117029881
  },
  "spin_stiffness": {
    "variance": 0.0013690705450987875,
    "error": 3.7000953299864956e-5,
    "mean": 0.8591932805946746
  },
  "sqr_energy": {
    "variance": 0.0017216902909653906,
    "error": 4.149325596968007e-5,
    "mean": 0.752111139872421
  }
}
