{
  "energy": {
    "variance": 0.0012635437943282033,
    "error": 3.554636119672734e-5,
    "mean": -0.8075935903748666
  },
  "spin_stiffness": {
    "variance": 0.0049807460201083805,
    "error": 7.057440060041871e-5,
    "mean": 0.7874351711856598
  },
  "sqr_energy": {
    "variance": 0.0032388445029965626,
    "error": 5.691084697135128e-5,
    "mean": 0.6534709497453519
  }
}
