{
  "energy": {
    "variance": 0.006318466975895715,
    "error": 7.948878522090846e-5,
    "mean": -0.6106107887570318
  },
  "spin_stiffness": {
    "variance": 0.406933953019863,
    "error": 0.0006379137504552343,
    "mean": 0.3858229012819645
  },
  "sqr_energy": {
    "variance": 0.009095974443514251,
    "error": 9.537281815860455e-5,
    "mean": 0.3791639960039133
  }
}
