{
  "energy": {
    "variance": 0.0015555907948195348,
    "error": 3.9440978624009e-5,
    "mean": -0.7882627191920468
  },
  "spin_stiffness": {
    "variance": 0.007714314353714558,
    "error": 8.78311696023374e-5,
    "mean": 0.7617668951062413
  },
  "sqr_energy": {
    "variance": 0.0037894607067109664,
    "error": 6.15585957175029e-5,
    "mean": 0.6229137037072684
  }
}
