{
  "energy": {
    "variance": 0.0018942977451519472,
    "error": 4.3523530936172295e-5,
    "mean": -0.7686211192715539
  },
  "spin_stiffness": {
    "variance": 0.011542155186972814,
    "error": 0.00010743442272834539,
    "mean": 0.7336429047469136
  },
  "sqr_energy": {
    "variance": 0.004375466792697174,
    "error": 6.614731130361365e-5,
    "mean": 0.5926727208411104
  }
}
