{
  "energy": {
    "variance": 0.0021646479346088075,
    "error": 4.6525777098387164e-5,
    "mean": -0.7553888199909237
  },
  "spin_stiffness": {
    "variance": 0.01643108987473481,
    "error": 0.00012818381284208553,
    "mean": 0.7125428310770303
  },
  "sqr_energy": {
    "variance": 0.00481780513102307,
    "error": 6.941041082592057e-5,
    "mean": 0.5727769151372408
  }
}
