{
  "energy": {
    "variance": 0.002770731049907565,
    "error": 5.263773408789141e-5,
    "mean": -0.7295005886641751
  },
  "spin_stiffness": {
    "variance": 0.037282748623713266,
    "error": 0.00019308741187274033,
    "mean": 0.6680105445985759
  },
  "sqr_energy": {
    "variance": 0.005724615756449395,
    "error": 7.566119055664797e-5,
    "mean": 0.5349418371405545
  }
}
