{
  "energy": {
    "variance": 0.004295999647469383,
    "error": 6.554387574342383e-5,
    "mean": -0.6788937655076436
  },
  "spin_stiffness": {
    "variance": 0.11274792038028858,
    "error": 0.00033577957111814976,
    "mean": 0.563801562685142
  },
  "sqr_energy": {
    "variance": 0.007584487010470539,
    "error": 8.708896032489158e-5,
    "mean": 0.4651927401966171
  }
}
