{
  "energy": {
    "variance": 0.0025831599612967174,
    "error": 5.0824796716727924e-5,
    "mean": -0.7381174274151201
  },
  "spin_stiffness": {
    "variance": 0.03200345474546403,
    "error": 0.00017889509424649978,
    "mean": 0.6833394376724359
  },
  "sqr_energy": {
    "variance": 0.005458656385761284,
    "error": 7.388272048159356e-5,
    "mean": 0.5474004940320519
  }
}
