{
  "energy": {
    "variance": 0.0021813777752737427,
    "error": 4.6705222141359555e-5,
    "mean": -0.7549407188227206
  },
  "spin_stiffness": {
    "variance": 0.016913806316537976,
    "error": 0.0001300530903767303,
    "mean": 0.7118385626686343
  },
  "sqr_energy": {
    "variance": 0.0048459470179642574,
    "error": 6.961283658898161e-5,
    "mean": 0.572116864530462
  }
}
