{
  "energy": {
    "variance": 0.0030151841388627826,
    "error": 5.491069239103422e-5,
    "mean": -0.7187110593133454
  },
  "spin_stiffness": {
    "variance": 0.046807027168233505,
    "error": 0.00021634931746653026,
    "mean": 0.6486551447749771
  },
  "sqr_energy": {
    "variance": 0.006041181939199872,
    "error": 7.772504061883708e-5,
    "mean": 0.5195607679029897
  }
}
