{
  "energy": {
    "variance": 0.0024010211239952426,
    "error": 4.900021555049776e-5,
    "mean": -0.7447337231191946
  },
  "spin_stiffness": {
    "variance": 0.0259079001346596,
    "error": 0.00016095931204704994,
    "mean": 0.6949391198454231
  },
  "sqr_energy": {
    "variance": 0.005178218052641664,
    "error": 7.195983638559543e-5,
    "mean": 0.5570293370739514
  }
}
