{
  "energy": {
    "variance": 0.005670587348936223,
    "error": 7.530330237736075e-5,
    "mean": -0.6334047352169412
  },
  "spin_stiffness": {
    "variance": 0.24676721850021818,
    "error": 0.0004967566995020985,
    "mean": 0.45314788057372835
  },
  "sqr_energy": {
    "variance": 0.008725735978986175,
    "error": 9.341164798346176e-5,
    "mean": 0.4068721402735924
  }
}
