{
  "energy": {
    "variance": 0.001155144726048165,
    "error": 3.3987420114627194e-5,
    "mean": -0.8152915523842688
  },
  "spin_stiffness": {
    "variance": 0.0041582572758615865,
    "error": 6.44845506758137e-5,
    "mean": 0.7974417002344136
  },
  "sqr_energy": {
    "variance": 0.003021436326319826,
    "error": 5.4967593419394174e-5,
    "mean": 0.6658554589600542
  }
}
