{
  "energy": {
    "variance": 0.004426962909085851,
    "error": 6.653542597057489e-5,
    "mean": -0.6733079339007145
  },
  "spin_stiffness": {
    "variance": 0.1092066618253429,
    "error": 0.00033046431248372784,
    "mean": 0.5510990633462531
  },
  "sqr_energy": {
    "variance": 0.007701242365502828,
    "error": 8.775672262284427e-5,
    "mean": 0.4577705323357718
  }
}
