{
  "energy": {
    "variance": 0.004537232112301258,
    "error": 6.735897944818685e-5,
    "mean": -0.6651906770065436
  },
  "spin_stiffness": {
    "variance": 0.14623570377133716,
    "error": 0.0003824077715885716,
    "mean": 0.5301004045167429
  },
  "sqr_energy": {
    "variance": 0.00773209154254469,
    "error": 8.793231227793734e-5,
    "mean": 0.44701586435149276
  }
}
