{
  "energy": {
    "variance": 0.001876099813947635,
    "error": 4.331396788505568e-5,
    "mean": -0.7697742779970704
  },
  "spin_stiffness": {
    "variance": 0.010924767753397782,
    "error": 0.0001045216138097656,
    "mean": 0.7357477970087111
  },
  "sqr_energy": {
    "variance": 0.004345044876145923,
    "error": 6.591695439070228e-5,
    "mean": 0.594428537003759
  }
}
