{
  "energy": {
    "variance": 0.004772619910020915,
    "error": 6.908415093218498e-5,
    "mean": -0.6594784701059471
  },
  "spin_stiffness": {
    "variance": 0.1360989278437003,
    "error": 0.00036891588179922575,
    "mean": 0.5190691632513398
  },
  "sqr_energy": {
    "variance": 0.007984826603655189,
    "error": 8.935785697774532e-5,
    "mean": 0.4396844676706816
  }
}
