{
  "energy": {
    "variance": 0.0015707855422900608,
    "error": 3.963313692215216e-5,
    "mean": -0.7873468638123313
  },
  "spin_stiffness": {
    "variance": 0.0076663756822029205,
    "error": 8.755784192294212e-5,
    "mean": 0.760623199905825
  },
  "sqr_energy": {
    "variance": 0.0038173241645277998,
    "error": 6.178449776867818e-5,
    "mean": 0.6214858679266184
  }
}
