{
  "energy": {
    "variance": 0.0029784671297763046,
    "error": 5.457533444493313e-5,
    "mean": -0.7222749084777145
  },
  "spin_stiffness": {
    "variance": 0.04436003884485954,
    "error": 0.0002106182300867129,
    "mean": 0.6546651245989571
  },
  "sqr_energy": {
    "variance": 0.006009210941326089,
    "error": 7.751910049353056e-5,
    "mean": 0.5246595075678
  }
}
