{
  "energy": {
    "variance": 0.0023810182085051913,
    "error": 4.8795678174457126e-5,
    "mean": -0.747460869088193
  },
  "spin_stiffness": {
    "variance": 0.0409875137003779,
    "error": 0.0002024537322461058,
    "mean": 0.6947883721112434
  },
  "sqr_energy": {
    "variance": 0.005165517320021571,
    "error": 7.18715334469884e-5,
    "mean": 0.5610787666455637
  }
}
