{
  "energy": {
    "variance": 0.0031239753318180975,
    "error": 5.5892533775255685e-5,
    "mean": -0.7160612790385467
  },
  "spin_stiffness": {
    "variance": 0.0627847787083058,
    "error": 0.0002505689100992096,
    "mean": 0.6390162456899834
  },
  "sqr_energy": {
    "variance": 0.006202245997376797,
    "error": 7.875433954631832e-5,
    "mean": 0.5158677275461622
  }
}
