{
  "energy": {
    "variance": 0.007830534204909964,
    "error": 8.849030571147308e-5,
    "mean": -0.521238501851867
  },
  "spin_stiffness": {
    "variance": 0.3492770071800674,
    "error": 0.0005909966219700984,
    "mean": 0.21743784892341955
  },
  "sqr_energy": {
    "variance": 0.0085368658521452,
    "error": 9.239516141089424e-5,
    "mean": 0.27952010218715456
  }
}
