{
  "energy": {
    "variance": 0.003861467661494236,
    "error": 6.214070856929647e-5,
    "mean": -0.6926540350147723
  },
  "spin_stiffness": {
    "variance": 0.1237257052644311,
    "error": 0.0003517466492582852,
    "mean": 0.5817281906832916
  },
  "sqr_energy": {
    "variance": 0.007127625623157503,
    "error": 8.442526649740293e-5,
    "mean": 0.48363107602227207
  }
}
