{
  "energy": {
    "variance": 0.0025152608714570954,
    "error": 5.015237652850656e-5,
    "mean": -0.739850861019878
  },
  "spin_stiffness": {
    "variance": 0.024212332314467986,
    "error": 0.0001556031243724495,
    "mean": 0.6880746996248007
  },
  "sqr_energy": {
    "variance": 0.0053501475983475984,
    "error": 7.314470314621283e-5,
    "mean": 0.5498945549080512
  }
}
