{
  "energy": {
    "variance": 0.0021001936239351737,
    "error": 4.582786951119563e-5,
    "mean": -0.7581847051992241
  },
  "spin_stiffness": {
    "variance": 0.01568093712477883,
    "error": 0.00012522354860320333,
    "mean": 0.7170784031417282
  },
  "sqr_energy": {
    "variance": 0.004710294133853181,
    "error": 6.86315826267556e-5,
    "mean": 0.5769442387217758
  }
}
