{
  "energy": {
    "variance": 0.004361164869881561,
    "error": 6.603911621063353e-5,
    "mean": -0.6759054020268641
  },
  "spin_stiffness": {
    "variance": 0.33794134605576653,
    "error": 0.0005813272280357824,
    "mean": 0.5330837707504362
  },
  "sqr_energy": {
    "variance": 0.007648630532369015,
    "error": 8.745644934691218e-5,
    "mean": 0.4612092729978134
  }
}
