{
  "energy": {
    "variance": 0.00581609646733461,
    "error": 7.626333632443975e-5,
    "mean": -0.34443249359852834
  },
  "spin_stiffness": {
    "variance": 0.24319697860121292,
    "error": 0.0004931500568804722,
    "mean": 0.014264408952812715
  },
  "sqr_energy": {
    "variance": 0.0029338124973272883,
    "error": 5.416467942605484e-5,
    "mean": 0.12444983329773839
  }
}
