{
  "energy": {
    "variance": 0.00197413973013654,
    "error": 4.443129224022794e-5,
    "mean": -0.7647395647392091
  },
  "spin_stiffness": {
    "variance": 0.01328358930681845,
    "error": 0.00011525445460726648,
    "mean": 0.7271826175511867
  },
  "sqr_energy": {
    "variance": 0.004509179873035699,
    "error": 6.715042719920477e-5,
    "mean": 0.5868007396335118
  }
}
