{
  "energy": {
    "variance": 0.002080265151971987,
    "error": 4.560992383212218e-5,
    "mean": -0.7595890383672388
  },
  "spin_stiffness": {
    "variance": 0.01528568370914594,
    "error": 0.00012363528504899375,
    "mean": 0.7193276660273108
  },
  "sqr_energy": {
    "variance": 0.004683185977416251,
    "error": 6.843380726962551e-5,
    "mean": 0.5790557702793735
  }
}
