{
  "energy": {
    "variance": 0.003939729007566065,
    "error": 6.276726063455427e-5,
    "mean": -0.6869376611632662
  },
  "spin_stiffness": {
    "variance": 0.08478679670295831,
    "error": 0.00029118172453462517,
    "mean": 0.5814858707232023
  },
  "sqr_energy": {
    "variance": 0.007168137287215795,
    "error": 8.466485272659367e-5,
    "mean": 0.47582307539229524
  }
}
