{
  "energy": {
    "variance": 0.006087615004054175,
    "error": 7.802316966167278e-5,
    "mean": -0.6248317315622225
  },
  "spin_stiffness": {
    "variance": 0.35627442386924146,
    "error": 0.0005968872790311765,
    "mean": 0.4215982713952347
  },
  "sqr_energy": {
    "variance": 0.009068508260687093,
    "error": 9.522871552576509e-5,
    "mean": 0.39650230168348444
  }
}
