{
  "energy": {
    "variance": 0.001634213250154977,
    "error": 4.042540352494922e-5,
    "mean": -0.7841583458845381
  },
  "spin_stiffness": {
    "variance": 0.008684628392869011,
    "error": 9.319135363792615e-5,
    "mean": 0.7557758081118313
  },
  "sqr_energy": {
    "variance": 0.003935671265437875,
    "error": 6.273492859195645e-5,
    "mean": 0.6165385230363167
  }
}
