{
  "energy": {
    "variance": 0.003497083536983861,
    "error": 5.913614408281843e-5,
    "mean": -0.7032201498939817
  },
  "spin_stiffness": {
    "variance": 0.10616501768370587,
    "error": 0.00032582973726120497,
    "mean": 0.6068813485886068
  },
  "sqr_energy": {
    "variance": 0.006683748306534272,
    "error": 8.175419442777399e-5,
    "mean": 0.4980156592568145
  }
}
