{
  "energy": {
    "variance": 0.0030101244103417253,
    "error": 5.486460070338365e-5,
    "mean": -0.7203595893685827
  },
  "spin_stiffness": {
    "variance": 0.05206424699704372,
    "error": 0.00022817591239445876,
    "mean": 0.6492306858594878
  },
  "sqr_energy": {
    "variance": 0.00604909906870748,
    "error": 7.777595430920458e-5,
    "mean": 0.5219280593954905
  }
}
