{
  "energy": {
    "variance": 0.0075088503661931765,
    "error": 8.665362292595259e-5,
    "mean": -0.4708129152023002
  },
  "spin_stiffness": {
    "variance": 0.3341728746272304,
    "error": 0.0005780768760530301,
    "mean": 0.12915354078612926
  },
  "sqr_energy": {
    "variance": 0.00688619430379499,
    "error": 8.298309649437643e-5,
    "mean": 0.22917364397863108
  }
}
