{
  "energy": {
    "variance": 0.003414512141264098,
    "error": 5.8433827029077066e-5,
    "mean": -0.70587045847665
  },
  "spin_stiffness": {
    "variance": 0.0684466306040809,
    "error": 0.0002616230697092306,
    "mean": 0.6199932547812634
  },
  "sqr_energy": {
    "variance": 0.00657211918069537,
    "error": 8.106860786207796e-5,
    "mean": 0.5016676128767878
  }
}
