{
  "energy": {
    "variance": 0.001654173536014435,
    "error": 4.067153225555235e-5,
    "mean": -0.7821295938954367
  },
  "spin_stiffness": {
    "variance": 0.00859902092059902,
    "error": 9.273090596235443e-5,
    "mean": 0.7532054056138312
  },
  "sqr_energy": {
    "variance": 0.0039649873824076105,
    "error": 6.296814577552376e-5,
    "mean": 0.6133808735288817
  }
}
