{
  "energy": {
    "variance": 0.002278568446258634,
    "error": 4.7734352894520674e-5,
    "mean": -0.7507817804985195
  },
  "spin_stiffness": {
    "variance": 0.022630902152875623,
    "error": 0.00015043570770556977,
    "mean": 0.704270562976722
  },
  "sqr_energy": {
    "variance": 0.005001664595336983,
    "error": 7.072244760567173e-5,
    "mean": 0.5659518480962172
  }
}
