{
  "energy": {
    "variance": 0.004011664813819038,
    "error": 6.333770451965432e-5,
    "mean": -0.6879841210291362
  },
  "spin_stiffness": {
    "variance": 0.13850504308924802,
    "error": 0.00037216265676347487,
    "mean": 0.5735092517927889
  },
  "sqr_energy": {
    "variance": 0.007304380043454318,
    "error": 8.54656658749835e-5,
    "mean": 0.4773338115903874
  }
}
