{
  "energy": {
    "variance": 0.0016962537794579912,
    "error": 4.1185601603691444e-5,
    "mean": -0.7799442810578162
  },
  "spin_stiffness": {
    "variance": 0.009064788721667376,
    "error": 9.520918401954391e-5,
    "mean": 0.7501149467352082
  },
  "sqr_energy": {
    "variance": 0.004039809660663521,
    "error": 6.355949701392799e-5,
    "mean": 0.6100093336379979
  }
}
