{
  "energy": {
    "variance": 0.0070392465706376325,
    "error": 8.390021794153834e-5,
    "mean": -0.5704706474753136
  },
  "spin_stiffness": {
    "variance": 0.32007620805295267,
    "error": 0.0005657527799781038,
    "mean": 0.31366867338073917
  },
  "sqr_energy": {
    "variance": 0.008997229254781667,
    "error": 9.485372557143798e-5,
    "mean": 0.33247599916229464
  }
}
